surface,scenario,tolerance,scope,comparator,metric,targeted_minus_comparator,lower,upper,n_pairs
linear,bridgeable,0.2,cell,rinf_targeted,released,1,1,1,200
linear,bridgeable,0.2,cell,rinf_targeted,new_n,-180.96,-184.8,-176.64,200
linear,bridgeable,0.2,cell,rinf_targeted,bad_release,0,0,0,200
linear,bridgeable,0.2,cell,r2_random,released,0.11,0.07,0.155,200
linear,bridgeable,0.2,cell,r2_random,new_n,-101.28,-110.88,-91.2,200
linear,bridgeable,0.2,cell,r2_random,bad_release,0,0,0,200
linear,bridgeable,0.2,cell,r2_nearest,released,1,1,1,200
linear,bridgeable,0.2,cell,r2_nearest,new_n,-180.96,-184.8,-176.64,200
linear,bridgeable,0.2,cell,r2_nearest,bad_release,0,0,0,200
linear,bridgeable,0.2,cell,r2_static,released,1,1,1,200
linear,bridgeable,0.2,cell,r2_static,new_n,107.04,103.2,111.36,200
linear,bridgeable,0.2,cell,r2_static,bad_release,0,0,0,200
linear,bridgeable,0.2,cell,target_only,released,0,0,0,200
linear,bridgeable,0.2,cell,target_only,new_n,-180.96,-185.28,-176.64,200
linear,bridgeable,0.2,cell,target_only,bad_release,0,0,0,200
linear,bridgeable,0.3,cell,rinf_targeted,released,0,0,0,200
linear,bridgeable,0.3,cell,rinf_targeted,new_n,0,0,0,200
linear,bridgeable,0.3,cell,rinf_targeted,bad_release,0,0,0,200
linear,bridgeable,0.3,cell,r2_random,released,0,0,0,200
linear,bridgeable,0.3,cell,r2_random,new_n,-36.96,-44.64,-29.76,200
linear,bridgeable,0.3,cell,r2_random,bad_release,0,0,0,200
linear,bridgeable,0.3,cell,r2_nearest,released,0,0,0,200
linear,bridgeable,0.3,cell,r2_nearest,new_n,-148.32,-155.04,-142.08,200
linear,bridgeable,0.3,cell,r2_nearest,bad_release,0,0,0,200
linear,bridgeable,0.3,cell,r2_static,released,1,1,1,200
linear,bridgeable,0.3,cell,r2_static,new_n,96,96,96,200
linear,bridgeable,0.3,cell,r2_static,bad_release,0,0,0,200
linear,bridgeable,0.3,cell,target_only,released,0,0,0,200
linear,bridgeable,0.3,cell,target_only,new_n,0,0,0,200
linear,bridgeable,0.3,cell,target_only,bad_release,0,0,0,200
linear,supported,0.2,cell,rinf_targeted,released,0,0,0,200
linear,supported,0.2,cell,rinf_targeted,new_n,0,0,0,200
linear,supported,0.2,cell,rinf_targeted,bad_release,0,0,0,200
linear,supported,0.2,cell,r2_random,released,0,0,0,200
linear,supported,0.2,cell,r2_random,new_n,0,0,0,200
linear,supported,0.2,cell,r2_random,bad_release,0,0,0,200
linear,supported,0.2,cell,r2_nearest,released,0,0,0,200
linear,supported,0.2,cell,r2_nearest,new_n,0,0,0,200
linear,supported,0.2,cell,r2_nearest,bad_release,0,0,0,200
linear,supported,0.2,cell,r2_static,released,0,0,0,200
linear,supported,0.2,cell,r2_static,new_n,0,0,0,200
linear,supported,0.2,cell,r2_static,bad_release,0,0,0,200
linear,supported,0.2,cell,target_only,released,0,0,0,200
linear,supported,0.2,cell,target_only,new_n,-288,-288,-288,200
linear,supported,0.2,cell,target_only,bad_release,0,0,0,200
linear,supported,0.3,cell,rinf_targeted,released,0,0,0,200
linear,supported,0.3,cell,rinf_targeted,new_n,0,0,0,200
linear,supported,0.3,cell,rinf_targeted,bad_release,0,0,0,200
linear,supported,0.3,cell,r2_random,released,0,0,0,200
linear,supported,0.3,cell,r2_random,new_n,0,0,0,200
linear,supported,0.3,cell,r2_random,bad_release,0,0,0,200
linear,supported,0.3,cell,r2_nearest,released,0,0,0,200
linear,supported,0.3,cell,r2_nearest,new_n,0,0,0,200
linear,supported,0.3,cell,r2_nearest,bad_release,0,0,0,200
linear,supported,0.3,cell,r2_static,released,0,0,0,200
linear,supported,0.3,cell,r2_static,new_n,0,0,0,200
linear,supported,0.3,cell,r2_static,bad_release,0,0,0,200
linear,supported,0.3,cell,target_only,released,0,0,0,200
linear,supported,0.3,cell,target_only,new_n,-96,-96,-96,200
linear,supported,0.3,cell,target_only,bad_release,-0.005,-0.02,0,200
linear,unreachable,0.2,cell,rinf_targeted,released,0,0,0,200
linear,unreachable,0.2,cell,rinf_targeted,new_n,0,0,0,200
linear,unreachable,0.2,cell,rinf_targeted,bad_release,0,0,0,200
linear,unreachable,0.2,cell,r2_random,released,0,0,0,200
linear,unreachable,0.2,cell,r2_random,new_n,0,0,0,200
linear,unreachable,0.2,cell,r2_random,bad_release,0,0,0,200
linear,unreachable,0.2,cell,r2_nearest,released,0,0,0,200
linear,unreachable,0.2,cell,r2_nearest,new_n,0,0,0,200
linear,unreachable,0.2,cell,r2_nearest,bad_release,0,0,0,200
linear,unreachable,0.2,cell,r2_static,released,0,0,0,200
linear,unreachable,0.2,cell,r2_static,new_n,288,288,288,200
linear,unreachable,0.2,cell,r2_static,bad_release,0,0,0,200
linear,unreachable,0.2,cell,target_only,released,-1,-1,-1,200
linear,unreachable,0.2,cell,target_only,new_n,0,0,0,200
linear,unreachable,0.2,cell,target_only,bad_release,0,0,0,200
linear,unreachable,0.3,cell,rinf_targeted,released,0,0,0,200
linear,unreachable,0.3,cell,rinf_targeted,new_n,0,0,0,200
linear,unreachable,0.3,cell,rinf_targeted,bad_release,0,0,0,200
linear,unreachable,0.3,cell,r2_random,released,0,0,0,200
linear,unreachable,0.3,cell,r2_random,new_n,0,0,0,200
linear,unreachable,0.3,cell,r2_random,bad_release,0,0,0,200
linear,unreachable,0.3,cell,r2_nearest,released,0,0,0,200
linear,unreachable,0.3,cell,r2_nearest,new_n,0,0,0,200
linear,unreachable,0.3,cell,r2_nearest,bad_release,0,0,0,200
linear,unreachable,0.3,cell,r2_static,released,0,0,0,200
linear,unreachable,0.3,cell,r2_static,new_n,288,288,288,200
linear,unreachable,0.3,cell,r2_static,bad_release,0,0,0,200
linear,unreachable,0.3,cell,target_only,released,-1,-1,-1,200
linear,unreachable,0.3,cell,target_only,new_n,192,192,192,200
linear,unreachable,0.3,cell,target_only,bad_release,-0.005,-0.015,0,200
quadratic,bridgeable,0.2,cell,rinf_targeted,released,0.995,0.985,1,200
quadratic,bridgeable,0.2,cell,rinf_targeted,new_n,-1.92,-3.84,-0.48,200
quadratic,bridgeable,0.2,cell,rinf_targeted,bad_release,0,0,0,200
quadratic,bridgeable,0.2,cell,r2_random,released,0.73,0.665,0.79,200
quadratic,bridgeable,0.2,cell,r2_random,new_n,-1.92,-3.84,-0.48,200
quadratic,bridgeable,0.2,cell,r2_random,bad_release,0,0,0,200
quadratic,bridgeable,0.2,cell,r2_nearest,released,0.995,0.985,1,200
quadratic,bridgeable,0.2,cell,r2_nearest,new_n,-1.92,-3.84,-0.48,200
quadratic,bridgeable,0.2,cell,r2_nearest,bad_release,0,0,0,200
quadratic,bridgeable,0.2,cell,r2_static,released,0.995,0.985,1,200
quadratic,bridgeable,0.2,cell,r2_static,new_n,286.08,284.16,287.52,200
quadratic,bridgeable,0.2,cell,r2_static,bad_release,0,0,0,200
quadratic,bridgeable,0.2,cell,target_only,released,-0.005,-0.015,0,200
quadratic,bridgeable,0.2,cell,target_only,new_n,-1.92,-3.84,-0.48,200
quadratic,bridgeable,0.2,cell,target_only,bad_release,0,0,0,200
quadratic,bridgeable,0.3,cell,rinf_targeted,released,0.96,0.934875,0.985,200
quadratic,bridgeable,0.3,cell,rinf_targeted,new_n,-184.8,-189.12,-179.52,200
quadratic,bridgeable,0.3,cell,rinf_targeted,bad_release,0,0,0,200
quadratic,bridgeable,0.3,cell,r2_random,released,0,0,0,200
quadratic,bridgeable,0.3,cell,r2_random,new_n,-57.12,-65.76,-48.48,200
quadratic,bridgeable,0.3,cell,r2_random,bad_release,0,0,0,200
quadratic,bridgeable,0.3,cell,r2_nearest,released,0,0,0,200
quadratic,bridgeable,0.3,cell,r2_nearest,new_n,-144,-150.732,-137.76,200
quadratic,bridgeable,0.3,cell,r2_nearest,bad_release,0,0,0,200
quadratic,bridgeable,0.3,cell,r2_static,released,1,1,1,200
quadratic,bridgeable,0.3,cell,r2_static,new_n,96,96,96,200
quadratic,bridgeable,0.3,cell,r2_static,bad_release,0,0,0,200
quadratic,bridgeable,0.3,cell,target_only,released,0,0,0,200
quadratic,bridgeable,0.3,cell,target_only,new_n,0,0,0,200
quadratic,bridgeable,0.3,cell,target_only,bad_release,0,0,0,200
quadratic,supported,0.2,cell,rinf_targeted,released,0,0,0,200
quadratic,supported,0.2,cell,rinf_targeted,new_n,0,0,0,200
quadratic,supported,0.2,cell,rinf_targeted,bad_release,0,0,0,200
quadratic,supported,0.2,cell,r2_random,released,0,0,0,200
quadratic,supported,0.2,cell,r2_random,new_n,0,0,0,200
quadratic,supported,0.2,cell,r2_random,bad_release,0,0,0,200
quadratic,supported,0.2,cell,r2_nearest,released,0,0,0,200
quadratic,supported,0.2,cell,r2_nearest,new_n,0,0,0,200
quadratic,supported,0.2,cell,r2_nearest,bad_release,0,0,0,200
quadratic,supported,0.2,cell,r2_static,released,0,0,0,200
quadratic,supported,0.2,cell,r2_static,new_n,0,0,0,200
quadratic,supported,0.2,cell,r2_static,bad_release,0,0,0,200
quadratic,supported,0.2,cell,target_only,released,0,0,0,200
quadratic,supported,0.2,cell,target_only,new_n,-288,-288,-288,200
quadratic,supported,0.2,cell,target_only,bad_release,-0.005,-0.015,0,200
quadratic,supported,0.3,cell,rinf_targeted,released,0,0,0,200
quadratic,supported,0.3,cell,rinf_targeted,new_n,0,0,0,200
quadratic,supported,0.3,cell,rinf_targeted,bad_release,0,0,0,200
quadratic,supported,0.3,cell,r2_random,released,0,0,0,200
quadratic,supported,0.3,cell,r2_random,new_n,0,0,0,200
quadratic,supported,0.3,cell,r2_random,bad_release,0,0,0,200
quadratic,supported,0.3,cell,r2_nearest,released,0,0,0,200
quadratic,supported,0.3,cell,r2_nearest,new_n,0,0,0,200
quadratic,supported,0.3,cell,r2_nearest,bad_release,0,0,0,200
quadratic,supported,0.3,cell,r2_static,released,0,0,0,200
quadratic,supported,0.3,cell,r2_static,new_n,0,0,0,200
quadratic,supported,0.3,cell,r2_static,bad_release,0,0,0,200
quadratic,supported,0.3,cell,target_only,released,0,0,0,200
quadratic,supported,0.3,cell,target_only,new_n,-96,-96,-96,200
quadratic,supported,0.3,cell,target_only,bad_release,0,0,0,200
quadratic,unreachable,0.2,cell,rinf_targeted,released,0,0,0,200
quadratic,unreachable,0.2,cell,rinf_targeted,new_n,0,0,0,200
quadratic,unreachable,0.2,cell,rinf_targeted,bad_release,0,0,0,200
quadratic,unreachable,0.2,cell,r2_random,released,0,0,0,200
quadratic,unreachable,0.2,cell,r2_random,new_n,0,0,0,200
quadratic,unreachable,0.2,cell,r2_random,bad_release,0,0,0,200
quadratic,unreachable,0.2,cell,r2_nearest,released,0,0,0,200
quadratic,unreachable,0.2,cell,r2_nearest,new_n,0,0,0,200
quadratic,unreachable,0.2,cell,r2_nearest,bad_release,0,0,0,200
quadratic,unreachable,0.2,cell,r2_static,released,0,0,0,200
quadratic,unreachable,0.2,cell,r2_static,new_n,288,288,288,200
quadratic,unreachable,0.2,cell,r2_static,bad_release,0,0,0,200
quadratic,unreachable,0.2,cell,target_only,released,-1,-1,-1,200
quadratic,unreachable,0.2,cell,target_only,new_n,0,0,0,200
quadratic,unreachable,0.2,cell,target_only,bad_release,0,0,0,200
quadratic,unreachable,0.3,cell,rinf_targeted,released,0,0,0,200
quadratic,unreachable,0.3,cell,rinf_targeted,new_n,0,0,0,200
quadratic,unreachable,0.3,cell,rinf_targeted,bad_release,0,0,0,200
quadratic,unreachable,0.3,cell,r2_random,released,0,0,0,200
quadratic,unreachable,0.3,cell,r2_random,new_n,0,0,0,200
quadratic,unreachable,0.3,cell,r2_random,bad_release,0,0,0,200
quadratic,unreachable,0.3,cell,r2_nearest,released,0,0,0,200
quadratic,unreachable,0.3,cell,r2_nearest,new_n,0,0,0,200
quadratic,unreachable,0.3,cell,r2_nearest,bad_release,0,0,0,200
quadratic,unreachable,0.3,cell,r2_static,released,0,0,0,200
quadratic,unreachable,0.3,cell,r2_static,new_n,288,288,288,200
quadratic,unreachable,0.3,cell,r2_static,bad_release,0,0,0,200
quadratic,unreachable,0.3,cell,target_only,released,-1,-1,-1,200
quadratic,unreachable,0.3,cell,target_only,new_n,192,192,192,200
quadratic,unreachable,0.3,cell,target_only,bad_release,0,0,0,200
sinusoidal,bridgeable,0.2,cell,rinf_targeted,released,0,0,0,200
sinusoidal,bridgeable,0.2,cell,rinf_targeted,new_n,0,0,0,200
sinusoidal,bridgeable,0.2,cell,rinf_targeted,bad_release,0,0,0,200
sinusoidal,bridgeable,0.2,cell,r2_random,released,0,0,0,200
sinusoidal,bridgeable,0.2,cell,r2_random,new_n,0,0,0,200
sinusoidal,bridgeable,0.2,cell,r2_random,bad_release,0,0,0,200
sinusoidal,bridgeable,0.2,cell,r2_nearest,released,0,0,0,200
sinusoidal,bridgeable,0.2,cell,r2_nearest,new_n,0,0,0,200
sinusoidal,bridgeable,0.2,cell,r2_nearest,bad_release,0,0,0,200
sinusoidal,bridgeable,0.2,cell,r2_static,released,0,0,0,200
sinusoidal,bridgeable,0.2,cell,r2_static,new_n,288,288,288,200
sinusoidal,bridgeable,0.2,cell,r2_static,bad_release,0,0,0,200
sinusoidal,bridgeable,0.2,cell,target_only,released,-1,-1,-1,200
sinusoidal,bridgeable,0.2,cell,target_only,new_n,0,0,0,200
sinusoidal,bridgeable,0.2,cell,target_only,bad_release,0,0,0,200
sinusoidal,bridgeable,0.3,cell,rinf_targeted,released,1,1,1,200
sinusoidal,bridgeable,0.3,cell,rinf_targeted,new_n,-126.24,-132.48,-120.48,200
sinusoidal,bridgeable,0.3,cell,rinf_targeted,bad_release,0,0,0,200
sinusoidal,bridgeable,0.3,cell,r2_random,released,0,0,0,200
sinusoidal,bridgeable,0.3,cell,r2_random,new_n,-31.2,-38.4,-24.48,200
sinusoidal,bridgeable,0.3,cell,r2_random,bad_release,0,0,0,200
sinusoidal,bridgeable,0.3,cell,r2_nearest,released,0,0,0,200
sinusoidal,bridgeable,0.3,cell,r2_nearest,new_n,-78.72,-88.32,-69.12,200
sinusoidal,bridgeable,0.3,cell,r2_nearest,bad_release,0,0,0,200
sinusoidal,bridgeable,0.3,cell,r2_static,released,1,1,1,200
sinusoidal,bridgeable,0.3,cell,r2_static,new_n,161.76,155.52,168,200
sinusoidal,bridgeable,0.3,cell,r2_static,bad_release,0,0,0,200
sinusoidal,bridgeable,0.3,cell,target_only,released,0,0,0,200
sinusoidal,bridgeable,0.3,cell,target_only,new_n,65.76,59.52,71.52,200
sinusoidal,bridgeable,0.3,cell,target_only,bad_release,-0.005,-0.015,0,200
sinusoidal,supported,0.2,cell,rinf_targeted,released,0,0,0,200
sinusoidal,supported,0.2,cell,rinf_targeted,new_n,0,0,0,200
sinusoidal,supported,0.2,cell,rinf_targeted,bad_release,0,0,0,200
sinusoidal,supported,0.2,cell,r2_random,released,0,0,0,200
sinusoidal,supported,0.2,cell,r2_random,new_n,0,0,0,200
sinusoidal,supported,0.2,cell,r2_random,bad_release,0,0,0,200
sinusoidal,supported,0.2,cell,r2_nearest,released,0,0,0,200
sinusoidal,supported,0.2,cell,r2_nearest,new_n,0,0,0,200
sinusoidal,supported,0.2,cell,r2_nearest,bad_release,0,0,0,200
sinusoidal,supported,0.2,cell,r2_static,released,0,0,0,200
sinusoidal,supported,0.2,cell,r2_static,new_n,0,0,0,200
sinusoidal,supported,0.2,cell,r2_static,bad_release,0,0,0,200
sinusoidal,supported,0.2,cell,target_only,released,0,0,0,200
sinusoidal,supported,0.2,cell,target_only,new_n,-288,-288,-288,200
sinusoidal,supported,0.2,cell,target_only,bad_release,-0.01,-0.025,0,200
sinusoidal,supported,0.3,cell,rinf_targeted,released,0,0,0,200
sinusoidal,supported,0.3,cell,rinf_targeted,new_n,0,0,0,200
sinusoidal,supported,0.3,cell,rinf_targeted,bad_release,0,0,0,200
sinusoidal,supported,0.3,cell,r2_random,released,0,0,0,200
sinusoidal,supported,0.3,cell,r2_random,new_n,0,0,0,200
sinusoidal,supported,0.3,cell,r2_random,bad_release,0,0,0,200
sinusoidal,supported,0.3,cell,r2_nearest,released,0,0,0,200
sinusoidal,supported,0.3,cell,r2_nearest,new_n,0,0,0,200
sinusoidal,supported,0.3,cell,r2_nearest,bad_release,0,0,0,200
sinusoidal,supported,0.3,cell,r2_static,released,0,0,0,200
sinusoidal,supported,0.3,cell,r2_static,new_n,0,0,0,200
sinusoidal,supported,0.3,cell,r2_static,bad_release,0,0,0,200
sinusoidal,supported,0.3,cell,target_only,released,0,0,0,200
sinusoidal,supported,0.3,cell,target_only,new_n,-96,-96,-96,200
sinusoidal,supported,0.3,cell,target_only,bad_release,0,0,0,200
sinusoidal,unreachable,0.2,cell,rinf_targeted,released,0,0,0,200
sinusoidal,unreachable,0.2,cell,rinf_targeted,new_n,0,0,0,200
sinusoidal,unreachable,0.2,cell,rinf_targeted,bad_release,0,0,0,200
sinusoidal,unreachable,0.2,cell,r2_random,released,0,0,0,200
sinusoidal,unreachable,0.2,cell,r2_random,new_n,0,0,0,200
sinusoidal,unreachable,0.2,cell,r2_random,bad_release,0,0,0,200
sinusoidal,unreachable,0.2,cell,r2_nearest,released,0,0,0,200
sinusoidal,unreachable,0.2,cell,r2_nearest,new_n,0,0,0,200
sinusoidal,unreachable,0.2,cell,r2_nearest,bad_release,0,0,0,200
sinusoidal,unreachable,0.2,cell,r2_static,released,0,0,0,200
sinusoidal,unreachable,0.2,cell,r2_static,new_n,288,288,288,200
sinusoidal,unreachable,0.2,cell,r2_static,bad_release,0,0,0,200
sinusoidal,unreachable,0.2,cell,target_only,released,-1,-1,-1,200
sinusoidal,unreachable,0.2,cell,target_only,new_n,0,0,0,200
sinusoidal,unreachable,0.2,cell,target_only,bad_release,0,0,0,200
sinusoidal,unreachable,0.3,cell,rinf_targeted,released,0,0,0,200
sinusoidal,unreachable,0.3,cell,rinf_targeted,new_n,0,0,0,200
sinusoidal,unreachable,0.3,cell,rinf_targeted,bad_release,0,0,0,200
sinusoidal,unreachable,0.3,cell,r2_random,released,0,0,0,200
sinusoidal,unreachable,0.3,cell,r2_random,new_n,0,0,0,200
sinusoidal,unreachable,0.3,cell,r2_random,bad_release,0,0,0,200
sinusoidal,unreachable,0.3,cell,r2_nearest,released,0,0,0,200
sinusoidal,unreachable,0.3,cell,r2_nearest,new_n,0,0,0,200
sinusoidal,unreachable,0.3,cell,r2_nearest,bad_release,0,0,0,200
sinusoidal,unreachable,0.3,cell,r2_static,released,0,0,0,200
sinusoidal,unreachable,0.3,cell,r2_static,new_n,288,288,288,200
sinusoidal,unreachable,0.3,cell,r2_static,bad_release,0,0,0,200
sinusoidal,unreachable,0.3,cell,target_only,released,-1,-1,-1,200
sinusoidal,unreachable,0.3,cell,target_only,new_n,192,192,192,200
sinusoidal,unreachable,0.3,cell,target_only,bad_release,0,0,0,200
ALL,bridgeable,0.2,pooled,rinf_targeted,released,0.665,0.661666666667,0.666666666667,600
ALL,bridgeable,0.2,pooled,rinf_targeted,new_n,-60.96,-62.4,-59.36,600
ALL,bridgeable,0.2,pooled,rinf_targeted,bad_release,0,0,0,600
ALL,bridgeable,0.2,pooled,r2_random,released,0.28,0.255,0.305,600
ALL,bridgeable,0.2,pooled,r2_random,new_n,-34.4,-37.92,-30.72,600
ALL,bridgeable,0.2,pooled,r2_random,bad_release,0,0,0,600
ALL,bridgeable,0.2,pooled,r2_nearest,released,0.665,0.661666666667,0.666666666667,600
ALL,bridgeable,0.2,pooled,r2_nearest,new_n,-60.96,-62.4,-59.36,600
ALL,bridgeable,0.2,pooled,r2_nearest,bad_release,0,0,0,600
ALL,bridgeable,0.2,pooled,r2_static,released,0.665,0.661666666667,0.666666666667,600
ALL,bridgeable,0.2,pooled,r2_static,new_n,227.04,225.6,228.64,600
ALL,bridgeable,0.2,pooled,r2_static,bad_release,0,0,0,600
ALL,bridgeable,0.2,pooled,target_only,released,-0.335,-0.338333333333,-0.333333333333,600
ALL,bridgeable,0.2,pooled,target_only,new_n,-60.96,-62.4,-59.36,600
ALL,bridgeable,0.2,pooled,target_only,bad_release,0,0,0,600
ALL,bridgeable,0.3,pooled,rinf_targeted,released,0.653333333333,0.643333333333,0.661666666667,600
ALL,bridgeable,0.3,pooled,rinf_targeted,new_n,-103.68,-106.24,-100.96,600
ALL,bridgeable,0.3,pooled,rinf_targeted,bad_release,0,0,0,600
ALL,bridgeable,0.3,pooled,r2_random,released,0,0,0,600
ALL,bridgeable,0.3,pooled,r2_random,new_n,-41.76,-46.24,-37.44,600
ALL,bridgeable,0.3,pooled,r2_random,bad_release,0,0,0,600
ALL,bridgeable,0.3,pooled,r2_nearest,released,0,0,0,600
ALL,bridgeable,0.3,pooled,r2_nearest,new_n,-123.68,-128,-119.2,600
ALL,bridgeable,0.3,pooled,r2_nearest,bad_release,0,0,0,600
ALL,bridgeable,0.3,pooled,r2_static,released,1,1,1,600
ALL,bridgeable,0.3,pooled,r2_static,new_n,117.92,115.84,120,600
ALL,bridgeable,0.3,pooled,r2_static,bad_release,0,0,0,600
ALL,bridgeable,0.3,pooled,target_only,released,0,0,0,600
ALL,bridgeable,0.3,pooled,target_only,new_n,21.92,19.84,24,600
ALL,bridgeable,0.3,pooled,target_only,bad_release,-0.00166666666667,-0.005,0,600
ALL,supported,0.2,pooled,rinf_targeted,released,0,0,0,600
ALL,supported,0.2,pooled,rinf_targeted,new_n,0,0,0,600
ALL,supported,0.2,pooled,rinf_targeted,bad_release,0,0,0,600
ALL,supported,0.2,pooled,r2_random,released,0,0,0,600
ALL,supported,0.2,pooled,r2_random,new_n,0,0,0,600
ALL,supported,0.2,pooled,r2_random,bad_release,0,0,0,600
ALL,supported,0.2,pooled,r2_nearest,released,0,0,0,600
ALL,supported,0.2,pooled,r2_nearest,new_n,0,0,0,600
ALL,supported,0.2,pooled,r2_nearest,bad_release,0,0,0,600
ALL,supported,0.2,pooled,r2_static,released,0,0,0,600
ALL,supported,0.2,pooled,r2_static,new_n,0,0,0,600
ALL,supported,0.2,pooled,r2_static,bad_release,0,0,0,600
ALL,supported,0.2,pooled,target_only,released,0,0,0,600
ALL,supported,0.2,pooled,target_only,new_n,-288,-288,-288,600
ALL,supported,0.2,pooled,target_only,bad_release,-0.005,-0.0116666666667,0,600
ALL,supported,0.3,pooled,rinf_targeted,released,0,0,0,600
ALL,supported,0.3,pooled,rinf_targeted,new_n,0,0,0,600
ALL,supported,0.3,pooled,rinf_targeted,bad_release,0,0,0,600
ALL,supported,0.3,pooled,r2_random,released,0,0,0,600
ALL,supported,0.3,pooled,r2_random,new_n,0,0,0,600
ALL,supported,0.3,pooled,r2_random,bad_release,0,0,0,600
ALL,supported,0.3,pooled,r2_nearest,released,0,0,0,600
ALL,supported,0.3,pooled,r2_nearest,new_n,0,0,0,600
ALL,supported,0.3,pooled,r2_nearest,bad_release,0,0,0,600
ALL,supported,0.3,pooled,r2_static,released,0,0,0,600
ALL,supported,0.3,pooled,r2_static,new_n,0,0,0,600
ALL,supported,0.3,pooled,r2_static,bad_release,0,0,0,600
ALL,supported,0.3,pooled,target_only,released,0,0,0,600
ALL,supported,0.3,pooled,target_only,new_n,-96,-96,-96,600
ALL,supported,0.3,pooled,target_only,bad_release,-0.00166666666667,-0.005,0,600
ALL,unreachable,0.2,pooled,rinf_targeted,released,0,0,0,600
ALL,unreachable,0.2,pooled,rinf_targeted,new_n,0,0,0,600
ALL,unreachable,0.2,pooled,rinf_targeted,bad_release,0,0,0,600
ALL,unreachable,0.2,pooled,r2_random,released,0,0,0,600
ALL,unreachable,0.2,pooled,r2_random,new_n,0,0,0,600
ALL,unreachable,0.2,pooled,r2_random,bad_release,0,0,0,600
ALL,unreachable,0.2,pooled,r2_nearest,released,0,0,0,600
ALL,unreachable,0.2,pooled,r2_nearest,new_n,0,0,0,600
ALL,unreachable,0.2,pooled,r2_nearest,bad_release,0,0,0,600
ALL,unreachable,0.2,pooled,r2_static,released,0,0,0,600
ALL,unreachable,0.2,pooled,r2_static,new_n,288,288,288,600
ALL,unreachable,0.2,pooled,r2_static,bad_release,0,0,0,600
ALL,unreachable,0.2,pooled,target_only,released,-1,-1,-1,600
ALL,unreachable,0.2,pooled,target_only,new_n,0,0,0,600
ALL,unreachable,0.2,pooled,target_only,bad_release,0,0,0,600
ALL,unreachable,0.3,pooled,rinf_targeted,released,0,0,0,600
ALL,unreachable,0.3,pooled,rinf_targeted,new_n,0,0,0,600
ALL,unreachable,0.3,pooled,rinf_targeted,bad_release,0,0,0,600
ALL,unreachable,0.3,pooled,r2_random,released,0,0,0,600
ALL,unreachable,0.3,pooled,r2_random,new_n,0,0,0,600
ALL,unreachable,0.3,pooled,r2_random,bad_release,0,0,0,600
ALL,unreachable,0.3,pooled,r2_nearest,released,0,0,0,600
ALL,unreachable,0.3,pooled,r2_nearest,new_n,0,0,0,600
ALL,unreachable,0.3,pooled,r2_nearest,bad_release,0,0,0,600
ALL,unreachable,0.3,pooled,r2_static,released,0,0,0,600
ALL,unreachable,0.3,pooled,r2_static,new_n,288,288,288,600
ALL,unreachable,0.3,pooled,r2_static,bad_release,0,0,0,600
ALL,unreachable,0.3,pooled,target_only,released,-1,-1,-1,600
ALL,unreachable,0.3,pooled,target_only,new_n,192,192,192,600
ALL,unreachable,0.3,pooled,target_only,bad_release,-0.00166666666667,-0.005,0,600
