surface,scenario,method,tolerance,budget,n,mean_new_n,mean_actual_bridges,n_released,released_mae,released_bad_rate,mean_certificate_radius,mean_output_width,inconsistent_fraction,released,released_lower,released_upper,bad_release,bad_release_lower,bad_release_upper,path_covered,path_covered_lower,path_covered_upper,covered,covered_lower,covered_upper,joint_set_covered,joint_set_covered_lower,joint_set_covered_upper
linear,bridgeable,r2_nearest,0.2,0,200,0,0,0,,,0.529622260179,1.06450443808,0,0,1.73472347598e-18,0.0188453263773,0,1.73472347598e-18,0.0188453263773,1,0.981154673623,1,1,0.981154673623,1,0.93,0.885945191144,0.957847828172
linear,bridgeable,r2_nearest,0.2,1,200,96,1,0,,,0.399418983512,0.600304215018,0,0,1.73472347598e-18,0.0188453263773,0,1.73472347598e-18,0.0188453263773,1,0.981154673623,1,1,0.981154673623,1,0.93,0.885945191144,0.957847828172
linear,bridgeable,r2_nearest,0.2,2,200,192,2,0,,,0.312469117972,0.558836710476,0,0,1.73472347598e-18,0.0188453263773,0,1.73472347598e-18,0.0188453263773,1,0.981154673623,1,1,0.981154673623,1,0.93,0.885945191144,0.957847828172
linear,bridgeable,r2_nearest,0.2,3,200,288,3,0,,,0.239652688801,0.532806702511,0,0,1.73472347598e-18,0.0188453263773,0,1.73472347598e-18,0.0188453263773,1,0.981154673623,1,1,0.981154673623,1,0.93,0.885945191144,0.957847828172
linear,bridgeable,r2_nearest,0.3,0,200,0,0,0,,,0.529622260179,1.06450443808,0,0,1.73472347598e-18,0.0188453263773,0,1.73472347598e-18,0.0188453263773,1,0.981154673623,1,1,0.981154673623,1,0.93,0.885945191144,0.957847828172
linear,bridgeable,r2_nearest,0.3,1,200,96,1,0,,,0.399418983512,0.600304215018,0,0,1.73472347598e-18,0.0188453263773,0,1.73472347598e-18,0.0188453263773,1,0.981154673623,1,1,0.981154673623,1,0.93,0.885945191144,0.957847828172
linear,bridgeable,r2_nearest,0.3,2,200,192,2,91,0.0516437344353,0,0.312469117972,0.551674790133,0,0.455,0.387482193099,0.524213886275,0,1.73472347598e-18,0.0188453263773,1,0.981154673623,1,1,0.981154673623,1,0.93,0.885945191144,0.957847828172
linear,bridgeable,r2_nearest,0.3,3,200,244.32,2.545,200,0.0481824895298,0,0.243642774454,0.487285548909,0,1,0.981154673623,1,0,1.73472347598e-18,0.0188453263773,1,0.981154673623,1,1,0.981154673623,1,0.93,0.885945191144,0.957847828172
linear,bridgeable,r2_random,0.2,0,200,0,0,0,,,0.529622260179,1.06450443808,0,0,1.73472347598e-18,0.0188453263773,0,1.73472347598e-18,0.0188453263773,1,0.981154673623,1,1,0.981154673623,1,0.93,0.885945191144,0.957847828172
linear,bridgeable,r2_random,0.2,1,200,96,1,42,0.0353205389487,0,0.291531296694,0.586636495894,0,0.21,0.1592841207,0.271646168599,0,1.73472347598e-18,0.0188453263773,1,0.981154673623,1,1,0.981154673623,1,0.93,0.885945191144,0.957847828172
linear,bridgeable,r2_random,0.2,2,200,171.84,1.79,124,0.0341748940491,0,0.211953811966,0.444799979774,0,0.62,0.551067180156,0.684409941513,0,1.73472347598e-18,0.0188453263773,1,0.981154673623,1,1,0.981154673623,1,0.93,0.885945191144,0.957847828172
linear,bridgeable,r2_random,0.2,3,200,208.32,2.17,178,0.0327314473775,0,0.188832231456,0.385497250757,0,0.89,0.839073090027,0.926227555399,0,1.73472347598e-18,0.0188453263773,1,0.981154673623,1,1,0.981154673623,1,0.93,0.885945191144,0.957847828172
linear,bridgeable,r2_random,0.3,0,200,0,0,0,,,0.529622260179,1.06450443808,0,0,1.73472347598e-18,0.0188453263773,0,1.73472347598e-18,0.0188453263773,1,0.981154673623,1,1,0.981154673623,1,0.93,0.885945191144,0.957847828172
linear,bridgeable,r2_random,0.3,1,200,96,1,132,0.0418158275586,0,0.291531296694,0.53976753549,0,0.66,0.591884955268,0.722084540291,0,1.73472347598e-18,0.0188453263773,1,0.981154673623,1,1,0.981154673623,1,0.93,0.885945191144,0.957847828172
linear,bridgeable,r2_random,0.3,2,200,128.64,1.34,191,0.041750364689,0,0.230449837175,0.45469517844,0,0.955,0.916703295998,0.976147456999,0,1.73472347598e-18,0.0188453263773,1,0.981154673623,1,1,0.981154673623,1,0.93,0.885945191144,0.957847828172
linear,bridgeable,r2_random,0.3,3,200,132.96,1.385,200,0.0409965395352,0,0.222411038425,0.444822076851,0,1,0.981154673623,1,0,1.73472347598e-18,0.0188453263773,1,0.981154673623,1,1,0.981154673623,1,0.93,0.885945191144,0.957847828172
linear,bridgeable,r2_static,0.2,0,200,0,0,0,,,0.529622260179,1.06450443808,0,0,1.73472347598e-18,0.0188453263773,0,1.73472347598e-18,0.0188453263773,1,0.981154673623,1,1,0.981154673623,1,0.93,0.885945191144,0.957847828172
linear,bridgeable,r2_static,0.2,1,200,0,0,0,,,0.529622260179,1.06450443808,0,0,1.73472347598e-18,0.0188453263773,0,1.73472347598e-18,0.0188453263773,1,0.981154673623,1,1,0.981154673623,1,0.93,0.885945191144,0.957847828172
linear,bridgeable,r2_static,0.2,2,200,0,0,0,,,0.529622260179,1.06450443808,0,0,1.73472347598e-18,0.0188453263773,0,1.73472347598e-18,0.0188453263773,1,0.981154673623,1,1,0.981154673623,1,0.93,0.885945191144,0.957847828172
linear,bridgeable,r2_static,0.2,3,200,0,0,0,,,0.529622260179,1.06450443808,0,0,1.73472347598e-18,0.0188453263773,0,1.73472347598e-18,0.0188453263773,1,0.981154673623,1,1,0.981154673623,1,0.93,0.885945191144,0.957847828172
linear,bridgeable,r2_static,0.3,0,200,0,0,0,,,0.529622260179,1.06450443808,0,0,1.73472347598e-18,0.0188453263773,0,1.73472347598e-18,0.0188453263773,1,0.981154673623,1,1,0.981154673623,1,0.93,0.885945191144,0.957847828172
linear,bridgeable,r2_static,0.3,1,200,0,0,0,,,0.529622260179,1.06450443808,0,0,1.73472347598e-18,0.0188453263773,0,1.73472347598e-18,0.0188453263773,1,0.981154673623,1,1,0.981154673623,1,0.93,0.885945191144,0.957847828172
linear,bridgeable,r2_static,0.3,2,200,0,0,0,,,0.529622260179,1.06450443808,0,0,1.73472347598e-18,0.0188453263773,0,1.73472347598e-18,0.0188453263773,1,0.981154673623,1,1,0.981154673623,1,0.93,0.885945191144,0.957847828172
linear,bridgeable,r2_static,0.3,3,200,0,0,0,,,0.529622260179,1.06450443808,0,0,1.73472347598e-18,0.0188453263773,0,1.73472347598e-18,0.0188453263773,1,0.981154673623,1,1,0.981154673623,1,0.93,0.885945191144,0.957847828172
linear,bridgeable,r2_targeted,0.2,0,200,0,0,0,,,0.529622260179,1.06450443808,0,0,1.73472347598e-18,0.0188453263773,0,1.73472347598e-18,0.0188453263773,1,0.981154673623,1,1,0.981154673623,1,0.93,0.885945191144,0.957847828172
linear,bridgeable,r2_targeted,0.2,1,200,96,1,177,0.0348885858361,0,0.195118382355,0.413576571101,0,0.885,0.833352831015,0.922136267674,0,1.73472347598e-18,0.0188453263773,1,0.981154673623,1,1,0.981154673623,1,0.93,0.885945191144,0.957847828172
linear,bridgeable,r2_targeted,0.2,2,200,107.04,1.115,200,0.0345169500657,0,0.190952064974,0.381904129947,0,1,0.981154673623,1,0,1.73472347598e-18,0.0188453263773,1,0.981154673623,1,1,0.981154673623,1,0.93,0.885945191144,0.957847828172
linear,bridgeable,r2_targeted,0.2,3,200,107.04,1.115,200,0.0345169500657,0,0.190952064974,0.381904129947,0,1,0.981154673623,1,0,1.73472347598e-18,0.0188453263773,1,0.981154673623,1,1,0.981154673623,1,0.93,0.885945191144,0.957847828172
linear,bridgeable,r2_targeted,0.3,0,200,0,0,0,,,0.529622260179,1.06450443808,0,0,1.73472347598e-18,0.0188453263773,0,1.73472347598e-18,0.0188453263773,1,0.981154673623,1,1,0.981154673623,1,0.93,0.885945191144,0.957847828172
linear,bridgeable,r2_targeted,0.3,1,200,96,1,200,0.0340360637276,0,0.195118382355,0.390236764711,0,1,0.981154673623,1,0,1.73472347598e-18,0.0188453263773,1,0.981154673623,1,1,0.981154673623,1,0.93,0.885945191144,0.957847828172
linear,bridgeable,r2_targeted,0.3,2,200,96,1,200,0.0340360637276,0,0.195118382355,0.390236764711,0,1,0.981154673623,1,0,1.73472347598e-18,0.0188453263773,1,0.981154673623,1,1,0.981154673623,1,0.93,0.885945191144,0.957847828172
linear,bridgeable,r2_targeted,0.3,3,200,96,1,200,0.0340360637276,0,0.195118382355,0.390236764711,0,1,0.981154673623,1,0,1.73472347598e-18,0.0188453263773,1,0.981154673623,1,1,0.981154673623,1,0.93,0.885945191144,0.957847828172
linear,bridgeable,rinf_targeted,0.2,0,200,0,0,0,,,0.547353529824,1.05073296032,0,0,1.73472347598e-18,0.0188453263773,0,1.73472347598e-18,0.0188453263773,1,0.981154673623,1,1,0.981154673623,1,0.93,0.885945191144,0.957847828172
linear,bridgeable,rinf_targeted,0.2,1,200,96,1,0,,,0.260985954664,0.572771890802,0,0,1.73472347598e-18,0.0188453263773,0,1.73472347598e-18,0.0188453263773,1,0.981154673623,1,1,0.981154673623,1,0.93,0.885945191144,0.957847828172
linear,bridgeable,rinf_targeted,0.2,2,200,192,2,0,,,0.260984278645,0.533044163656,0,0,1.73472347598e-18,0.0188453263773,0,1.73472347598e-18,0.0188453263773,1,0.981154673623,1,1,0.981154673623,1,0.93,0.885945191144,0.957847828172
linear,bridgeable,rinf_targeted,0.2,3,200,288,3,0,,,0.260984277957,0.507503019407,0,0,1.73472347598e-18,0.0188453263773,0,1.73472347598e-18,0.0188453263773,1,0.981154673623,1,1,0.981154673623,1,0.93,0.885945191144,0.957847828172
linear,bridgeable,rinf_targeted,0.3,0,200,0,0,0,,,0.547353529824,1.05073296032,0,0,1.73472347598e-18,0.0188453263773,0,1.73472347598e-18,0.0188453263773,1,0.981154673623,1,1,0.981154673623,1,0.93,0.885945191144,0.957847828172
linear,bridgeable,rinf_targeted,0.3,1,200,96,1,200,0.0341712285052,0,0.260985954664,0.521971909329,0,1,0.981154673623,1,0,1.73472347598e-18,0.0188453263773,1,0.981154673623,1,1,0.981154673623,1,0.93,0.885945191144,0.957847828172
linear,bridgeable,rinf_targeted,0.3,2,200,96,1,200,0.0341712285052,0,0.260985954664,0.521971909329,0,1,0.981154673623,1,0,1.73472347598e-18,0.0188453263773,1,0.981154673623,1,1,0.981154673623,1,0.93,0.885945191144,0.957847828172
linear,bridgeable,rinf_targeted,0.3,3,200,96,1,200,0.0341712285052,0,0.260985954664,0.521971909329,0,1,0.981154673623,1,0,1.73472347598e-18,0.0188453263773,1,0.981154673623,1,1,0.981154673623,1,0.93,0.885945191144,0.957847828172
linear,bridgeable,target_only,0.2,0,200,0,0,0,,,inf,inf,0,0,1.73472347598e-18,0.0188453263773,0,1.73472347598e-18,0.0188453263773,1,0.981154673623,1,1,0.981154673623,1,0.93,0.885945191144,0.957847828172
linear,bridgeable,target_only,0.2,1,200,96,1,0,,,0.29205966008,0.584119320161,0,0,1.73472347598e-18,0.0188453263773,0,1.73472347598e-18,0.0188453263773,1,0.981154673623,1,1,0.981154673623,1,0.93,0.885945191144,0.957847828172
linear,bridgeable,target_only,0.2,2,200,192,2,0,,,0.206517366154,0.413034732308,0,0,1.73472347598e-18,0.0188453263773,0,1.73472347598e-18,0.0188453263773,1,0.981154673623,1,1,0.981154673623,1,0.93,0.885945191144,0.957847828172
linear,bridgeable,target_only,0.2,3,200,288,3,200,0.0467517440177,0,0.168620723367,0.337241446734,0,1,0.981154673623,1,0,1.73472347598e-18,0.0188453263773,1,0.981154673623,1,1,0.981154673623,1,0.93,0.885945191144,0.957847828172
linear,bridgeable,target_only,0.3,0,200,0,0,0,,,inf,inf,0,0,1.73472347598e-18,0.0188453263773,0,1.73472347598e-18,0.0188453263773,1,0.981154673623,1,1,0.981154673623,1,0.93,0.885945191144,0.957847828172
linear,bridgeable,target_only,0.3,1,200,96,1,200,0.0789612645987,0,0.29205966008,0.584119320161,0,1,0.981154673623,1,0,1.73472347598e-18,0.0188453263773,1,0.981154673623,1,1,0.981154673623,1,0.93,0.885945191144,0.957847828172
linear,bridgeable,target_only,0.3,2,200,96,1,200,0.0789612645987,0,0.29205966008,0.584119320161,0,1,0.981154673623,1,0,1.73472347598e-18,0.0188453263773,1,0.981154673623,1,1,0.981154673623,1,0.93,0.885945191144,0.957847828172
linear,bridgeable,target_only,0.3,3,200,96,1,200,0.0789612645987,0,0.29205966008,0.584119320161,0,1,0.981154673623,1,0,1.73472347598e-18,0.0188453263773,1,0.981154673623,1,1,0.981154673623,1,0.93,0.885945191144,0.957847828172
linear,supported,r2_nearest,0.2,0,200,0,0,200,0.0151247385291,0,0.111240651776,0.222481303551,0,1,0.981154673623,1,0,1.73472347598e-18,0.0188453263773,1,0.981154673623,1,1,0.981154673623,1,0.975,0.942821659593,0.989275280348
linear,supported,r2_nearest,0.2,1,200,0,0,200,0.0151247385291,0,0.111240651776,0.222481303551,0,1,0.981154673623,1,0,1.73472347598e-18,0.0188453263773,1,0.981154673623,1,1,0.981154673623,1,0.975,0.942821659593,0.989275280348
linear,supported,r2_nearest,0.2,2,200,0,0,200,0.0151247385291,0,0.111240651776,0.222481303551,0,1,0.981154673623,1,0,1.73472347598e-18,0.0188453263773,1,0.981154673623,1,1,0.981154673623,1,0.975,0.942821659593,0.989275280348
linear,supported,r2_nearest,0.2,3,200,0,0,200,0.0151247385291,0,0.111240651776,0.222481303551,0,1,0.981154673623,1,0,1.73472347598e-18,0.0188453263773,1,0.981154673623,1,1,0.981154673623,1,0.975,0.942821659593,0.989275280348
linear,supported,r2_nearest,0.3,0,200,0,0,200,0.0151247385291,0,0.111240651776,0.222481303551,0,1,0.981154673623,1,0,1.73472347598e-18,0.0188453263773,1,0.981154673623,1,1,0.981154673623,1,0.975,0.942821659593,0.989275280348
linear,supported,r2_nearest,0.3,1,200,0,0,200,0.0151247385291,0,0.111240651776,0.222481303551,0,1,0.981154673623,1,0,1.73472347598e-18,0.0188453263773,1,0.981154673623,1,1,0.981154673623,1,0.975,0.942821659593,0.989275280348
linear,supported,r2_nearest,0.3,2,200,0,0,200,0.0151247385291,0,0.111240651776,0.222481303551,0,1,0.981154673623,1,0,1.73472347598e-18,0.0188453263773,1,0.981154673623,1,1,0.981154673623,1,0.975,0.942821659593,0.989275280348
linear,supported,r2_nearest,0.3,3,200,0,0,200,0.0151247385291,0,0.111240651776,0.222481303551,0,1,0.981154673623,1,0,1.73472347598e-18,0.0188453263773,1,0.981154673623,1,1,0.981154673623,1,0.975,0.942821659593,0.989275280348
linear,supported,r2_random,0.2,0,200,0,0,200,0.0151247385291,0,0.111240651776,0.222481303551,0,1,0.981154673623,1,0,1.73472347598e-18,0.0188453263773,1,0.981154673623,1,1,0.981154673623,1,0.975,0.942821659593,0.989275280348
linear,supported,r2_random,0.2,1,200,0,0,200,0.0151247385291,0,0.111240651776,0.222481303551,0,1,0.981154673623,1,0,1.73472347598e-18,0.0188453263773,1,0.981154673623,1,1,0.981154673623,1,0.975,0.942821659593,0.989275280348
linear,supported,r2_random,0.2,2,200,0,0,200,0.0151247385291,0,0.111240651776,0.222481303551,0,1,0.981154673623,1,0,1.73472347598e-18,0.0188453263773,1,0.981154673623,1,1,0.981154673623,1,0.975,0.942821659593,0.989275280348
linear,supported,r2_random,0.2,3,200,0,0,200,0.0151247385291,0,0.111240651776,0.222481303551,0,1,0.981154673623,1,0,1.73472347598e-18,0.0188453263773,1,0.981154673623,1,1,0.981154673623,1,0.975,0.942821659593,0.989275280348
linear,supported,r2_random,0.3,0,200,0,0,200,0.0151247385291,0,0.111240651776,0.222481303551,0,1,0.981154673623,1,0,1.73472347598e-18,0.0188453263773,1,0.981154673623,1,1,0.981154673623,1,0.975,0.942821659593,0.989275280348
linear,supported,r2_random,0.3,1,200,0,0,200,0.0151247385291,0,0.111240651776,0.222481303551,0,1,0.981154673623,1,0,1.73472347598e-18,0.0188453263773,1,0.981154673623,1,1,0.981154673623,1,0.975,0.942821659593,0.989275280348
linear,supported,r2_random,0.3,2,200,0,0,200,0.0151247385291,0,0.111240651776,0.222481303551,0,1,0.981154673623,1,0,1.73472347598e-18,0.0188453263773,1,0.981154673623,1,1,0.981154673623,1,0.975,0.942821659593,0.989275280348
linear,supported,r2_random,0.3,3,200,0,0,200,0.0151247385291,0,0.111240651776,0.222481303551,0,1,0.981154673623,1,0,1.73472347598e-18,0.0188453263773,1,0.981154673623,1,1,0.981154673623,1,0.975,0.942821659593,0.989275280348
linear,supported,r2_static,0.2,0,200,0,0,200,0.0151247385291,0,0.111240651776,0.222481303551,0,1,0.981154673623,1,0,1.73472347598e-18,0.0188453263773,1,0.981154673623,1,1,0.981154673623,1,0.975,0.942821659593,0.989275280348
linear,supported,r2_static,0.2,1,200,0,0,200,0.0151247385291,0,0.111240651776,0.222481303551,0,1,0.981154673623,1,0,1.73472347598e-18,0.0188453263773,1,0.981154673623,1,1,0.981154673623,1,0.975,0.942821659593,0.989275280348
linear,supported,r2_static,0.2,2,200,0,0,200,0.0151247385291,0,0.111240651776,0.222481303551,0,1,0.981154673623,1,0,1.73472347598e-18,0.0188453263773,1,0.981154673623,1,1,0.981154673623,1,0.975,0.942821659593,0.989275280348
linear,supported,r2_static,0.2,3,200,0,0,200,0.0151247385291,0,0.111240651776,0.222481303551,0,1,0.981154673623,1,0,1.73472347598e-18,0.0188453263773,1,0.981154673623,1,1,0.981154673623,1,0.975,0.942821659593,0.989275280348
linear,supported,r2_static,0.3,0,200,0,0,200,0.0151247385291,0,0.111240651776,0.222481303551,0,1,0.981154673623,1,0,1.73472347598e-18,0.0188453263773,1,0.981154673623,1,1,0.981154673623,1,0.975,0.942821659593,0.989275280348
linear,supported,r2_static,0.3,1,200,0,0,200,0.0151247385291,0,0.111240651776,0.222481303551,0,1,0.981154673623,1,0,1.73472347598e-18,0.0188453263773,1,0.981154673623,1,1,0.981154673623,1,0.975,0.942821659593,0.989275280348
linear,supported,r2_static,0.3,2,200,0,0,200,0.0151247385291,0,0.111240651776,0.222481303551,0,1,0.981154673623,1,0,1.73472347598e-18,0.0188453263773,1,0.981154673623,1,1,0.981154673623,1,0.975,0.942821659593,0.989275280348
linear,supported,r2_static,0.3,3,200,0,0,200,0.0151247385291,0,0.111240651776,0.222481303551,0,1,0.981154673623,1,0,1.73472347598e-18,0.0188453263773,1,0.981154673623,1,1,0.981154673623,1,0.975,0.942821659593,0.989275280348
linear,supported,r2_targeted,0.2,0,200,0,0,200,0.0151247385291,0,0.111240651776,0.222481303551,0,1,0.981154673623,1,0,1.73472347598e-18,0.0188453263773,1,0.981154673623,1,1,0.981154673623,1,0.975,0.942821659593,0.989275280348
linear,supported,r2_targeted,0.2,1,200,0,0,200,0.0151247385291,0,0.111240651776,0.222481303551,0,1,0.981154673623,1,0,1.73472347598e-18,0.0188453263773,1,0.981154673623,1,1,0.981154673623,1,0.975,0.942821659593,0.989275280348
linear,supported,r2_targeted,0.2,2,200,0,0,200,0.0151247385291,0,0.111240651776,0.222481303551,0,1,0.981154673623,1,0,1.73472347598e-18,0.0188453263773,1,0.981154673623,1,1,0.981154673623,1,0.975,0.942821659593,0.989275280348
linear,supported,r2_targeted,0.2,3,200,0,0,200,0.0151247385291,0,0.111240651776,0.222481303551,0,1,0.981154673623,1,0,1.73472347598e-18,0.0188453263773,1,0.981154673623,1,1,0.981154673623,1,0.975,0.942821659593,0.989275280348
linear,supported,r2_targeted,0.3,0,200,0,0,200,0.0151247385291,0,0.111240651776,0.222481303551,0,1,0.981154673623,1,0,1.73472347598e-18,0.0188453263773,1,0.981154673623,1,1,0.981154673623,1,0.975,0.942821659593,0.989275280348
linear,supported,r2_targeted,0.3,1,200,0,0,200,0.0151247385291,0,0.111240651776,0.222481303551,0,1,0.981154673623,1,0,1.73472347598e-18,0.0188453263773,1,0.981154673623,1,1,0.981154673623,1,0.975,0.942821659593,0.989275280348
linear,supported,r2_targeted,0.3,2,200,0,0,200,0.0151247385291,0,0.111240651776,0.222481303551,0,1,0.981154673623,1,0,1.73472347598e-18,0.0188453263773,1,0.981154673623,1,1,0.981154673623,1,0.975,0.942821659593,0.989275280348
linear,supported,r2_targeted,0.3,3,200,0,0,200,0.0151247385291,0,0.111240651776,0.222481303551,0,1,0.981154673623,1,0,1.73472347598e-18,0.0188453263773,1,0.981154673623,1,1,0.981154673623,1,0.975,0.942821659593,0.989275280348
linear,supported,rinf_targeted,0.2,0,200,0,0,200,0.016332943371,0,0.171823976563,0.343647953126,0,1,0.981154673623,1,0,1.73472347598e-18,0.0188453263773,1,0.981154673623,1,1,0.981154673623,1,0.975,0.942821659593,0.989275280348
linear,supported,rinf_targeted,0.2,1,200,0,0,200,0.016332943371,0,0.171823976563,0.343647953126,0,1,0.981154673623,1,0,1.73472347598e-18,0.0188453263773,1,0.981154673623,1,1,0.981154673623,1,0.975,0.942821659593,0.989275280348
linear,supported,rinf_targeted,0.2,2,200,0,0,200,0.016332943371,0,0.171823976563,0.343647953126,0,1,0.981154673623,1,0,1.73472347598e-18,0.0188453263773,1,0.981154673623,1,1,0.981154673623,1,0.975,0.942821659593,0.989275280348
linear,supported,rinf_targeted,0.2,3,200,0,0,200,0.016332943371,0,0.171823976563,0.343647953126,0,1,0.981154673623,1,0,1.73472347598e-18,0.0188453263773,1,0.981154673623,1,1,0.981154673623,1,0.975,0.942821659593,0.989275280348
linear,supported,rinf_targeted,0.3,0,200,0,0,200,0.016332943371,0,0.171823976563,0.343647953126,0,1,0.981154673623,1,0,1.73472347598e-18,0.0188453263773,1,0.981154673623,1,1,0.981154673623,1,0.975,0.942821659593,0.989275280348
linear,supported,rinf_targeted,0.3,1,200,0,0,200,0.016332943371,0,0.171823976563,0.343647953126,0,1,0.981154673623,1,0,1.73472347598e-18,0.0188453263773,1,0.981154673623,1,1,0.981154673623,1,0.975,0.942821659593,0.989275280348
linear,supported,rinf_targeted,0.3,2,200,0,0,200,0.016332943371,0,0.171823976563,0.343647953126,0,1,0.981154673623,1,0,1.73472347598e-18,0.0188453263773,1,0.981154673623,1,1,0.981154673623,1,0.975,0.942821659593,0.989275280348
linear,supported,rinf_targeted,0.3,3,200,0,0,200,0.016332943371,0,0.171823976563,0.343647953126,0,1,0.981154673623,1,0,1.73472347598e-18,0.0188453263773,1,0.981154673623,1,1,0.981154673623,1,0.975,0.942821659593,0.989275280348
linear,supported,target_only,0.2,0,200,0,0,0,,,inf,inf,0,0,1.73472347598e-18,0.0188453263773,0,1.73472347598e-18,0.0188453263773,1,0.981154673623,1,1,0.981154673623,1,0.975,0.942821659593,0.989275280348
linear,supported,target_only,0.2,1,200,96,1,0,,,0.29205966008,0.584119320161,0,0,1.73472347598e-18,0.0188453263773,0,1.73472347598e-18,0.0188453263773,0.99,0.964278238284,0.997253341866,0.99,0.964278238284,0.997253341866,0.975,0.942821659593,0.989275280348
linear,supported,target_only,0.2,2,200,192,2,0,,,0.206517366154,0.413034732308,0,0,1.73472347598e-18,0.0188453263773,0,1.73472347598e-18,0.0188453263773,0.98,0.949712913094,0.992195573584,0.99,0.964278238284,0.997253341866,0.975,0.942821659593,0.989275280348
linear,supported,target_only,0.2,3,200,288,3,200,0.0462331858245,0,0.168620723367,0.337241446734,0,1,0.981154673623,1,0,1.73472347598e-18,0.0188453263773,0.975,0.942821659593,0.989275280348,0.99,0.964278238284,0.997253341866,0.975,0.942821659593,0.989275280348
linear,supported,target_only,0.3,0,200,0,0,0,,,inf,inf,0,0,1.73472347598e-18,0.0188453263773,0,1.73472347598e-18,0.0188453263773,1,0.981154673623,1,1,0.981154673623,1,0.975,0.942821659593,0.989275280348
linear,supported,target_only,0.3,1,200,96,1,200,0.0898462904632,0.005,0.29205966008,0.584119320161,0,1,0.981154673623,1,0.005,0.000883168715601,0.0277737043979,0.99,0.964278238284,0.997253341866,0.99,0.964278238284,0.997253341866,0.975,0.942821659593,0.989275280348
linear,supported,target_only,0.3,2,200,96,1,200,0.0898462904632,0.005,0.29205966008,0.584119320161,0,1,0.981154673623,1,0.005,0.000883168715601,0.0277737043979,0.99,0.964278238284,0.997253341866,0.99,0.964278238284,0.997253341866,0.975,0.942821659593,0.989275280348
linear,supported,target_only,0.3,3,200,96,1,200,0.0898462904632,0.005,0.29205966008,0.584119320161,0,1,0.981154673623,1,0.005,0.000883168715601,0.0277737043979,0.99,0.964278238284,0.997253341866,0.99,0.964278238284,0.997253341866,0.975,0.942821659593,0.989275280348
linear,unreachable,r2_nearest,0.2,0,200,0,0,0,,,1.38842053484,2.75164129029,0,0,1.73472347598e-18,0.0188453263773,0,1.73472347598e-18,0.0188453263773,1,0.981154673623,1,1,0.981154673623,1,0.94,0.898068307042,0.965347805746
linear,unreachable,r2_nearest,0.2,1,200,96,1,0,,,1.26281151071,2.3343310463,0,0,1.73472347598e-18,0.0188453263773,0,1.73472347598e-18,0.0188453263773,1,0.981154673623,1,1,0.981154673623,1,0.94,0.898068307042,0.965347805746
linear,unreachable,r2_nearest,0.2,2,200,192,2,0,,,1.20791145598,2.32879637854,0,0,1.73472347598e-18,0.0188453263773,0,1.73472347598e-18,0.0188453263773,1,0.981154673623,1,1,0.981154673623,1,0.94,0.898068307042,0.965347805746
linear,unreachable,r2_nearest,0.2,3,200,288,3,0,,,1.18837208952,2.32819101164,0,0,1.73472347598e-18,0.0188453263773,0,1.73472347598e-18,0.0188453263773,1,0.981154673623,1,1,0.981154673623,1,0.94,0.898068307042,0.965347805746
linear,unreachable,r2_nearest,0.3,0,200,0,0,0,,,1.38842053484,2.75164129029,0,0,1.73472347598e-18,0.0188453263773,0,1.73472347598e-18,0.0188453263773,1,0.981154673623,1,1,0.981154673623,1,0.94,0.898068307042,0.965347805746
linear,unreachable,r2_nearest,0.3,1,200,96,1,0,,,1.26281151071,2.3343310463,0,0,1.73472347598e-18,0.0188453263773,0,1.73472347598e-18,0.0188453263773,1,0.981154673623,1,1,0.981154673623,1,0.94,0.898068307042,0.965347805746
linear,unreachable,r2_nearest,0.3,2,200,192,2,0,,,1.20791145598,2.32879637854,0,0,1.73472347598e-18,0.0188453263773,0,1.73472347598e-18,0.0188453263773,1,0.981154673623,1,1,0.981154673623,1,0.94,0.898068307042,0.965347805746
linear,unreachable,r2_nearest,0.3,3,200,288,3,0,,,1.18837208952,2.32819101164,0,0,1.73472347598e-18,0.0188453263773,0,1.73472347598e-18,0.0188453263773,1,0.981154673623,1,1,0.981154673623,1,0.94,0.898068307042,0.965347805746
linear,unreachable,r2_random,0.2,0,200,0,0,0,,,1.38842053484,2.75164129029,0,0,1.73472347598e-18,0.0188453263773,0,1.73472347598e-18,0.0188453263773,1,0.981154673623,1,1,0.981154673623,1,0.94,0.898068307042,0.965347805746
linear,unreachable,r2_random,0.2,1,200,96,1,0,,,1.33545053454,2.58784221755,0,0,1.73472347598e-18,0.0188453263773,0,1.73472347598e-18,0.0188453263773,1,0.981154673623,1,1,0.981154673623,1,0.94,0.898068307042,0.965347805746
linear,unreachable,r2_random,0.2,2,200,192,2,0,,,1.29395079113,2.48959752732,0,0,1.73472347598e-18,0.0188453263773,0,1.73472347598e-18,0.0188453263773,1,0.981154673623,1,1,0.981154673623,1,0.94,0.898068307042,0.965347805746
linear,unreachable,r2_random,0.2,3,200,288,3,0,,,1.26083950657,2.43217228093,0,0,1.73472347598e-18,0.0188453263773,0,1.73472347598e-18,0.0188453263773,1,0.981154673623,1,1,0.981154673623,1,0.94,0.898068307042,0.965347805746
linear,unreachable,r2_random,0.3,0,200,0,0,0,,,1.38842053484,2.75164129029,0,0,1.73472347598e-18,0.0188453263773,0,1.73472347598e-18,0.0188453263773,1,0.981154673623,1,1,0.981154673623,1,0.94,0.898068307042,0.965347805746
linear,unreachable,r2_random,0.3,1,200,96,1,0,,,1.33545053454,2.58784221755,0,0,1.73472347598e-18,0.0188453263773,0,1.73472347598e-18,0.0188453263773,1,0.981154673623,1,1,0.981154673623,1,0.94,0.898068307042,0.965347805746
linear,unreachable,r2_random,0.3,2,200,192,2,0,,,1.29395079113,2.48959752732,0,0,1.73472347598e-18,0.0188453263773,0,1.73472347598e-18,0.0188453263773,1,0.981154673623,1,1,0.981154673623,1,0.94,0.898068307042,0.965347805746
linear,unreachable,r2_random,0.3,3,200,288,3,0,,,1.26083950657,2.43217228093,0,0,1.73472347598e-18,0.0188453263773,0,1.73472347598e-18,0.0188453263773,1,0.981154673623,1,1,0.981154673623,1,0.94,0.898068307042,0.965347805746
linear,unreachable,r2_static,0.2,0,200,0,0,0,,,1.38842053484,2.75164129029,0,0,1.73472347598e-18,0.0188453263773,0,1.73472347598e-18,0.0188453263773,1,0.981154673623,1,1,0.981154673623,1,0.94,0.898068307042,0.965347805746
linear,unreachable,r2_static,0.2,1,200,0,0,0,,,1.38842053484,2.75164129029,0,0,1.73472347598e-18,0.0188453263773,0,1.73472347598e-18,0.0188453263773,1,0.981154673623,1,1,0.981154673623,1,0.94,0.898068307042,0.965347805746
linear,unreachable,r2_static,0.2,2,200,0,0,0,,,1.38842053484,2.75164129029,0,0,1.73472347598e-18,0.0188453263773,0,1.73472347598e-18,0.0188453263773,1,0.981154673623,1,1,0.981154673623,1,0.94,0.898068307042,0.965347805746
linear,unreachable,r2_static,0.2,3,200,0,0,0,,,1.38842053484,2.75164129029,0,0,1.73472347598e-18,0.0188453263773,0,1.73472347598e-18,0.0188453263773,1,0.981154673623,1,1,0.981154673623,1,0.94,0.898068307042,0.965347805746
linear,unreachable,r2_static,0.3,0,200,0,0,0,,,1.38842053484,2.75164129029,0,0,1.73472347598e-18,0.0188453263773,0,1.73472347598e-18,0.0188453263773,1,0.981154673623,1,1,0.981154673623,1,0.94,0.898068307042,0.965347805746
linear,unreachable,r2_static,0.3,1,200,0,0,0,,,1.38842053484,2.75164129029,0,0,1.73472347598e-18,0.0188453263773,0,1.73472347598e-18,0.0188453263773,1,0.981154673623,1,1,0.981154673623,1,0.94,0.898068307042,0.965347805746
linear,unreachable,r2_static,0.3,2,200,0,0,0,,,1.38842053484,2.75164129029,0,0,1.73472347598e-18,0.0188453263773,0,1.73472347598e-18,0.0188453263773,1,0.981154673623,1,1,0.981154673623,1,0.94,0.898068307042,0.965347805746
linear,unreachable,r2_static,0.3,3,200,0,0,0,,,1.38842053484,2.75164129029,0,0,1.73472347598e-18,0.0188453263773,0,1.73472347598e-18,0.0188453263773,1,0.981154673623,1,1,0.981154673623,1,0.94,0.898068307042,0.965347805746
linear,unreachable,r2_targeted,0.2,0,200,0,0,0,,,1.38842053484,2.75164129029,0,0,1.73472347598e-18,0.0188453263773,0,1.73472347598e-18,0.0188453263773,1,0.981154673623,1,1,0.981154673623,1,0.94,0.898068307042,0.965347805746
linear,unreachable,r2_targeted,0.2,1,200,96,1,0,,,1.26281151071,2.3343310463,0,0,1.73472347598e-18,0.0188453263773,0,1.73472347598e-18,0.0188453263773,1,0.981154673623,1,1,0.981154673623,1,0.94,0.898068307042,0.965347805746
linear,unreachable,r2_targeted,0.2,2,200,192,2,0,,,1.20790765884,2.32879637854,0,0,1.73472347598e-18,0.0188453263773,0,1.73472347598e-18,0.0188453263773,1,0.981154673623,1,1,0.981154673623,1,0.94,0.898068307042,0.965347805746
linear,unreachable,r2_targeted,0.2,3,200,288,3,0,,,1.1883708022,2.32819101164,0,0,1.73472347598e-18,0.0188453263773,0,1.73472347598e-18,0.0188453263773,1,0.981154673623,1,1,0.981154673623,1,0.94,0.898068307042,0.965347805746
linear,unreachable,r2_targeted,0.3,0,200,0,0,0,,,1.38842053484,2.75164129029,0,0,1.73472347598e-18,0.0188453263773,0,1.73472347598e-18,0.0188453263773,1,0.981154673623,1,1,0.981154673623,1,0.94,0.898068307042,0.965347805746
linear,unreachable,r2_targeted,0.3,1,200,96,1,0,,,1.26281151071,2.3343310463,0,0,1.73472347598e-18,0.0188453263773,0,1.73472347598e-18,0.0188453263773,1,0.981154673623,1,1,0.981154673623,1,0.94,0.898068307042,0.965347805746
linear,unreachable,r2_targeted,0.3,2,200,192,2,0,,,1.20790765884,2.32879637854,0,0,1.73472347598e-18,0.0188453263773,0,1.73472347598e-18,0.0188453263773,1,0.981154673623,1,1,0.981154673623,1,0.94,0.898068307042,0.965347805746
linear,unreachable,r2_targeted,0.3,3,200,288,3,0,,,1.1883708022,2.32819101164,0,0,1.73472347598e-18,0.0188453263773,0,1.73472347598e-18,0.0188453263773,1,0.981154673623,1,1,0.981154673623,1,0.94,0.898068307042,0.965347805746
linear,unreachable,rinf_targeted,0.2,0,200,0,0,0,,,1.39456101975,2.73786981253,0,0,1.73472347598e-18,0.0188453263773,0,1.73472347598e-18,0.0188453263773,1,0.981154673623,1,1,0.981154673623,1,0.94,0.898068307042,0.965347805746
linear,unreachable,rinf_targeted,0.2,1,200,96,1,0,,,1.27144720049,2.30737913607,0,0,1.73472347598e-18,0.0188453263773,0,1.73472347598e-18,0.0188453263773,1,0.981154673623,1,1,0.981154673623,1,0.94,0.898068307042,0.965347805746
linear,unreachable,rinf_targeted,0.2,2,200,192,2,0,,,1.27144720049,2.30588529347,0,0,1.73472347598e-18,0.0188453263773,0,1.73472347598e-18,0.0188453263773,1,0.981154673623,1,1,0.981154673623,1,0.94,0.898068307042,0.965347805746
linear,unreachable,rinf_targeted,0.2,3,200,288,3,0,,,1.27144720049,2.30464400155,0,0,1.73472347598e-18,0.0188453263773,0,1.73472347598e-18,0.0188453263773,1,0.981154673623,1,1,0.981154673623,1,0.94,0.898068307042,0.965347805746
linear,unreachable,rinf_targeted,0.3,0,200,0,0,0,,,1.39456101975,2.73786981253,0,0,1.73472347598e-18,0.0188453263773,0,1.73472347598e-18,0.0188453263773,1,0.981154673623,1,1,0.981154673623,1,0.94,0.898068307042,0.965347805746
linear,unreachable,rinf_targeted,0.3,1,200,96,1,0,,,1.27144720049,2.30737913607,0,0,1.73472347598e-18,0.0188453263773,0,1.73472347598e-18,0.0188453263773,1,0.981154673623,1,1,0.981154673623,1,0.94,0.898068307042,0.965347805746
linear,unreachable,rinf_targeted,0.3,2,200,192,2,0,,,1.27144720049,2.30588529347,0,0,1.73472347598e-18,0.0188453263773,0,1.73472347598e-18,0.0188453263773,1,0.981154673623,1,1,0.981154673623,1,0.94,0.898068307042,0.965347805746
linear,unreachable,rinf_targeted,0.3,3,200,288,3,0,,,1.27144720049,2.30464400155,0,0,1.73472347598e-18,0.0188453263773,0,1.73472347598e-18,0.0188453263773,1,0.981154673623,1,1,0.981154673623,1,0.94,0.898068307042,0.965347805746
linear,unreachable,target_only,0.2,0,200,0,0,0,,,inf,inf,0,0,1.73472347598e-18,0.0188453263773,0,1.73472347598e-18,0.0188453263773,1,0.981154673623,1,1,0.981154673623,1,0.94,0.898068307042,0.965347805746
linear,unreachable,target_only,0.2,1,200,96,1,0,,,0.29205966008,0.584119320161,0,0,1.73472347598e-18,0.0188453263773,0,1.73472347598e-18,0.0188453263773,0.995,0.972226295602,0.999116831284,0.995,0.972226295602,0.999116831284,0.94,0.898068307042,0.965347805746
linear,unreachable,target_only,0.2,2,200,192,2,0,,,0.206517366154,0.413034732308,0,0,1.73472347598e-18,0.0188453263773,0,1.73472347598e-18,0.0188453263773,0.995,0.972226295602,0.999116831284,1,0.981154673623,1,0.94,0.898068307042,0.965347805746
linear,unreachable,target_only,0.2,3,200,288,3,200,0.0432636894808,0,0.168620723367,0.337241446734,0,1,0.981154673623,1,0,1.73472347598e-18,0.0188453263773,0.995,0.972226295602,0.999116831284,1,0.981154673623,1,0.94,0.898068307042,0.965347805746
linear,unreachable,target_only,0.3,0,200,0,0,0,,,inf,inf,0,0,1.73472347598e-18,0.0188453263773,0,1.73472347598e-18,0.0188453263773,1,0.981154673623,1,1,0.981154673623,1,0.94,0.898068307042,0.965347805746
linear,unreachable,target_only,0.3,1,200,96,1,200,0.0785121121703,0.005,0.29205966008,0.584119320161,0,1,0.981154673623,1,0.005,0.000883168715601,0.0277737043979,0.995,0.972226295602,0.999116831284,0.995,0.972226295602,0.999116831284,0.94,0.898068307042,0.965347805746
linear,unreachable,target_only,0.3,2,200,96,1,200,0.0785121121703,0.005,0.29205966008,0.584119320161,0,1,0.981154673623,1,0.005,0.000883168715601,0.0277737043979,0.995,0.972226295602,0.999116831284,0.995,0.972226295602,0.999116831284,0.94,0.898068307042,0.965347805746
linear,unreachable,target_only,0.3,3,200,96,1,200,0.0785121121703,0.005,0.29205966008,0.584119320161,0,1,0.981154673623,1,0.005,0.000883168715601,0.0277737043979,0.995,0.972226295602,0.999116831284,0.995,0.972226295602,0.999116831284,0.94,0.898068307042,0.965347805746
quadratic,bridgeable,r2_nearest,0.2,0,200,0,0,0,,,0.584267985241,1.18711760346,0,0,1.73472347598e-18,0.0188453263773,0,1.73472347598e-18,0.0188453263773,1,0.981154673623,1,1,0.981154673623,1,0.94,0.898068307042,0.965347805746
quadratic,bridgeable,r2_nearest,0.2,1,200,96,1,0,,,0.41057490438,0.773589015616,0,0,1.73472347598e-18,0.0188453263773,0,1.73472347598e-18,0.0188453263773,1,0.981154673623,1,1,0.981154673623,1,0.94,0.898068307042,0.965347805746
quadratic,bridgeable,r2_nearest,0.2,2,200,192,2,0,,,0.321788118703,0.74396618835,0,0,1.73472347598e-18,0.0188453263773,0,1.73472347598e-18,0.0188453263773,1,0.981154673623,1,1,0.981154673623,1,0.94,0.898068307042,0.965347805746
quadratic,bridgeable,r2_nearest,0.2,3,200,288,3,0,,,0.254052214748,0.716576502185,0,0,1.73472347598e-18,0.0188453263773,0,1.73472347598e-18,0.0188453263773,1,0.981154673623,1,1,0.981154673623,1,0.94,0.898068307042,0.965347805746
quadratic,bridgeable,r2_nearest,0.3,0,200,0,0,0,,,0.584267985241,1.18711760346,0,0,1.73472347598e-18,0.0188453263773,0,1.73472347598e-18,0.0188453263773,1,0.981154673623,1,1,0.981154673623,1,0.94,0.898068307042,0.965347805746
quadratic,bridgeable,r2_nearest,0.3,1,200,96,1,0,,,0.41057490438,0.773589015616,0,0,1.73472347598e-18,0.0188453263773,0,1.73472347598e-18,0.0188453263773,1,0.981154673623,1,1,0.981154673623,1,0.94,0.898068307042,0.965347805746
quadratic,bridgeable,r2_nearest,0.3,2,200,192,2,100,0.0462266921888,0,0.321788118703,0.656910005376,0,0.5,0.431360859604,0.568639140396,0,1.73472347598e-18,0.0188453263773,1,0.981154673623,1,1,0.981154673623,1,0.94,0.898068307042,0.965347805746
quadratic,bridgeable,r2_nearest,0.3,3,200,240,2.5,200,0.0469408411942,0,0.259288198275,0.518576396551,0,1,0.981154673623,1,0,1.73472347598e-18,0.0188453263773,1,0.981154673623,1,1,0.981154673623,1,0.94,0.898068307042,0.965347805746
quadratic,bridgeable,r2_random,0.2,0,200,0,0,0,,,0.584267985241,1.18711760346,0,0,1.73472347598e-18,0.0188453263773,0,1.73472347598e-18,0.0188453263773,1,0.981154673623,1,1,0.981154673623,1,0.94,0.898068307042,0.965347805746
quadratic,bridgeable,r2_random,0.2,1,200,96,1,0,,,0.347213192181,0.871951819807,0,0,1.73472347598e-18,0.0188453263773,0,1.73472347598e-18,0.0188453263773,1,0.981154673623,1,1,0.981154673623,1,0.94,0.898068307042,0.965347805746
quadratic,bridgeable,r2_random,0.2,2,200,192,2,0,,,0.245740633384,0.785328231631,0,0,1.73472347598e-18,0.0188453263773,0,1.73472347598e-18,0.0188453263773,1,0.981154673623,1,1,0.981154673623,1,0.94,0.898068307042,0.965347805746
quadratic,bridgeable,r2_random,0.2,3,200,288,3,53,0.0339764437301,0,0.210234454063,0.658161258269,0,0.265,0.208681541471,0.330175761926,0,1.73472347598e-18,0.0188453263773,1,0.981154673623,1,1,0.981154673623,1,0.94,0.898068307042,0.965347805746
quadratic,bridgeable,r2_random,0.3,0,200,0,0,0,,,0.584267985241,1.18711760346,0,0,1.73472347598e-18,0.0188453263773,0,1.73472347598e-18,0.0188453263773,1,0.981154673623,1,1,0.981154673623,1,0.94,0.898068307042,0.965347805746
quadratic,bridgeable,r2_random,0.3,1,200,96,1,99,0.0423328698757,0,0.347213192181,0.70529641635,0,0.495,0.426458453599,0.563729999665,0,1.73472347598e-18,0.0188453263773,1,0.981154673623,1,1,0.981154673623,1,0.94,0.898068307042,0.965347805746
quadratic,bridgeable,r2_random,0.3,2,200,144.48,1.505,182,0.040140141074,0,0.260442456523,0.51946992938,0,0.91,0.862234281233,0.942312551138,0,1.73472347598e-18,0.0188453263773,1,0.981154673623,1,1,0.981154673623,1,0.94,0.898068307042,0.965347805746
quadratic,bridgeable,r2_random,0.3,3,200,153.12,1.595,200,0.040053910409,0,0.247202404486,0.494404808972,0,1,0.981154673623,1,0,1.73472347598e-18,0.0188453263773,1,0.981154673623,1,1,0.981154673623,1,0.94,0.898068307042,0.965347805746
quadratic,bridgeable,r2_static,0.2,0,200,0,0,0,,,0.584267985241,1.18711760346,0,0,1.73472347598e-18,0.0188453263773,0,1.73472347598e-18,0.0188453263773,1,0.981154673623,1,1,0.981154673623,1,0.94,0.898068307042,0.965347805746
quadratic,bridgeable,r2_static,0.2,1,200,0,0,0,,,0.584267985241,1.18711760346,0,0,1.73472347598e-18,0.0188453263773,0,1.73472347598e-18,0.0188453263773,1,0.981154673623,1,1,0.981154673623,1,0.94,0.898068307042,0.965347805746
quadratic,bridgeable,r2_static,0.2,2,200,0,0,0,,,0.584267985241,1.18711760346,0,0,1.73472347598e-18,0.0188453263773,0,1.73472347598e-18,0.0188453263773,1,0.981154673623,1,1,0.981154673623,1,0.94,0.898068307042,0.965347805746
quadratic,bridgeable,r2_static,0.2,3,200,0,0,0,,,0.584267985241,1.18711760346,0,0,1.73472347598e-18,0.0188453263773,0,1.73472347598e-18,0.0188453263773,1,0.981154673623,1,1,0.981154673623,1,0.94,0.898068307042,0.965347805746
quadratic,bridgeable,r2_static,0.3,0,200,0,0,0,,,0.584267985241,1.18711760346,0,0,1.73472347598e-18,0.0188453263773,0,1.73472347598e-18,0.0188453263773,1,0.981154673623,1,1,0.981154673623,1,0.94,0.898068307042,0.965347805746
quadratic,bridgeable,r2_static,0.3,1,200,0,0,0,,,0.584267985241,1.18711760346,0,0,1.73472347598e-18,0.0188453263773,0,1.73472347598e-18,0.0188453263773,1,0.981154673623,1,1,0.981154673623,1,0.94,0.898068307042,0.965347805746
quadratic,bridgeable,r2_static,0.3,2,200,0,0,0,,,0.584267985241,1.18711760346,0,0,1.73472347598e-18,0.0188453263773,0,1.73472347598e-18,0.0188453263773,1,0.981154673623,1,1,0.981154673623,1,0.94,0.898068307042,0.965347805746
quadratic,bridgeable,r2_static,0.3,3,200,0,0,0,,,0.584267985241,1.18711760346,0,0,1.73472347598e-18,0.0188453263773,0,1.73472347598e-18,0.0188453263773,1,0.981154673623,1,1,0.981154673623,1,0.94,0.898068307042,0.965347805746
quadratic,bridgeable,r2_targeted,0.2,0,200,0,0,0,,,0.584267985241,1.18711760346,0,0,1.73472347598e-18,0.0188453263773,0,1.73472347598e-18,0.0188453263773,1,0.981154673623,1,1,0.981154673623,1,0.94,0.898068307042,0.965347805746
quadratic,bridgeable,r2_targeted,0.2,1,200,96,1,0,,,0.243164714376,0.876724988479,0,0,1.73472347598e-18,0.0188453263773,0,1.73472347598e-18,0.0188453263773,1,0.981154673623,1,1,0.981154673623,1,0.94,0.898068307042,0.965347805746
quadratic,bridgeable,r2_targeted,0.2,2,200,192,2,4,0.0232326099995,0,0.208245019213,0.791056317574,0,0.02,0.00780442641635,0.0502870869058,0,1.73472347598e-18,0.0188453263773,1,0.981154673623,1,1,0.981154673623,1,0.94,0.898068307042,0.965347805746
quadratic,bridgeable,r2_targeted,0.2,3,200,286.08,2.98,199,0.0371267095259,0,0.192672129901,0.387605645623,0,0.995,0.972226295602,0.999116831284,0,1.73472347598e-18,0.0188453263773,1,0.981154673623,1,1,0.981154673623,1,0.94,0.898068307042,0.965347805746
quadratic,bridgeable,r2_targeted,0.3,0,200,0,0,0,,,0.584267985241,1.18711760346,0,0,1.73472347598e-18,0.0188453263773,0,1.73472347598e-18,0.0188453263773,1,0.981154673623,1,1,0.981154673623,1,0.94,0.898068307042,0.965347805746
quadratic,bridgeable,r2_targeted,0.3,1,200,96,1,200,0.0480840488153,0,0.243164714376,0.486329428752,0,1,0.981154673623,1,0,1.73472347598e-18,0.0188453263773,1,0.981154673623,1,1,0.981154673623,1,0.94,0.898068307042,0.965347805746
quadratic,bridgeable,r2_targeted,0.3,2,200,96,1,200,0.0480840488153,0,0.243164714376,0.486329428752,0,1,0.981154673623,1,0,1.73472347598e-18,0.0188453263773,1,0.981154673623,1,1,0.981154673623,1,0.94,0.898068307042,0.965347805746
quadratic,bridgeable,r2_targeted,0.3,3,200,96,1,200,0.0480840488153,0,0.243164714376,0.486329428752,0,1,0.981154673623,1,0,1.73472347598e-18,0.0188453263773,1,0.981154673623,1,1,0.981154673623,1,0.94,0.898068307042,0.965347805746
quadratic,bridgeable,rinf_targeted,0.2,0,200,0,0,0,,,0.600044773384,1.1733461257,0,0,1.73472347598e-18,0.0188453263773,0,1.73472347598e-18,0.0188453263773,1,0.981154673623,1,1,0.981154673623,1,0.94,0.898068307042,0.965347805746
quadratic,bridgeable,rinf_targeted,0.2,1,200,96,1,0,,,0.308664910825,0.849175868308,0,0,1.73472347598e-18,0.0188453263773,0,1.73472347598e-18,0.0188453263773,1,0.981154673623,1,1,0.981154673623,1,0.94,0.898068307042,0.965347805746
quadratic,bridgeable,rinf_targeted,0.2,2,200,192,2,0,,,0.308599629615,0.779379511922,0,0,1.73472347598e-18,0.0188453263773,0,1.73472347598e-18,0.0188453263773,1,0.981154673623,1,1,0.981154673623,1,0.94,0.898068307042,0.965347805746
quadratic,bridgeable,rinf_targeted,0.2,3,200,288,3,0,,,0.308599629034,0.735439180509,0,0,1.73472347598e-18,0.0188453263773,0,1.73472347598e-18,0.0188453263773,1,0.981154673623,1,1,0.981154673623,1,0.94,0.898068307042,0.965347805746
quadratic,bridgeable,rinf_targeted,0.3,0,200,0,0,0,,,0.600044773384,1.1733461257,0,0,1.73472347598e-18,0.0188453263773,0,1.73472347598e-18,0.0188453263773,1,0.981154673623,1,1,0.981154673623,1,0.94,0.898068307042,0.965347805746
quadratic,bridgeable,rinf_targeted,0.3,1,200,96,1,7,0.0471620858578,0,0.308664910825,0.839841160925,0,0.035,0.0170555420086,0.0704706115223,0,1.73472347598e-18,0.0188453263773,1,0.981154673623,1,1,0.981154673623,1,0.94,0.898068307042,0.965347805746
quadratic,bridgeable,rinf_targeted,0.3,2,200,188.64,1.965,8,0.0502068947295,0,0.308599629755,0.772545386815,0,0.04,0.0204056320662,0.0769320682009,0,1.73472347598e-18,0.0188453263773,1,0.981154673623,1,1,0.981154673623,1,0.94,0.898068307042,0.965347805746
quadratic,bridgeable,rinf_targeted,0.3,3,200,280.8,2.925,8,0.0502068947295,0,0.308599629211,0.729794805675,0,0.04,0.0204056320662,0.0769320682009,0,1.73472347598e-18,0.0188453263773,1,0.981154673623,1,1,0.981154673623,1,0.94,0.898068307042,0.965347805746
quadratic,bridgeable,target_only,0.2,0,200,0,0,0,,,inf,inf,0,0,1.73472347598e-18,0.0188453263773,0,1.73472347598e-18,0.0188453263773,1,0.981154673623,1,1,0.981154673623,1,0.94,0.898068307042,0.965347805746
quadratic,bridgeable,target_only,0.2,1,200,96,1,0,,,0.29205966008,0.584119320161,0,0,1.73472347598e-18,0.0188453263773,0,1.73472347598e-18,0.0188453263773,1,0.981154673623,1,1,0.981154673623,1,0.94,0.898068307042,0.965347805746
quadratic,bridgeable,target_only,0.2,2,200,192,2,0,,,0.206517366154,0.413034732308,0,0,1.73472347598e-18,0.0188453263773,0,1.73472347598e-18,0.0188453263773,1,0.981154673623,1,1,0.981154673623,1,0.94,0.898068307042,0.965347805746
quadratic,bridgeable,target_only,0.2,3,200,288,3,200,0.0489140042349,0,0.168620723367,0.337241446734,0,1,0.981154673623,1,0,1.73472347598e-18,0.0188453263773,1,0.981154673623,1,1,0.981154673623,1,0.94,0.898068307042,0.965347805746
quadratic,bridgeable,target_only,0.3,0,200,0,0,0,,,inf,inf,0,0,1.73472347598e-18,0.0188453263773,0,1.73472347598e-18,0.0188453263773,1,0.981154673623,1,1,0.981154673623,1,0.94,0.898068307042,0.965347805746
quadratic,bridgeable,target_only,0.3,1,200,96,1,200,0.0763507700992,0,0.29205966008,0.584119320161,0,1,0.981154673623,1,0,1.73472347598e-18,0.0188453263773,1,0.981154673623,1,1,0.981154673623,1,0.94,0.898068307042,0.965347805746
quadratic,bridgeable,target_only,0.3,2,200,96,1,200,0.0763507700992,0,0.29205966008,0.584119320161,0,1,0.981154673623,1,0,1.73472347598e-18,0.0188453263773,1,0.981154673623,1,1,0.981154673623,1,0.94,0.898068307042,0.965347805746
quadratic,bridgeable,target_only,0.3,3,200,96,1,200,0.0763507700992,0,0.29205966008,0.584119320161,0,1,0.981154673623,1,0,1.73472347598e-18,0.0188453263773,1,0.981154673623,1,1,0.981154673623,1,0.94,0.898068307042,0.965347805746
quadratic,supported,r2_nearest,0.2,0,200,0,0,200,0.0151170621418,0,0.119667224671,0.239334449341,0,1,0.981154673623,1,0,1.73472347598e-18,0.0188453263773,1,0.981154673623,1,1,0.981154673623,1,0.945,0.904213001228,0.969014658297
quadratic,supported,r2_nearest,0.2,1,200,0,0,200,0.0151170621418,0,0.119667224671,0.239334449341,0,1,0.981154673623,1,0,1.73472347598e-18,0.0188453263773,1,0.981154673623,1,1,0.981154673623,1,0.945,0.904213001228,0.969014658297
quadratic,supported,r2_nearest,0.2,2,200,0,0,200,0.0151170621418,0,0.119667224671,0.239334449341,0,1,0.981154673623,1,0,1.73472347598e-18,0.0188453263773,1,0.981154673623,1,1,0.981154673623,1,0.945,0.904213001228,0.969014658297
quadratic,supported,r2_nearest,0.2,3,200,0,0,200,0.0151170621418,0,0.119667224671,0.239334449341,0,1,0.981154673623,1,0,1.73472347598e-18,0.0188453263773,1,0.981154673623,1,1,0.981154673623,1,0.945,0.904213001228,0.969014658297
quadratic,supported,r2_nearest,0.3,0,200,0,0,200,0.0151170621418,0,0.119667224671,0.239334449341,0,1,0.981154673623,1,0,1.73472347598e-18,0.0188453263773,1,0.981154673623,1,1,0.981154673623,1,0.945,0.904213001228,0.969014658297
quadratic,supported,r2_nearest,0.3,1,200,0,0,200,0.0151170621418,0,0.119667224671,0.239334449341,0,1,0.981154673623,1,0,1.73472347598e-18,0.0188453263773,1,0.981154673623,1,1,0.981154673623,1,0.945,0.904213001228,0.969014658297
quadratic,supported,r2_nearest,0.3,2,200,0,0,200,0.0151170621418,0,0.119667224671,0.239334449341,0,1,0.981154673623,1,0,1.73472347598e-18,0.0188453263773,1,0.981154673623,1,1,0.981154673623,1,0.945,0.904213001228,0.969014658297
quadratic,supported,r2_nearest,0.3,3,200,0,0,200,0.0151170621418,0,0.119667224671,0.239334449341,0,1,0.981154673623,1,0,1.73472347598e-18,0.0188453263773,1,0.981154673623,1,1,0.981154673623,1,0.945,0.904213001228,0.969014658297
quadratic,supported,r2_random,0.2,0,200,0,0,200,0.0151170621418,0,0.119667224671,0.239334449341,0,1,0.981154673623,1,0,1.73472347598e-18,0.0188453263773,1,0.981154673623,1,1,0.981154673623,1,0.945,0.904213001228,0.969014658297
quadratic,supported,r2_random,0.2,1,200,0,0,200,0.0151170621418,0,0.119667224671,0.239334449341,0,1,0.981154673623,1,0,1.73472347598e-18,0.0188453263773,1,0.981154673623,1,1,0.981154673623,1,0.945,0.904213001228,0.969014658297
quadratic,supported,r2_random,0.2,2,200,0,0,200,0.0151170621418,0,0.119667224671,0.239334449341,0,1,0.981154673623,1,0,1.73472347598e-18,0.0188453263773,1,0.981154673623,1,1,0.981154673623,1,0.945,0.904213001228,0.969014658297
quadratic,supported,r2_random,0.2,3,200,0,0,200,0.0151170621418,0,0.119667224671,0.239334449341,0,1,0.981154673623,1,0,1.73472347598e-18,0.0188453263773,1,0.981154673623,1,1,0.981154673623,1,0.945,0.904213001228,0.969014658297
quadratic,supported,r2_random,0.3,0,200,0,0,200,0.0151170621418,0,0.119667224671,0.239334449341,0,1,0.981154673623,1,0,1.73472347598e-18,0.0188453263773,1,0.981154673623,1,1,0.981154673623,1,0.945,0.904213001228,0.969014658297
quadratic,supported,r2_random,0.3,1,200,0,0,200,0.0151170621418,0,0.119667224671,0.239334449341,0,1,0.981154673623,1,0,1.73472347598e-18,0.0188453263773,1,0.981154673623,1,1,0.981154673623,1,0.945,0.904213001228,0.969014658297
quadratic,supported,r2_random,0.3,2,200,0,0,200,0.0151170621418,0,0.119667224671,0.239334449341,0,1,0.981154673623,1,0,1.73472347598e-18,0.0188453263773,1,0.981154673623,1,1,0.981154673623,1,0.945,0.904213001228,0.969014658297
quadratic,supported,r2_random,0.3,3,200,0,0,200,0.0151170621418,0,0.119667224671,0.239334449341,0,1,0.981154673623,1,0,1.73472347598e-18,0.0188453263773,1,0.981154673623,1,1,0.981154673623,1,0.945,0.904213001228,0.969014658297
quadratic,supported,r2_static,0.2,0,200,0,0,200,0.0151170621418,0,0.119667224671,0.239334449341,0,1,0.981154673623,1,0,1.73472347598e-18,0.0188453263773,1,0.981154673623,1,1,0.981154673623,1,0.945,0.904213001228,0.969014658297
quadratic,supported,r2_static,0.2,1,200,0,0,200,0.0151170621418,0,0.119667224671,0.239334449341,0,1,0.981154673623,1,0,1.73472347598e-18,0.0188453263773,1,0.981154673623,1,1,0.981154673623,1,0.945,0.904213001228,0.969014658297
quadratic,supported,r2_static,0.2,2,200,0,0,200,0.0151170621418,0,0.119667224671,0.239334449341,0,1,0.981154673623,1,0,1.73472347598e-18,0.0188453263773,1,0.981154673623,1,1,0.981154673623,1,0.945,0.904213001228,0.969014658297
quadratic,supported,r2_static,0.2,3,200,0,0,200,0.0151170621418,0,0.119667224671,0.239334449341,0,1,0.981154673623,1,0,1.73472347598e-18,0.0188453263773,1,0.981154673623,1,1,0.981154673623,1,0.945,0.904213001228,0.969014658297
quadratic,supported,r2_static,0.3,0,200,0,0,200,0.0151170621418,0,0.119667224671,0.239334449341,0,1,0.981154673623,1,0,1.73472347598e-18,0.0188453263773,1,0.981154673623,1,1,0.981154673623,1,0.945,0.904213001228,0.969014658297
quadratic,supported,r2_static,0.3,1,200,0,0,200,0.0151170621418,0,0.119667224671,0.239334449341,0,1,0.981154673623,1,0,1.73472347598e-18,0.0188453263773,1,0.981154673623,1,1,0.981154673623,1,0.945,0.904213001228,0.969014658297
quadratic,supported,r2_static,0.3,2,200,0,0,200,0.0151170621418,0,0.119667224671,0.239334449341,0,1,0.981154673623,1,0,1.73472347598e-18,0.0188453263773,1,0.981154673623,1,1,0.981154673623,1,0.945,0.904213001228,0.969014658297
quadratic,supported,r2_static,0.3,3,200,0,0,200,0.0151170621418,0,0.119667224671,0.239334449341,0,1,0.981154673623,1,0,1.73472347598e-18,0.0188453263773,1,0.981154673623,1,1,0.981154673623,1,0.945,0.904213001228,0.969014658297
quadratic,supported,r2_targeted,0.2,0,200,0,0,200,0.0151170621418,0,0.119667224671,0.239334449341,0,1,0.981154673623,1,0,1.73472347598e-18,0.0188453263773,1,0.981154673623,1,1,0.981154673623,1,0.945,0.904213001228,0.969014658297
quadratic,supported,r2_targeted,0.2,1,200,0,0,200,0.0151170621418,0,0.119667224671,0.239334449341,0,1,0.981154673623,1,0,1.73472347598e-18,0.0188453263773,1,0.981154673623,1,1,0.981154673623,1,0.945,0.904213001228,0.969014658297
quadratic,supported,r2_targeted,0.2,2,200,0,0,200,0.0151170621418,0,0.119667224671,0.239334449341,0,1,0.981154673623,1,0,1.73472347598e-18,0.0188453263773,1,0.981154673623,1,1,0.981154673623,1,0.945,0.904213001228,0.969014658297
quadratic,supported,r2_targeted,0.2,3,200,0,0,200,0.0151170621418,0,0.119667224671,0.239334449341,0,1,0.981154673623,1,0,1.73472347598e-18,0.0188453263773,1,0.981154673623,1,1,0.981154673623,1,0.945,0.904213001228,0.969014658297
quadratic,supported,r2_targeted,0.3,0,200,0,0,200,0.0151170621418,0,0.119667224671,0.239334449341,0,1,0.981154673623,1,0,1.73472347598e-18,0.0188453263773,1,0.981154673623,1,1,0.981154673623,1,0.945,0.904213001228,0.969014658297
quadratic,supported,r2_targeted,0.3,1,200,0,0,200,0.0151170621418,0,0.119667224671,0.239334449341,0,1,0.981154673623,1,0,1.73472347598e-18,0.0188453263773,1,0.981154673623,1,1,0.981154673623,1,0.945,0.904213001228,0.969014658297
quadratic,supported,r2_targeted,0.3,2,200,0,0,200,0.0151170621418,0,0.119667224671,0.239334449341,0,1,0.981154673623,1,0,1.73472347598e-18,0.0188453263773,1,0.981154673623,1,1,0.981154673623,1,0.945,0.904213001228,0.969014658297
quadratic,supported,r2_targeted,0.3,3,200,0,0,200,0.0151170621418,0,0.119667224671,0.239334449341,0,1,0.981154673623,1,0,1.73472347598e-18,0.0188453263773,1,0.981154673623,1,1,0.981154673623,1,0.945,0.904213001228,0.969014658297
quadratic,supported,rinf_targeted,0.2,0,200,0,0,200,0.0201762543596,0,0.179732272235,0.35946454447,0,1,0.981154673623,1,0,1.73472347598e-18,0.0188453263773,1,0.981154673623,1,1,0.981154673623,1,0.945,0.904213001228,0.969014658297
quadratic,supported,rinf_targeted,0.2,1,200,0,0,200,0.0201762543596,0,0.179732272235,0.35946454447,0,1,0.981154673623,1,0,1.73472347598e-18,0.0188453263773,1,0.981154673623,1,1,0.981154673623,1,0.945,0.904213001228,0.969014658297
quadratic,supported,rinf_targeted,0.2,2,200,0,0,200,0.0201762543596,0,0.179732272235,0.35946454447,0,1,0.981154673623,1,0,1.73472347598e-18,0.0188453263773,1,0.981154673623,1,1,0.981154673623,1,0.945,0.904213001228,0.969014658297
quadratic,supported,rinf_targeted,0.2,3,200,0,0,200,0.0201762543596,0,0.179732272235,0.35946454447,0,1,0.981154673623,1,0,1.73472347598e-18,0.0188453263773,1,0.981154673623,1,1,0.981154673623,1,0.945,0.904213001228,0.969014658297
quadratic,supported,rinf_targeted,0.3,0,200,0,0,200,0.0201762543596,0,0.179732272235,0.35946454447,0,1,0.981154673623,1,0,1.73472347598e-18,0.0188453263773,1,0.981154673623,1,1,0.981154673623,1,0.945,0.904213001228,0.969014658297
quadratic,supported,rinf_targeted,0.3,1,200,0,0,200,0.0201762543596,0,0.179732272235,0.35946454447,0,1,0.981154673623,1,0,1.73472347598e-18,0.0188453263773,1,0.981154673623,1,1,0.981154673623,1,0.945,0.904213001228,0.969014658297
quadratic,supported,rinf_targeted,0.3,2,200,0,0,200,0.0201762543596,0,0.179732272235,0.35946454447,0,1,0.981154673623,1,0,1.73472347598e-18,0.0188453263773,1,0.981154673623,1,1,0.981154673623,1,0.945,0.904213001228,0.969014658297
quadratic,supported,rinf_targeted,0.3,3,200,0,0,200,0.0201762543596,0,0.179732272235,0.35946454447,0,1,0.981154673623,1,0,1.73472347598e-18,0.0188453263773,1,0.981154673623,1,1,0.981154673623,1,0.945,0.904213001228,0.969014658297
quadratic,supported,target_only,0.2,0,200,0,0,0,,,inf,inf,0,0,1.73472347598e-18,0.0188453263773,0,1.73472347598e-18,0.0188453263773,1,0.981154673623,1,1,0.981154673623,1,0.945,0.904213001228,0.969014658297
quadratic,supported,target_only,0.2,1,200,96,1,0,,,0.29205966008,0.584119320161,0,0,1.73472347598e-18,0.0188453263773,0,1.73472347598e-18,0.0188453263773,1,0.981154673623,1,1,0.981154673623,1,0.945,0.904213001228,0.969014658297
quadratic,supported,target_only,0.2,2,200,192,2,0,,,0.206517366154,0.413034732308,0,0,1.73472347598e-18,0.0188453263773,0,1.73472347598e-18,0.0188453263773,0.995,0.972226295602,0.999116831284,0.995,0.972226295602,0.999116831284,0.945,0.904213001228,0.969014658297
quadratic,supported,target_only,0.2,3,200,288,3,200,0.0470465472218,0.005,0.168620723367,0.337241446734,0,1,0.981154673623,1,0.005,0.000883168715601,0.0277737043979,0.995,0.972226295602,0.999116831284,0.995,0.972226295602,0.999116831284,0.945,0.904213001228,0.969014658297
quadratic,supported,target_only,0.3,0,200,0,0,0,,,inf,inf,0,0,1.73472347598e-18,0.0188453263773,0,1.73472347598e-18,0.0188453263773,1,0.981154673623,1,1,0.981154673623,1,0.945,0.904213001228,0.969014658297
quadratic,supported,target_only,0.3,1,200,96,1,200,0.0804852483382,0,0.29205966008,0.584119320161,0,1,0.981154673623,1,0,1.73472347598e-18,0.0188453263773,1,0.981154673623,1,1,0.981154673623,1,0.945,0.904213001228,0.969014658297
quadratic,supported,target_only,0.3,2,200,96,1,200,0.0804852483382,0,0.29205966008,0.584119320161,0,1,0.981154673623,1,0,1.73472347598e-18,0.0188453263773,1,0.981154673623,1,1,0.981154673623,1,0.945,0.904213001228,0.969014658297
quadratic,supported,target_only,0.3,3,200,96,1,200,0.0804852483382,0,0.29205966008,0.584119320161,0,1,0.981154673623,1,0,1.73472347598e-18,0.0188453263773,1,0.981154673623,1,1,0.981154673623,1,0.945,0.904213001228,0.969014658297
quadratic,unreachable,r2_nearest,0.2,0,200,0,0,0,,,1.53586769181,3.07644871574,0,0,1.73472347598e-18,0.0188453263773,0,1.73472347598e-18,0.0188453263773,1,0.981154673623,1,1,0.981154673623,1,0.955,0.916703295998,0.976147456999
quadratic,unreachable,r2_nearest,0.2,1,200,96,1,0,,,1.36823635101,2.68904845327,0,0,1.73472347598e-18,0.0188453263773,0,1.73472347598e-18,0.0188453263773,1,0.981154673623,1,1,0.981154673623,1,0.955,0.916703295998,0.976147456999
quadratic,unreachable,r2_nearest,0.2,2,200,192,2,0,,,1.31532831929,2.67434149065,0,0,1.73472347598e-18,0.0188453263773,0,1.73472347598e-18,0.0188453263773,1,0.981154673623,1,1,0.981154673623,1,0.955,0.916703295998,0.976147456999
quadratic,unreachable,r2_nearest,0.2,3,200,288,3,0,,,1.29822868765,2.66622351724,0,0,1.73472347598e-18,0.0188453263773,0,1.73472347598e-18,0.0188453263773,1,0.981154673623,1,1,0.981154673623,1,0.955,0.916703295998,0.976147456999
quadratic,unreachable,r2_nearest,0.3,0,200,0,0,0,,,1.53586769181,3.07644871574,0,0,1.73472347598e-18,0.0188453263773,0,1.73472347598e-18,0.0188453263773,1,0.981154673623,1,1,0.981154673623,1,0.955,0.916703295998,0.976147456999
quadratic,unreachable,r2_nearest,0.3,1,200,96,1,0,,,1.36823635101,2.68904845327,0,0,1.73472347598e-18,0.0188453263773,0,1.73472347598e-18,0.0188453263773,1,0.981154673623,1,1,0.981154673623,1,0.955,0.916703295998,0.976147456999
quadratic,unreachable,r2_nearest,0.3,2,200,192,2,0,,,1.31532831929,2.67434149065,0,0,1.73472347598e-18,0.0188453263773,0,1.73472347598e-18,0.0188453263773,1,0.981154673623,1,1,0.981154673623,1,0.955,0.916703295998,0.976147456999
quadratic,unreachable,r2_nearest,0.3,3,200,288,3,0,,,1.29822868765,2.66622351724,0,0,1.73472347598e-18,0.0188453263773,0,1.73472347598e-18,0.0188453263773,1,0.981154673623,1,1,0.981154673623,1,0.955,0.916703295998,0.976147456999
quadratic,unreachable,r2_random,0.2,0,200,0,0,0,,,1.53586769181,3.07644871574,0,0,1.73472347598e-18,0.0188453263773,0,1.73472347598e-18,0.0188453263773,1,0.981154673623,1,1,0.981154673623,1,0.955,0.916703295998,0.976147456999
quadratic,unreachable,r2_random,0.2,1,200,96,1,0,,,1.47844431829,2.96363495975,0,0,1.73472347598e-18,0.0188453263773,0,1.73472347598e-18,0.0188453263773,1,0.981154673623,1,1,0.981154673623,1,0.955,0.916703295998,0.976147456999
quadratic,unreachable,r2_random,0.2,2,200,192,2,0,,,1.42792464377,2.86817673154,0,0,1.73472347598e-18,0.0188453263773,0,1.73472347598e-18,0.0188453263773,1,0.981154673623,1,1,0.981154673623,1,0.955,0.916703295998,0.976147456999
quadratic,unreachable,r2_random,0.2,3,200,288,3,0,,,1.38351817439,2.78558490275,0,0,1.73472347598e-18,0.0188453263773,0,1.73472347598e-18,0.0188453263773,1,0.981154673623,1,1,0.981154673623,1,0.955,0.916703295998,0.976147456999
quadratic,unreachable,r2_random,0.3,0,200,0,0,0,,,1.53586769181,3.07644871574,0,0,1.73472347598e-18,0.0188453263773,0,1.73472347598e-18,0.0188453263773,1,0.981154673623,1,1,0.981154673623,1,0.955,0.916703295998,0.976147456999
quadratic,unreachable,r2_random,0.3,1,200,96,1,0,,,1.47844431829,2.96363495975,0,0,1.73472347598e-18,0.0188453263773,0,1.73472347598e-18,0.0188453263773,1,0.981154673623,1,1,0.981154673623,1,0.955,0.916703295998,0.976147456999
quadratic,unreachable,r2_random,0.3,2,200,192,2,0,,,1.42792464377,2.86817673154,0,0,1.73472347598e-18,0.0188453263773,0,1.73472347598e-18,0.0188453263773,1,0.981154673623,1,1,0.981154673623,1,0.955,0.916703295998,0.976147456999
quadratic,unreachable,r2_random,0.3,3,200,288,3,0,,,1.38351817439,2.78558490275,0,0,1.73472347598e-18,0.0188453263773,0,1.73472347598e-18,0.0188453263773,1,0.981154673623,1,1,0.981154673623,1,0.955,0.916703295998,0.976147456999
quadratic,unreachable,r2_static,0.2,0,200,0,0,0,,,1.53586769181,3.07644871574,0,0,1.73472347598e-18,0.0188453263773,0,1.73472347598e-18,0.0188453263773,1,0.981154673623,1,1,0.981154673623,1,0.955,0.916703295998,0.976147456999
quadratic,unreachable,r2_static,0.2,1,200,0,0,0,,,1.53586769181,3.07644871574,0,0,1.73472347598e-18,0.0188453263773,0,1.73472347598e-18,0.0188453263773,1,0.981154673623,1,1,0.981154673623,1,0.955,0.916703295998,0.976147456999
quadratic,unreachable,r2_static,0.2,2,200,0,0,0,,,1.53586769181,3.07644871574,0,0,1.73472347598e-18,0.0188453263773,0,1.73472347598e-18,0.0188453263773,1,0.981154673623,1,1,0.981154673623,1,0.955,0.916703295998,0.976147456999
quadratic,unreachable,r2_static,0.2,3,200,0,0,0,,,1.53586769181,3.07644871574,0,0,1.73472347598e-18,0.0188453263773,0,1.73472347598e-18,0.0188453263773,1,0.981154673623,1,1,0.981154673623,1,0.955,0.916703295998,0.976147456999
quadratic,unreachable,r2_static,0.3,0,200,0,0,0,,,1.53586769181,3.07644871574,0,0,1.73472347598e-18,0.0188453263773,0,1.73472347598e-18,0.0188453263773,1,0.981154673623,1,1,0.981154673623,1,0.955,0.916703295998,0.976147456999
quadratic,unreachable,r2_static,0.3,1,200,0,0,0,,,1.53586769181,3.07644871574,0,0,1.73472347598e-18,0.0188453263773,0,1.73472347598e-18,0.0188453263773,1,0.981154673623,1,1,0.981154673623,1,0.955,0.916703295998,0.976147456999
quadratic,unreachable,r2_static,0.3,2,200,0,0,0,,,1.53586769181,3.07644871574,0,0,1.73472347598e-18,0.0188453263773,0,1.73472347598e-18,0.0188453263773,1,0.981154673623,1,1,0.981154673623,1,0.955,0.916703295998,0.976147456999
quadratic,unreachable,r2_static,0.3,3,200,0,0,0,,,1.53586769181,3.07644871574,0,0,1.73472347598e-18,0.0188453263773,0,1.73472347598e-18,0.0188453263773,1,0.981154673623,1,1,0.981154673623,1,0.955,0.916703295998,0.976147456999
quadratic,unreachable,r2_targeted,0.2,0,200,0,0,0,,,1.53586769181,3.07644871574,0,0,1.73472347598e-18,0.0188453263773,0,1.73472347598e-18,0.0188453263773,1,0.981154673623,1,1,0.981154673623,1,0.955,0.916703295998,0.976147456999
quadratic,unreachable,r2_targeted,0.2,1,200,96,1,0,,,1.36823635101,2.68904845327,0,0,1.73472347598e-18,0.0188453263773,0,1.73472347598e-18,0.0188453263773,1,0.981154673623,1,1,0.981154673623,1,0.955,0.916703295998,0.976147456999
quadratic,unreachable,r2_targeted,0.2,2,200,192,2,0,,,1.31532831929,2.67434149065,0,0,1.73472347598e-18,0.0188453263773,0,1.73472347598e-18,0.0188453263773,1,0.981154673623,1,1,0.981154673623,1,0.955,0.916703295998,0.976147456999
quadratic,unreachable,r2_targeted,0.2,3,200,288,3,0,,,1.29822868765,2.66622351724,0,0,1.73472347598e-18,0.0188453263773,0,1.73472347598e-18,0.0188453263773,1,0.981154673623,1,1,0.981154673623,1,0.955,0.916703295998,0.976147456999
quadratic,unreachable,r2_targeted,0.3,0,200,0,0,0,,,1.53586769181,3.07644871574,0,0,1.73472347598e-18,0.0188453263773,0,1.73472347598e-18,0.0188453263773,1,0.981154673623,1,1,0.981154673623,1,0.955,0.916703295998,0.976147456999
quadratic,unreachable,r2_targeted,0.3,1,200,96,1,0,,,1.36823635101,2.68904845327,0,0,1.73472347598e-18,0.0188453263773,0,1.73472347598e-18,0.0188453263773,1,0.981154673623,1,1,0.981154673623,1,0.955,0.916703295998,0.976147456999
quadratic,unreachable,r2_targeted,0.3,2,200,192,2,0,,,1.31532831929,2.67434149065,0,0,1.73472347598e-18,0.0188453263773,0,1.73472347598e-18,0.0188453263773,1,0.981154673623,1,1,0.981154673623,1,0.955,0.916703295998,0.976147456999
quadratic,unreachable,r2_targeted,0.3,3,200,288,3,0,,,1.29822868765,2.66622351724,0,0,1.73472347598e-18,0.0188453263773,0,1.73472347598e-18,0.0188453263773,1,0.981154673623,1,1,0.981154673623,1,0.955,0.916703295998,0.976147456999
quadratic,unreachable,rinf_targeted,0.2,0,200,0,0,0,,,1.54055534816,3.06267723799,0,0,1.73472347598e-18,0.0188453263773,0,1.73472347598e-18,0.0188453263773,1,0.981154673623,1,1,0.981154673623,1,0.955,0.916703295998,0.976147456999
quadratic,unreachable,rinf_targeted,0.2,1,200,96,1,0,,,1.37497041995,2.65906868116,0,0,1.73472347598e-18,0.0188453263773,0,1.73472347598e-18,0.0188453263773,1,0.981154673623,1,1,0.981154673623,1,0.955,0.916703295998,0.976147456999
quadratic,unreachable,rinf_targeted,0.2,2,200,192,2,0,,,1.37497041995,2.65747223097,0,0,1.73472347598e-18,0.0188453263773,0,1.73472347598e-18,0.0188453263773,1,0.981154673623,1,1,0.981154673623,1,0.955,0.916703295998,0.976147456999
quadratic,unreachable,rinf_targeted,0.2,3,200,288,3,0,,,1.37497041995,2.65524466277,0,0,1.73472347598e-18,0.0188453263773,0,1.73472347598e-18,0.0188453263773,1,0.981154673623,1,1,0.981154673623,1,0.955,0.916703295998,0.976147456999
quadratic,unreachable,rinf_targeted,0.3,0,200,0,0,0,,,1.54055534816,3.06267723799,0,0,1.73472347598e-18,0.0188453263773,0,1.73472347598e-18,0.0188453263773,1,0.981154673623,1,1,0.981154673623,1,0.955,0.916703295998,0.976147456999
quadratic,unreachable,rinf_targeted,0.3,1,200,96,1,0,,,1.37497041995,2.65906868116,0,0,1.73472347598e-18,0.0188453263773,0,1.73472347598e-18,0.0188453263773,1,0.981154673623,1,1,0.981154673623,1,0.955,0.916703295998,0.976147456999
quadratic,unreachable,rinf_targeted,0.3,2,200,192,2,0,,,1.37497041995,2.65747223097,0,0,1.73472347598e-18,0.0188453263773,0,1.73472347598e-18,0.0188453263773,1,0.981154673623,1,1,0.981154673623,1,0.955,0.916703295998,0.976147456999
quadratic,unreachable,rinf_targeted,0.3,3,200,288,3,0,,,1.37497041995,2.65524466277,0,0,1.73472347598e-18,0.0188453263773,0,1.73472347598e-18,0.0188453263773,1,0.981154673623,1,1,0.981154673623,1,0.955,0.916703295998,0.976147456999
quadratic,unreachable,target_only,0.2,0,200,0,0,0,,,inf,inf,0,0,1.73472347598e-18,0.0188453263773,0,1.73472347598e-18,0.0188453263773,1,0.981154673623,1,1,0.981154673623,1,0.955,0.916703295998,0.976147456999
quadratic,unreachable,target_only,0.2,1,200,96,1,0,,,0.29205966008,0.584119320161,0,0,1.73472347598e-18,0.0188453263773,0,1.73472347598e-18,0.0188453263773,1,0.981154673623,1,1,0.981154673623,1,0.955,0.916703295998,0.976147456999
quadratic,unreachable,target_only,0.2,2,200,192,2,0,,,0.206517366154,0.413034732308,0,0,1.73472347598e-18,0.0188453263773,0,1.73472347598e-18,0.0188453263773,0.99,0.964278238284,0.997253341866,0.99,0.964278238284,0.997253341866,0.955,0.916703295998,0.976147456999
quadratic,unreachable,target_only,0.2,3,200,288,3,200,0.0425797781542,0,0.168620723367,0.337241446734,0,1,0.981154673623,1,0,1.73472347598e-18,0.0188453263773,0.99,0.964278238284,0.997253341866,1,0.981154673623,1,0.955,0.916703295998,0.976147456999
quadratic,unreachable,target_only,0.3,0,200,0,0,0,,,inf,inf,0,0,1.73472347598e-18,0.0188453263773,0,1.73472347598e-18,0.0188453263773,1,0.981154673623,1,1,0.981154673623,1,0.955,0.916703295998,0.976147456999
quadratic,unreachable,target_only,0.3,1,200,96,1,200,0.079963013104,0,0.29205966008,0.584119320161,0,1,0.981154673623,1,0,1.73472347598e-18,0.0188453263773,1,0.981154673623,1,1,0.981154673623,1,0.955,0.916703295998,0.976147456999
quadratic,unreachable,target_only,0.3,2,200,96,1,200,0.079963013104,0,0.29205966008,0.584119320161,0,1,0.981154673623,1,0,1.73472347598e-18,0.0188453263773,1,0.981154673623,1,1,0.981154673623,1,0.955,0.916703295998,0.976147456999
quadratic,unreachable,target_only,0.3,3,200,96,1,200,0.079963013104,0,0.29205966008,0.584119320161,0,1,0.981154673623,1,0,1.73472347598e-18,0.0188453263773,1,0.981154673623,1,1,0.981154673623,1,0.955,0.916703295998,0.976147456999
sinusoidal,bridgeable,r2_nearest,0.2,0,200,0,0,0,,,0.54429172801,1.08418559941,0,0,1.73472347598e-18,0.0188453263773,0,1.73472347598e-18,0.0188453263773,1,0.981154673623,1,1,0.981154673623,1,0.94,0.898068307042,0.965347805746
sinusoidal,bridgeable,r2_nearest,0.2,1,200,96,1,0,,,0.406639803776,0.651907188156,0,0,1.73472347598e-18,0.0188453263773,0,1.73472347598e-18,0.0188453263773,1,0.981154673623,1,1,0.981154673623,1,0.94,0.898068307042,0.965347805746
sinusoidal,bridgeable,r2_nearest,0.2,2,200,192,2,0,,,0.323883877257,0.603614384095,0,0,1.73472347598e-18,0.0188453263773,0,1.73472347598e-18,0.0188453263773,1,0.981154673623,1,1,0.981154673623,1,0.94,0.898068307042,0.965347805746
sinusoidal,bridgeable,r2_nearest,0.2,3,200,288,3,0,,,0.261960595542,0.572684615324,0,0,1.73472347598e-18,0.0188453263773,0,1.73472347598e-18,0.0188453263773,1,0.981154673623,1,1,0.981154673623,1,0.94,0.898068307042,0.965347805746
sinusoidal,bridgeable,r2_nearest,0.3,0,200,0,0,0,,,0.54429172801,1.08418559941,0,0,1.73472347598e-18,0.0188453263773,0,1.73472347598e-18,0.0188453263773,1,0.981154673623,1,1,0.981154673623,1,0.94,0.898068307042,0.965347805746
sinusoidal,bridgeable,r2_nearest,0.3,1,200,96,1,0,,,0.406639803776,0.651907188156,0,0,1.73472347598e-18,0.0188453263773,0,1.73472347598e-18,0.0188453263773,1,0.981154673623,1,1,0.981154673623,1,0.94,0.898068307042,0.965347805746
sinusoidal,bridgeable,r2_nearest,0.3,2,200,192,2,99,0.047832083503,0,0.323883877257,0.590454417296,0,0.495,0.426458453599,0.563729999665,0,1.73472347598e-18,0.0188453263773,1,0.981154673623,1,1,0.981154673623,1,0.94,0.898068307042,0.965347805746
sinusoidal,bridgeable,r2_nearest,0.3,3,200,240.48,2.505,200,0.0462040963097,0,0.26874197824,0.537483956479,0,1,0.981154673623,1,0,1.73472347598e-18,0.0188453263773,1,0.981154673623,1,1,0.981154673623,1,0.94,0.898068307042,0.965347805746
sinusoidal,bridgeable,r2_random,0.2,0,200,0,0,0,,,0.54429172801,1.08418559941,0,0,1.73472347598e-18,0.0188453263773,0,1.73472347598e-18,0.0188453263773,1,0.981154673623,1,1,0.981154673623,1,0.94,0.898068307042,0.965347805746
sinusoidal,bridgeable,r2_random,0.2,1,200,96,1,0,,,0.360213914336,0.716546841332,0,0,1.73472347598e-18,0.0188453263773,0,1.73472347598e-18,0.0188453263773,1,0.981154673623,1,1,0.981154673623,1,0.94,0.898068307042,0.965347805746
sinusoidal,bridgeable,r2_random,0.2,2,200,192,2,0,,,0.282410486349,0.624348522192,0,0,1.73472347598e-18,0.0188453263773,0,1.73472347598e-18,0.0188453263773,1,0.981154673623,1,1,0.981154673623,1,0.94,0.898068307042,0.965347805746
sinusoidal,bridgeable,r2_random,0.2,3,200,288,3,0,,,0.248355798069,0.580493839345,0,0,1.73472347598e-18,0.0188453263773,0,1.73472347598e-18,0.0188453263773,1,0.981154673623,1,1,0.981154673623,1,0.94,0.898068307042,0.965347805746
sinusoidal,bridgeable,r2_random,0.3,0,200,0,0,0,,,0.54429172801,1.08418559941,0,0,1.73472347598e-18,0.0188453263773,0,1.73472347598e-18,0.0188453263773,1,0.981154673623,1,1,0.981154673623,1,0.94,0.898068307042,0.965347805746
sinusoidal,bridgeable,r2_random,0.3,1,200,96,1,24,0.0422467093965,0,0.360213914336,0.712644051126,0,0.12,0.0819799270638,0.172342520983,0,1.73472347598e-18,0.0188453263773,1,0.981154673623,1,1,0.981154673623,1,0.94,0.898068307042,0.965347805746
sinusoidal,bridgeable,r2_random,0.3,2,200,180.48,1.88,174,0.0385090422957,0,0.286299877432,0.571021331262,0,0.87,0.816336481278,0.909717977203,0,1.73472347598e-18,0.0188453263773,1,0.981154673623,1,1,0.981154673623,1,0.94,0.898068307042,0.965347805746
sinusoidal,bridgeable,r2_random,0.3,3,200,192.96,2.01,200,0.0387027677528,0,0.274335667517,0.548671335034,0,1,0.981154673623,1,0,1.73472347598e-18,0.0188453263773,1,0.981154673623,1,1,0.981154673623,1,0.94,0.898068307042,0.965347805746
sinusoidal,bridgeable,r2_static,0.2,0,200,0,0,0,,,0.54429172801,1.08418559941,0,0,1.73472347598e-18,0.0188453263773,0,1.73472347598e-18,0.0188453263773,1,0.981154673623,1,1,0.981154673623,1,0.94,0.898068307042,0.965347805746
sinusoidal,bridgeable,r2_static,0.2,1,200,0,0,0,,,0.54429172801,1.08418559941,0,0,1.73472347598e-18,0.0188453263773,0,1.73472347598e-18,0.0188453263773,1,0.981154673623,1,1,0.981154673623,1,0.94,0.898068307042,0.965347805746
sinusoidal,bridgeable,r2_static,0.2,2,200,0,0,0,,,0.54429172801,1.08418559941,0,0,1.73472347598e-18,0.0188453263773,0,1.73472347598e-18,0.0188453263773,1,0.981154673623,1,1,0.981154673623,1,0.94,0.898068307042,0.965347805746
sinusoidal,bridgeable,r2_static,0.2,3,200,0,0,0,,,0.54429172801,1.08418559941,0,0,1.73472347598e-18,0.0188453263773,0,1.73472347598e-18,0.0188453263773,1,0.981154673623,1,1,0.981154673623,1,0.94,0.898068307042,0.965347805746
sinusoidal,bridgeable,r2_static,0.3,0,200,0,0,0,,,0.54429172801,1.08418559941,0,0,1.73472347598e-18,0.0188453263773,0,1.73472347598e-18,0.0188453263773,1,0.981154673623,1,1,0.981154673623,1,0.94,0.898068307042,0.965347805746
sinusoidal,bridgeable,r2_static,0.3,1,200,0,0,0,,,0.54429172801,1.08418559941,0,0,1.73472347598e-18,0.0188453263773,0,1.73472347598e-18,0.0188453263773,1,0.981154673623,1,1,0.981154673623,1,0.94,0.898068307042,0.965347805746
sinusoidal,bridgeable,r2_static,0.3,2,200,0,0,0,,,0.54429172801,1.08418559941,0,0,1.73472347598e-18,0.0188453263773,0,1.73472347598e-18,0.0188453263773,1,0.981154673623,1,1,0.981154673623,1,0.94,0.898068307042,0.965347805746
sinusoidal,bridgeable,r2_static,0.3,3,200,0,0,0,,,0.54429172801,1.08418559941,0,0,1.73472347598e-18,0.0188453263773,0,1.73472347598e-18,0.0188453263773,1,0.981154673623,1,1,0.981154673623,1,0.94,0.898068307042,0.965347805746
sinusoidal,bridgeable,r2_targeted,0.2,0,200,0,0,0,,,0.54429172801,1.08418559941,0,0,1.73472347598e-18,0.0188453263773,0,1.73472347598e-18,0.0188453263773,1,0.981154673623,1,1,0.981154673623,1,0.94,0.898068307042,0.965347805746
sinusoidal,bridgeable,r2_targeted,0.2,1,200,96,1,0,,,0.303221670145,0.662065888446,0,0,1.73472347598e-18,0.0188453263773,0,1.73472347598e-18,0.0188453263773,1,0.981154673623,1,1,0.981154673623,1,0.94,0.898068307042,0.965347805746
sinusoidal,bridgeable,r2_targeted,0.2,2,200,192,2,0,,,0.258179704974,0.592311303019,0,0,1.73472347598e-18,0.0188453263773,0,1.73472347598e-18,0.0188453263773,1,0.981154673623,1,1,0.981154673623,1,0.94,0.898068307042,0.965347805746
sinusoidal,bridgeable,r2_targeted,0.2,3,200,288,3,0,,,0.236062010357,0.54835960571,0,0,1.73472347598e-18,0.0188453263773,0,1.73472347598e-18,0.0188453263773,1,0.981154673623,1,1,0.981154673623,1,0.94,0.898068307042,0.965347805746
sinusoidal,bridgeable,r2_targeted,0.3,0,200,0,0,0,,,0.54429172801,1.08418559941,0,0,1.73472347598e-18,0.0188453263773,0,1.73472347598e-18,0.0188453263773,1,0.981154673623,1,1,0.981154673623,1,0.94,0.898068307042,0.965347805746
sinusoidal,bridgeable,r2_targeted,0.3,1,200,96,1,63,0.0424667252539,0,0.303221670145,0.637420108277,0,0.315,0.254623209902,0.382349560857,0,1.73472347598e-18,0.0188453263773,1,0.981154673623,1,1,0.981154673623,1,0.94,0.898068307042,0.965347805746
sinusoidal,bridgeable,r2_targeted,0.3,2,200,161.76,1.685,200,0.0366268830439,0,0.27176913035,0.543538260699,0,1,0.981154673623,1,0,1.73472347598e-18,0.0188453263773,1,0.981154673623,1,1,0.981154673623,1,0.94,0.898068307042,0.965347805746
sinusoidal,bridgeable,r2_targeted,0.3,3,200,161.76,1.685,200,0.0366268830439,0,0.27176913035,0.543538260699,0,1,0.981154673623,1,0,1.73472347598e-18,0.0188453263773,1,0.981154673623,1,1,0.981154673623,1,0.94,0.898068307042,0.965347805746
sinusoidal,bridgeable,rinf_targeted,0.2,0,200,0,0,0,,,0.557023524268,1.07041412165,0,0,1.73472347598e-18,0.0188453263773,0,1.73472347598e-18,0.0188453263773,1,0.981154673623,1,1,0.981154673623,1,0.94,0.898068307042,0.965347805746
sinusoidal,bridgeable,rinf_targeted,0.2,1,200,96,1,0,,,0.361540430798,0.614213696522,0,0,1.73472347598e-18,0.0188453263773,0,1.73472347598e-18,0.0188453263773,1,0.981154673623,1,1,0.981154673623,1,0.94,0.898068307042,0.965347805746
sinusoidal,bridgeable,rinf_targeted,0.2,2,200,192,2,0,,,0.361492935114,0.582880424399,0,0,1.73472347598e-18,0.0188453263773,0,1.73472347598e-18,0.0188453263773,1,0.981154673623,1,1,0.981154673623,1,0.94,0.898068307042,0.965347805746
sinusoidal,bridgeable,rinf_targeted,0.2,3,200,288,3,0,,,0.361476089198,0.562605891772,0,0,1.73472347598e-18,0.0188453263773,0,1.73472347598e-18,0.0188453263773,1,0.981154673623,1,1,0.981154673623,1,0.94,0.898068307042,0.965347805746
sinusoidal,bridgeable,rinf_targeted,0.3,0,200,0,0,0,,,0.557023524268,1.07041412165,0,0,1.73472347598e-18,0.0188453263773,0,1.73472347598e-18,0.0188453263773,1,0.981154673623,1,1,0.981154673623,1,0.94,0.898068307042,0.965347805746
sinusoidal,bridgeable,rinf_targeted,0.3,1,200,96,1,0,,,0.361540430798,0.614213696522,0,0,1.73472347598e-18,0.0188453263773,0,1.73472347598e-18,0.0188453263773,1,0.981154673623,1,1,0.981154673623,1,0.94,0.898068307042,0.965347805746
sinusoidal,bridgeable,rinf_targeted,0.3,2,200,192,2,0,,,0.361492935114,0.582880424399,0,0,1.73472347598e-18,0.0188453263773,0,1.73472347598e-18,0.0188453263773,1,0.981154673623,1,1,0.981154673623,1,0.94,0.898068307042,0.965347805746
sinusoidal,bridgeable,rinf_targeted,0.3,3,200,288,3,0,,,0.361476089198,0.562605891772,0,0,1.73472347598e-18,0.0188453263773,0,1.73472347598e-18,0.0188453263773,1,0.981154673623,1,1,0.981154673623,1,0.94,0.898068307042,0.965347805746
sinusoidal,bridgeable,target_only,0.2,0,200,0,0,0,,,inf,inf,0,0,1.73472347598e-18,0.0188453263773,0,1.73472347598e-18,0.0188453263773,1,0.981154673623,1,1,0.981154673623,1,0.94,0.898068307042,0.965347805746
sinusoidal,bridgeable,target_only,0.2,1,200,96,1,0,,,0.29205966008,0.584119320161,0,0,1.73472347598e-18,0.0188453263773,0,1.73472347598e-18,0.0188453263773,0.995,0.972226295602,0.999116831284,0.995,0.972226295602,0.999116831284,0.94,0.898068307042,0.965347805746
sinusoidal,bridgeable,target_only,0.2,2,200,192,2,0,,,0.206517366154,0.413034732308,0,0,1.73472347598e-18,0.0188453263773,0,1.73472347598e-18,0.0188453263773,0.995,0.972226295602,0.999116831284,0.995,0.972226295602,0.999116831284,0.94,0.898068307042,0.965347805746
sinusoidal,bridgeable,target_only,0.2,3,200,288,3,200,0.0488950202471,0,0.168620723367,0.337241446734,0,1,0.981154673623,1,0,1.73472347598e-18,0.0188453263773,0.995,0.972226295602,0.999116831284,1,0.981154673623,1,0.94,0.898068307042,0.965347805746
sinusoidal,bridgeable,target_only,0.3,0,200,0,0,0,,,inf,inf,0,0,1.73472347598e-18,0.0188453263773,0,1.73472347598e-18,0.0188453263773,1,0.981154673623,1,1,0.981154673623,1,0.94,0.898068307042,0.965347805746
sinusoidal,bridgeable,target_only,0.3,1,200,96,1,200,0.0806639264287,0.005,0.29205966008,0.584119320161,0,1,0.981154673623,1,0.005,0.000883168715601,0.0277737043979,0.995,0.972226295602,0.999116831284,0.995,0.972226295602,0.999116831284,0.94,0.898068307042,0.965347805746
sinusoidal,bridgeable,target_only,0.3,2,200,96,1,200,0.0806639264287,0.005,0.29205966008,0.584119320161,0,1,0.981154673623,1,0.005,0.000883168715601,0.0277737043979,0.995,0.972226295602,0.999116831284,0.995,0.972226295602,0.999116831284,0.94,0.898068307042,0.965347805746
sinusoidal,bridgeable,target_only,0.3,3,200,96,1,200,0.0806639264287,0.005,0.29205966008,0.584119320161,0,1,0.981154673623,1,0.005,0.000883168715601,0.0277737043979,0.995,0.972226295602,0.999116831284,0.995,0.972226295602,0.999116831284,0.94,0.898068307042,0.965347805746
sinusoidal,supported,r2_nearest,0.2,0,200,0,0,200,0.0156632598229,0,0.120384253776,0.240768507552,0,1,0.981154673623,1,0,1.73472347598e-18,0.0188453263773,1,0.981154673623,1,1,0.981154673623,1,0.97,0.936105707545,0.98617968566
sinusoidal,supported,r2_nearest,0.2,1,200,0,0,200,0.0156632598229,0,0.120384253776,0.240768507552,0,1,0.981154673623,1,0,1.73472347598e-18,0.0188453263773,1,0.981154673623,1,1,0.981154673623,1,0.97,0.936105707545,0.98617968566
sinusoidal,supported,r2_nearest,0.2,2,200,0,0,200,0.0156632598229,0,0.120384253776,0.240768507552,0,1,0.981154673623,1,0,1.73472347598e-18,0.0188453263773,1,0.981154673623,1,1,0.981154673623,1,0.97,0.936105707545,0.98617968566
sinusoidal,supported,r2_nearest,0.2,3,200,0,0,200,0.0156632598229,0,0.120384253776,0.240768507552,0,1,0.981154673623,1,0,1.73472347598e-18,0.0188453263773,1,0.981154673623,1,1,0.981154673623,1,0.97,0.936105707545,0.98617968566
sinusoidal,supported,r2_nearest,0.3,0,200,0,0,200,0.0156632598229,0,0.120384253776,0.240768507552,0,1,0.981154673623,1,0,1.73472347598e-18,0.0188453263773,1,0.981154673623,1,1,0.981154673623,1,0.97,0.936105707545,0.98617968566
sinusoidal,supported,r2_nearest,0.3,1,200,0,0,200,0.0156632598229,0,0.120384253776,0.240768507552,0,1,0.981154673623,1,0,1.73472347598e-18,0.0188453263773,1,0.981154673623,1,1,0.981154673623,1,0.97,0.936105707545,0.98617968566
sinusoidal,supported,r2_nearest,0.3,2,200,0,0,200,0.0156632598229,0,0.120384253776,0.240768507552,0,1,0.981154673623,1,0,1.73472347598e-18,0.0188453263773,1,0.981154673623,1,1,0.981154673623,1,0.97,0.936105707545,0.98617968566
sinusoidal,supported,r2_nearest,0.3,3,200,0,0,200,0.0156632598229,0,0.120384253776,0.240768507552,0,1,0.981154673623,1,0,1.73472347598e-18,0.0188453263773,1,0.981154673623,1,1,0.981154673623,1,0.97,0.936105707545,0.98617968566
sinusoidal,supported,r2_random,0.2,0,200,0,0,200,0.0156632598229,0,0.120384253776,0.240768507552,0,1,0.981154673623,1,0,1.73472347598e-18,0.0188453263773,1,0.981154673623,1,1,0.981154673623,1,0.97,0.936105707545,0.98617968566
sinusoidal,supported,r2_random,0.2,1,200,0,0,200,0.0156632598229,0,0.120384253776,0.240768507552,0,1,0.981154673623,1,0,1.73472347598e-18,0.0188453263773,1,0.981154673623,1,1,0.981154673623,1,0.97,0.936105707545,0.98617968566
sinusoidal,supported,r2_random,0.2,2,200,0,0,200,0.0156632598229,0,0.120384253776,0.240768507552,0,1,0.981154673623,1,0,1.73472347598e-18,0.0188453263773,1,0.981154673623,1,1,0.981154673623,1,0.97,0.936105707545,0.98617968566
sinusoidal,supported,r2_random,0.2,3,200,0,0,200,0.0156632598229,0,0.120384253776,0.240768507552,0,1,0.981154673623,1,0,1.73472347598e-18,0.0188453263773,1,0.981154673623,1,1,0.981154673623,1,0.97,0.936105707545,0.98617968566
sinusoidal,supported,r2_random,0.3,0,200,0,0,200,0.0156632598229,0,0.120384253776,0.240768507552,0,1,0.981154673623,1,0,1.73472347598e-18,0.0188453263773,1,0.981154673623,1,1,0.981154673623,1,0.97,0.936105707545,0.98617968566
sinusoidal,supported,r2_random,0.3,1,200,0,0,200,0.0156632598229,0,0.120384253776,0.240768507552,0,1,0.981154673623,1,0,1.73472347598e-18,0.0188453263773,1,0.981154673623,1,1,0.981154673623,1,0.97,0.936105707545,0.98617968566
sinusoidal,supported,r2_random,0.3,2,200,0,0,200,0.0156632598229,0,0.120384253776,0.240768507552,0,1,0.981154673623,1,0,1.73472347598e-18,0.0188453263773,1,0.981154673623,1,1,0.981154673623,1,0.97,0.936105707545,0.98617968566
sinusoidal,supported,r2_random,0.3,3,200,0,0,200,0.0156632598229,0,0.120384253776,0.240768507552,0,1,0.981154673623,1,0,1.73472347598e-18,0.0188453263773,1,0.981154673623,1,1,0.981154673623,1,0.97,0.936105707545,0.98617968566
sinusoidal,supported,r2_static,0.2,0,200,0,0,200,0.0156632598229,0,0.120384253776,0.240768507552,0,1,0.981154673623,1,0,1.73472347598e-18,0.0188453263773,1,0.981154673623,1,1,0.981154673623,1,0.97,0.936105707545,0.98617968566
sinusoidal,supported,r2_static,0.2,1,200,0,0,200,0.0156632598229,0,0.120384253776,0.240768507552,0,1,0.981154673623,1,0,1.73472347598e-18,0.0188453263773,1,0.981154673623,1,1,0.981154673623,1,0.97,0.936105707545,0.98617968566
sinusoidal,supported,r2_static,0.2,2,200,0,0,200,0.0156632598229,0,0.120384253776,0.240768507552,0,1,0.981154673623,1,0,1.73472347598e-18,0.0188453263773,1,0.981154673623,1,1,0.981154673623,1,0.97,0.936105707545,0.98617968566
sinusoidal,supported,r2_static,0.2,3,200,0,0,200,0.0156632598229,0,0.120384253776,0.240768507552,0,1,0.981154673623,1,0,1.73472347598e-18,0.0188453263773,1,0.981154673623,1,1,0.981154673623,1,0.97,0.936105707545,0.98617968566
sinusoidal,supported,r2_static,0.3,0,200,0,0,200,0.0156632598229,0,0.120384253776,0.240768507552,0,1,0.981154673623,1,0,1.73472347598e-18,0.0188453263773,1,0.981154673623,1,1,0.981154673623,1,0.97,0.936105707545,0.98617968566
sinusoidal,supported,r2_static,0.3,1,200,0,0,200,0.0156632598229,0,0.120384253776,0.240768507552,0,1,0.981154673623,1,0,1.73472347598e-18,0.0188453263773,1,0.981154673623,1,1,0.981154673623,1,0.97,0.936105707545,0.98617968566
sinusoidal,supported,r2_static,0.3,2,200,0,0,200,0.0156632598229,0,0.120384253776,0.240768507552,0,1,0.981154673623,1,0,1.73472347598e-18,0.0188453263773,1,0.981154673623,1,1,0.981154673623,1,0.97,0.936105707545,0.98617968566
sinusoidal,supported,r2_static,0.3,3,200,0,0,200,0.0156632598229,0,0.120384253776,0.240768507552,0,1,0.981154673623,1,0,1.73472347598e-18,0.0188453263773,1,0.981154673623,1,1,0.981154673623,1,0.97,0.936105707545,0.98617968566
sinusoidal,supported,r2_targeted,0.2,0,200,0,0,200,0.0156632598229,0,0.120384253776,0.240768507552,0,1,0.981154673623,1,0,1.73472347598e-18,0.0188453263773,1,0.981154673623,1,1,0.981154673623,1,0.97,0.936105707545,0.98617968566
sinusoidal,supported,r2_targeted,0.2,1,200,0,0,200,0.0156632598229,0,0.120384253776,0.240768507552,0,1,0.981154673623,1,0,1.73472347598e-18,0.0188453263773,1,0.981154673623,1,1,0.981154673623,1,0.97,0.936105707545,0.98617968566
sinusoidal,supported,r2_targeted,0.2,2,200,0,0,200,0.0156632598229,0,0.120384253776,0.240768507552,0,1,0.981154673623,1,0,1.73472347598e-18,0.0188453263773,1,0.981154673623,1,1,0.981154673623,1,0.97,0.936105707545,0.98617968566
sinusoidal,supported,r2_targeted,0.2,3,200,0,0,200,0.0156632598229,0,0.120384253776,0.240768507552,0,1,0.981154673623,1,0,1.73472347598e-18,0.0188453263773,1,0.981154673623,1,1,0.981154673623,1,0.97,0.936105707545,0.98617968566
sinusoidal,supported,r2_targeted,0.3,0,200,0,0,200,0.0156632598229,0,0.120384253776,0.240768507552,0,1,0.981154673623,1,0,1.73472347598e-18,0.0188453263773,1,0.981154673623,1,1,0.981154673623,1,0.97,0.936105707545,0.98617968566
sinusoidal,supported,r2_targeted,0.3,1,200,0,0,200,0.0156632598229,0,0.120384253776,0.240768507552,0,1,0.981154673623,1,0,1.73472347598e-18,0.0188453263773,1,0.981154673623,1,1,0.981154673623,1,0.97,0.936105707545,0.98617968566
sinusoidal,supported,r2_targeted,0.3,2,200,0,0,200,0.0156632598229,0,0.120384253776,0.240768507552,0,1,0.981154673623,1,0,1.73472347598e-18,0.0188453263773,1,0.981154673623,1,1,0.981154673623,1,0.97,0.936105707545,0.98617968566
sinusoidal,supported,r2_targeted,0.3,3,200,0,0,200,0.0156632598229,0,0.120384253776,0.240768507552,0,1,0.981154673623,1,0,1.73472347598e-18,0.0188453263773,1,0.981154673623,1,1,0.981154673623,1,0.97,0.936105707545,0.98617968566
sinusoidal,supported,rinf_targeted,0.2,0,200,0,0,200,0.0209641918423,0,0.179334219182,0.358668438363,0,1,0.981154673623,1,0,1.73472347598e-18,0.0188453263773,1,0.981154673623,1,1,0.981154673623,1,0.97,0.936105707545,0.98617968566
sinusoidal,supported,rinf_targeted,0.2,1,200,0,0,200,0.0209641918423,0,0.179334219182,0.358668438363,0,1,0.981154673623,1,0,1.73472347598e-18,0.0188453263773,1,0.981154673623,1,1,0.981154673623,1,0.97,0.936105707545,0.98617968566
sinusoidal,supported,rinf_targeted,0.2,2,200,0,0,200,0.0209641918423,0,0.179334219182,0.358668438363,0,1,0.981154673623,1,0,1.73472347598e-18,0.0188453263773,1,0.981154673623,1,1,0.981154673623,1,0.97,0.936105707545,0.98617968566
sinusoidal,supported,rinf_targeted,0.2,3,200,0,0,200,0.0209641918423,0,0.179334219182,0.358668438363,0,1,0.981154673623,1,0,1.73472347598e-18,0.0188453263773,1,0.981154673623,1,1,0.981154673623,1,0.97,0.936105707545,0.98617968566
sinusoidal,supported,rinf_targeted,0.3,0,200,0,0,200,0.0209641918423,0,0.179334219182,0.358668438363,0,1,0.981154673623,1,0,1.73472347598e-18,0.0188453263773,1,0.981154673623,1,1,0.981154673623,1,0.97,0.936105707545,0.98617968566
sinusoidal,supported,rinf_targeted,0.3,1,200,0,0,200,0.0209641918423,0,0.179334219182,0.358668438363,0,1,0.981154673623,1,0,1.73472347598e-18,0.0188453263773,1,0.981154673623,1,1,0.981154673623,1,0.97,0.936105707545,0.98617968566
sinusoidal,supported,rinf_targeted,0.3,2,200,0,0,200,0.0209641918423,0,0.179334219182,0.358668438363,0,1,0.981154673623,1,0,1.73472347598e-18,0.0188453263773,1,0.981154673623,1,1,0.981154673623,1,0.97,0.936105707545,0.98617968566
sinusoidal,supported,rinf_targeted,0.3,3,200,0,0,200,0.0209641918423,0,0.179334219182,0.358668438363,0,1,0.981154673623,1,0,1.73472347598e-18,0.0188453263773,1,0.981154673623,1,1,0.981154673623,1,0.97,0.936105707545,0.98617968566
sinusoidal,supported,target_only,0.2,0,200,0,0,0,,,inf,inf,0,0,1.73472347598e-18,0.0188453263773,0,1.73472347598e-18,0.0188453263773,1,0.981154673623,1,1,0.981154673623,1,0.97,0.936105707545,0.98617968566
sinusoidal,supported,target_only,0.2,1,200,96,1,0,,,0.29205966008,0.584119320161,0,0,1.73472347598e-18,0.0188453263773,0,1.73472347598e-18,0.0188453263773,1,0.981154673623,1,1,0.981154673623,1,0.97,0.936105707545,0.98617968566
sinusoidal,supported,target_only,0.2,2,200,192,2,0,,,0.206517366154,0.413034732308,0,0,1.73472347598e-18,0.0188453263773,0,1.73472347598e-18,0.0188453263773,1,0.981154673623,1,1,0.981154673623,1,0.97,0.936105707545,0.98617968566
sinusoidal,supported,target_only,0.2,3,200,288,3,200,0.0498255871165,0.01,0.168620723367,0.337241446734,0,1,0.981154673623,1,0.01,0.00274665813354,0.0357217617162,0.985,0.956834271207,0.994885762207,0.985,0.956834271207,0.994885762207,0.97,0.936105707545,0.98617968566
sinusoidal,supported,target_only,0.3,0,200,0,0,0,,,inf,inf,0,0,1.73472347598e-18,0.0188453263773,0,1.73472347598e-18,0.0188453263773,1,0.981154673623,1,1,0.981154673623,1,0.97,0.936105707545,0.98617968566
sinusoidal,supported,target_only,0.3,1,200,96,1,200,0.0829004009807,0,0.29205966008,0.584119320161,0,1,0.981154673623,1,0,1.73472347598e-18,0.0188453263773,1,0.981154673623,1,1,0.981154673623,1,0.97,0.936105707545,0.98617968566
sinusoidal,supported,target_only,0.3,2,200,96,1,200,0.0829004009807,0,0.29205966008,0.584119320161,0,1,0.981154673623,1,0,1.73472347598e-18,0.0188453263773,1,0.981154673623,1,1,0.981154673623,1,0.97,0.936105707545,0.98617968566
sinusoidal,supported,target_only,0.3,3,200,96,1,200,0.0829004009807,0,0.29205966008,0.584119320161,0,1,0.981154673623,1,0,1.73472347598e-18,0.0188453263773,1,0.981154673623,1,1,0.981154673623,1,0.97,0.936105707545,0.98617968566
sinusoidal,unreachable,r2_nearest,0.2,0,200,0,0,0,,,1.41948109699,2.83108724288,0,0,1.73472347598e-18,0.0188453263773,0,1.73472347598e-18,0.0188453263773,1,0.981154673623,1,1,0.981154673623,1,0.945,0.904213001228,0.969014658297
sinusoidal,unreachable,r2_nearest,0.2,1,200,96,1,0,,,1.28629875853,2.44307074777,0,0,1.73472347598e-18,0.0188453263773,0,1.73472347598e-18,0.0188453263773,1,0.981154673623,1,1,0.981154673623,1,0.945,0.904213001228,0.969014658297
sinusoidal,unreachable,r2_nearest,0.2,2,200,192,2,0,,,1.23099401699,2.4368125347,0,0,1.73472347598e-18,0.0188453263773,0,1.73472347598e-18,0.0188453263773,1,0.981154673623,1,1,0.981154673623,1,0.945,0.904213001228,0.969014658297
sinusoidal,unreachable,r2_nearest,0.2,3,200,288,3,0,,,1.21162738212,2.43594423762,0,0,1.73472347598e-18,0.0188453263773,0,1.73472347598e-18,0.0188453263773,1,0.981154673623,1,1,0.981154673623,1,0.945,0.904213001228,0.969014658297
sinusoidal,unreachable,r2_nearest,0.3,0,200,0,0,0,,,1.41948109699,2.83108724288,0,0,1.73472347598e-18,0.0188453263773,0,1.73472347598e-18,0.0188453263773,1,0.981154673623,1,1,0.981154673623,1,0.945,0.904213001228,0.969014658297
sinusoidal,unreachable,r2_nearest,0.3,1,200,96,1,0,,,1.28629875853,2.44307074777,0,0,1.73472347598e-18,0.0188453263773,0,1.73472347598e-18,0.0188453263773,1,0.981154673623,1,1,0.981154673623,1,0.945,0.904213001228,0.969014658297
sinusoidal,unreachable,r2_nearest,0.3,2,200,192,2,0,,,1.23099401699,2.4368125347,0,0,1.73472347598e-18,0.0188453263773,0,1.73472347598e-18,0.0188453263773,1,0.981154673623,1,1,0.981154673623,1,0.945,0.904213001228,0.969014658297
sinusoidal,unreachable,r2_nearest,0.3,3,200,288,3,0,,,1.21162738212,2.43594423762,0,0,1.73472347598e-18,0.0188453263773,0,1.73472347598e-18,0.0188453263773,1,0.981154673623,1,1,0.981154673623,1,0.945,0.904213001228,0.969014658297
sinusoidal,unreachable,r2_random,0.2,0,200,0,0,0,,,1.41948109699,2.83108724288,0,0,1.73472347598e-18,0.0188453263773,0,1.73472347598e-18,0.0188453263773,1,0.981154673623,1,1,0.981154673623,1,0.945,0.904213001228,0.969014658297
sinusoidal,unreachable,r2_random,0.2,1,200,96,1,0,,,1.37747198358,2.73142525894,0,0,1.73472347598e-18,0.0188453263773,0,1.73472347598e-18,0.0188453263773,1,0.981154673623,1,1,0.981154673623,1,0.945,0.904213001228,0.969014658297
sinusoidal,unreachable,r2_random,0.2,2,200,192,2,0,,,1.33721960963,2.64589753174,0,0,1.73472347598e-18,0.0188453263773,0,1.73472347598e-18,0.0188453263773,1,0.981154673623,1,1,0.981154673623,1,0.945,0.904213001228,0.969014658297
sinusoidal,unreachable,r2_random,0.2,3,200,288,3,0,,,1.29984225321,2.57541623284,0,0,1.73472347598e-18,0.0188453263773,0,1.73472347598e-18,0.0188453263773,1,0.981154673623,1,1,0.981154673623,1,0.945,0.904213001228,0.969014658297
sinusoidal,unreachable,r2_random,0.3,0,200,0,0,0,,,1.41948109699,2.83108724288,0,0,1.73472347598e-18,0.0188453263773,0,1.73472347598e-18,0.0188453263773,1,0.981154673623,1,1,0.981154673623,1,0.945,0.904213001228,0.969014658297
sinusoidal,unreachable,r2_random,0.3,1,200,96,1,0,,,1.37747198358,2.73142525894,0,0,1.73472347598e-18,0.0188453263773,0,1.73472347598e-18,0.0188453263773,1,0.981154673623,1,1,0.981154673623,1,0.945,0.904213001228,0.969014658297
sinusoidal,unreachable,r2_random,0.3,2,200,192,2,0,,,1.33721960963,2.64589753174,0,0,1.73472347598e-18,0.0188453263773,0,1.73472347598e-18,0.0188453263773,1,0.981154673623,1,1,0.981154673623,1,0.945,0.904213001228,0.969014658297
sinusoidal,unreachable,r2_random,0.3,3,200,288,3,0,,,1.29984225321,2.57541623284,0,0,1.73472347598e-18,0.0188453263773,0,1.73472347598e-18,0.0188453263773,1,0.981154673623,1,1,0.981154673623,1,0.945,0.904213001228,0.969014658297
sinusoidal,unreachable,r2_static,0.2,0,200,0,0,0,,,1.41948109699,2.83108724288,0,0,1.73472347598e-18,0.0188453263773,0,1.73472347598e-18,0.0188453263773,1,0.981154673623,1,1,0.981154673623,1,0.945,0.904213001228,0.969014658297
sinusoidal,unreachable,r2_static,0.2,1,200,0,0,0,,,1.41948109699,2.83108724288,0,0,1.73472347598e-18,0.0188453263773,0,1.73472347598e-18,0.0188453263773,1,0.981154673623,1,1,0.981154673623,1,0.945,0.904213001228,0.969014658297
sinusoidal,unreachable,r2_static,0.2,2,200,0,0,0,,,1.41948109699,2.83108724288,0,0,1.73472347598e-18,0.0188453263773,0,1.73472347598e-18,0.0188453263773,1,0.981154673623,1,1,0.981154673623,1,0.945,0.904213001228,0.969014658297
sinusoidal,unreachable,r2_static,0.2,3,200,0,0,0,,,1.41948109699,2.83108724288,0,0,1.73472347598e-18,0.0188453263773,0,1.73472347598e-18,0.0188453263773,1,0.981154673623,1,1,0.981154673623,1,0.945,0.904213001228,0.969014658297
sinusoidal,unreachable,r2_static,0.3,0,200,0,0,0,,,1.41948109699,2.83108724288,0,0,1.73472347598e-18,0.0188453263773,0,1.73472347598e-18,0.0188453263773,1,0.981154673623,1,1,0.981154673623,1,0.945,0.904213001228,0.969014658297
sinusoidal,unreachable,r2_static,0.3,1,200,0,0,0,,,1.41948109699,2.83108724288,0,0,1.73472347598e-18,0.0188453263773,0,1.73472347598e-18,0.0188453263773,1,0.981154673623,1,1,0.981154673623,1,0.945,0.904213001228,0.969014658297
sinusoidal,unreachable,r2_static,0.3,2,200,0,0,0,,,1.41948109699,2.83108724288,0,0,1.73472347598e-18,0.0188453263773,0,1.73472347598e-18,0.0188453263773,1,0.981154673623,1,1,0.981154673623,1,0.945,0.904213001228,0.969014658297
sinusoidal,unreachable,r2_static,0.3,3,200,0,0,0,,,1.41948109699,2.83108724288,0,0,1.73472347598e-18,0.0188453263773,0,1.73472347598e-18,0.0188453263773,1,0.981154673623,1,1,0.981154673623,1,0.945,0.904213001228,0.969014658297
sinusoidal,unreachable,r2_targeted,0.2,0,200,0,0,0,,,1.41948109699,2.83108724288,0,0,1.73472347598e-18,0.0188453263773,0,1.73472347598e-18,0.0188453263773,1,0.981154673623,1,1,0.981154673623,1,0.945,0.904213001228,0.969014658297
sinusoidal,unreachable,r2_targeted,0.2,1,200,96,1,0,,,1.28629875853,2.44307074777,0,0,1.73472347598e-18,0.0188453263773,0,1.73472347598e-18,0.0188453263773,1,0.981154673623,1,1,0.981154673623,1,0.945,0.904213001228,0.969014658297
sinusoidal,unreachable,r2_targeted,0.2,2,200,192,2,0,,,1.23099401699,2.4368125347,0,0,1.73472347598e-18,0.0188453263773,0,1.73472347598e-18,0.0188453263773,1,0.981154673623,1,1,0.981154673623,1,0.945,0.904213001228,0.969014658297
sinusoidal,unreachable,r2_targeted,0.2,3,200,288,3,0,,,1.21162738212,2.43594423762,0,0,1.73472347598e-18,0.0188453263773,0,1.73472347598e-18,0.0188453263773,1,0.981154673623,1,1,0.981154673623,1,0.945,0.904213001228,0.969014658297
sinusoidal,unreachable,r2_targeted,0.3,0,200,0,0,0,,,1.41948109699,2.83108724288,0,0,1.73472347598e-18,0.0188453263773,0,1.73472347598e-18,0.0188453263773,1,0.981154673623,1,1,0.981154673623,1,0.945,0.904213001228,0.969014658297
sinusoidal,unreachable,r2_targeted,0.3,1,200,96,1,0,,,1.28629875853,2.44307074777,0,0,1.73472347598e-18,0.0188453263773,0,1.73472347598e-18,0.0188453263773,1,0.981154673623,1,1,0.981154673623,1,0.945,0.904213001228,0.969014658297
sinusoidal,unreachable,r2_targeted,0.3,2,200,192,2,0,,,1.23099401699,2.4368125347,0,0,1.73472347598e-18,0.0188453263773,0,1.73472347598e-18,0.0188453263773,1,0.981154673623,1,1,0.981154673623,1,0.945,0.904213001228,0.969014658297
sinusoidal,unreachable,r2_targeted,0.3,3,200,288,3,0,,,1.21162738212,2.43594423762,0,0,1.73472347598e-18,0.0188453263773,0,1.73472347598e-18,0.0188453263773,1,0.981154673623,1,1,0.981154673623,1,0.945,0.904213001228,0.969014658297
sinusoidal,unreachable,rinf_targeted,0.2,0,200,0,0,0,,,1.4252461825,2.81731576512,0,0,1.73472347598e-18,0.0188453263773,0,1.73472347598e-18,0.0188453263773,1,0.981154673623,1,1,0.981154673623,1,0.945,0.904213001228,0.969014658297
sinusoidal,unreachable,rinf_targeted,0.2,1,200,96,1,0,,,1.29370402064,2.41546335247,0,0,1.73472347598e-18,0.0188453263773,0,1.73472347598e-18,0.0188453263773,1,0.981154673623,1,1,0.981154673623,1,0.945,0.904213001228,0.969014658297
sinusoidal,unreachable,rinf_targeted,0.2,2,200,192,2,0,,,1.29370402064,2.41472745061,0,0,1.73472347598e-18,0.0188453263773,0,1.73472347598e-18,0.0188453263773,1,0.981154673623,1,1,0.981154673623,1,0.945,0.904213001228,0.969014658297
sinusoidal,unreachable,rinf_targeted,0.2,3,200,288,3,0,,,1.29370402064,2.41330155739,0,0,1.73472347598e-18,0.0188453263773,0,1.73472347598e-18,0.0188453263773,1,0.981154673623,1,1,0.981154673623,1,0.945,0.904213001228,0.969014658297
sinusoidal,unreachable,rinf_targeted,0.3,0,200,0,0,0,,,1.4252461825,2.81731576512,0,0,1.73472347598e-18,0.0188453263773,0,1.73472347598e-18,0.0188453263773,1,0.981154673623,1,1,0.981154673623,1,0.945,0.904213001228,0.969014658297
sinusoidal,unreachable,rinf_targeted,0.3,1,200,96,1,0,,,1.29370402064,2.41546335247,0,0,1.73472347598e-18,0.0188453263773,0,1.73472347598e-18,0.0188453263773,1,0.981154673623,1,1,0.981154673623,1,0.945,0.904213001228,0.969014658297
sinusoidal,unreachable,rinf_targeted,0.3,2,200,192,2,0,,,1.29370402064,2.41472745061,0,0,1.73472347598e-18,0.0188453263773,0,1.73472347598e-18,0.0188453263773,1,0.981154673623,1,1,0.981154673623,1,0.945,0.904213001228,0.969014658297
sinusoidal,unreachable,rinf_targeted,0.3,3,200,288,3,0,,,1.29370402064,2.41330155739,0,0,1.73472347598e-18,0.0188453263773,0,1.73472347598e-18,0.0188453263773,1,0.981154673623,1,1,0.981154673623,1,0.945,0.904213001228,0.969014658297
sinusoidal,unreachable,target_only,0.2,0,200,0,0,0,,,inf,inf,0,0,1.73472347598e-18,0.0188453263773,0,1.73472347598e-18,0.0188453263773,1,0.981154673623,1,1,0.981154673623,1,0.945,0.904213001228,0.969014658297
sinusoidal,unreachable,target_only,0.2,1,200,96,1,0,,,0.29205966008,0.584119320161,0,0,1.73472347598e-18,0.0188453263773,0,1.73472347598e-18,0.0188453263773,1,0.981154673623,1,1,0.981154673623,1,0.945,0.904213001228,0.969014658297
sinusoidal,unreachable,target_only,0.2,2,200,192,2,0,,,0.206517366154,0.413034732308,0,0,1.73472347598e-18,0.0188453263773,0,1.73472347598e-18,0.0188453263773,1,0.981154673623,1,1,0.981154673623,1,0.945,0.904213001228,0.969014658297
sinusoidal,unreachable,target_only,0.2,3,200,288,3,200,0.0481462250382,0,0.168620723367,0.337241446734,0,1,0.981154673623,1,0,1.73472347598e-18,0.0188453263773,1,0.981154673623,1,1,0.981154673623,1,0.945,0.904213001228,0.969014658297
sinusoidal,unreachable,target_only,0.3,0,200,0,0,0,,,inf,inf,0,0,1.73472347598e-18,0.0188453263773,0,1.73472347598e-18,0.0188453263773,1,0.981154673623,1,1,0.981154673623,1,0.945,0.904213001228,0.969014658297
sinusoidal,unreachable,target_only,0.3,1,200,96,1,200,0.0794513069461,0,0.29205966008,0.584119320161,0,1,0.981154673623,1,0,1.73472347598e-18,0.0188453263773,1,0.981154673623,1,1,0.981154673623,1,0.945,0.904213001228,0.969014658297
sinusoidal,unreachable,target_only,0.3,2,200,96,1,200,0.0794513069461,0,0.29205966008,0.584119320161,0,1,0.981154673623,1,0,1.73472347598e-18,0.0188453263773,1,0.981154673623,1,1,0.981154673623,1,0.945,0.904213001228,0.969014658297
sinusoidal,unreachable,target_only,0.3,3,200,96,1,200,0.0794513069461,0,0.29205966008,0.584119320161,0,1,0.981154673623,1,0,1.73472347598e-18,0.0188453263773,1,0.981154673623,1,1,0.981154673623,1,0.945,0.904213001228,0.969014658297
