replicate,slsqp,random_best,gap,relative_gap,random_rank_fraction,solver_successes,solver_failures,global_optimum_certified
0,0.630606798404,0.746808122717,-0.116201324313,-0.155597295716,0,3,0,False
1,1.00154019359,1.06672052193,-0.0651803283415,-0.0611034727478,0,3,0,False
2,0.782776345297,0.863088099161,-0.0803117538644,-0.0930516293093,0,3,0,False
3,0.812649757296,0.867669807216,-0.0550200499202,-0.0634112763433,0,3,0,False
4,1.00871289642,1.14283436591,-0.134121469497,-0.117358624747,0,3,0,False
5,0.817107417983,0.980300385217,-0.163192967234,-0.166472409575,0,3,0,False
6,1.02101795174,1.05026754907,-0.0292495973308,-0.027849663028,0,3,0,False
7,0.831202193001,0.924938874284,-0.0937366812831,-0.101343649715,0,3,0,False
8,0.822889484195,0.972106944758,-0.149217460564,-0.153499017128,0,3,0,False
9,0.892376366766,1.02641306036,-0.134036693592,-0.130587478637,0,3,0,False
10,0.884901261672,1.00880305499,-0.12390179332,-0.122820596852,0,3,0,False
11,0.658286402929,0.706032998096,-0.0477465951665,-0.0676265773629,0,3,0,False
12,0.869173076874,0.976244907457,-0.107071830583,-0.109677223169,0,3,0,False
13,0.778674787031,0.84849741444,-0.0698226274091,-0.0822897350315,0,3,0,False
14,0.781206145509,0.927315176955,-0.146109031446,-0.157561350312,0,3,0,False
15,0.538680086205,0.676803297437,-0.138123211232,-0.204081764606,0,3,0,False
16,0.935698714422,1.01395682686,-0.0782581124408,-0.0771809118175,0,3,0,False
17,0.764755261197,0.817697574085,-0.052942312888,-0.064745591238,0,3,0,False
18,0.66143681267,0.741406264454,-0.0799694517834,-0.107861850671,0,3,0,False
19,1.61979065214,1.68545350741,-0.0656628552681,-0.0389585681121,0,3,0,False
20,1.13530025899,1.20527309314,-0.0699728341503,-0.0580555847043,0,3,0,False
21,0.676097205283,0.798257511407,-0.122160306124,-0.153033707016,0,3,0,False
22,0.937602420912,0.996778918619,-0.0591764977068,-0.0593677259836,0,3,0,False
23,0.708266583594,0.851780119071,-0.143513535477,-0.168486599139,0,3,0,False
24,0.818688878568,0.891338805148,-0.0726499265794,-0.0815065227272,0,3,0,False
25,0.747959910841,0.793159422034,-0.0451995111925,-0.0569866661567,0,3,0,False
26,0.683909835154,0.729119964737,-0.045210129583,-0.0620064348386,0,3,0,False
27,1.2374450949,1.25131072733,-0.013865632429,-0.0110808867264,0,3,0,False
28,0.846505798767,0.939108373801,-0.0926025750343,-0.0986069101477,0,3,0,False
29,0.989342099185,1.03571638969,-0.0463742905022,-0.0447750860795,0,3,0,False
30,0.638178704682,0.665337476948,-0.0271587722658,-0.0408195437756,0,3,0,False
31,0.59625636846,0.679968933203,-0.0837125647438,-0.123112337426,0,3,0,False
32,0.841809553059,0.898041710826,-0.0562321577671,-0.0626164209181,0,3,0,False
33,0.937779400435,0.992892030954,-0.0551126305191,-0.0555071737922,0,3,0,False
34,0.850368479782,0.906010011907,-0.0556415321243,-0.0614138159547,0,3,0,False
35,0.811624752701,0.859692519169,-0.0480677664675,-0.0559127425164,0,3,0,False
36,0.638000750927,0.705041231283,-0.0670404803556,-0.0950873188418,0,3,0,False
37,0.541310653155,0.566932419756,-0.0256217666009,-0.0451936874803,0,3,0,False
38,1.14403867237,1.24295541984,-0.0989167474691,-0.0795818948051,0,3,0,False
39,1.10782305891,1.16170503551,-0.0538819765949,-0.0463818051468,0,3,0,False
40,0.938221275452,0.98643603664,-0.0482147611888,-0.0488777370229,0,3,0,False
41,0.795876258766,0.816130092815,-0.0202538340489,-0.0248169185614,0,3,0,False
42,0.984821085687,1.01673689436,-0.031915808669,-0.0313904303524,0,3,0,False
43,0.912637060944,0.938536425049,-0.0258993641048,-0.0275954810209,0,3,0,False
44,1.01441366629,1.07266157085,-0.0582479045617,-0.0543022199588,0,3,0,False
45,0.710480586467,0.774040480432,-0.0635598939648,-0.0821144314433,0,3,0,False
46,0.651131271867,0.711243589432,-0.0601123175651,-0.0845172012209,0,3,0,False
47,1.11797883726,1.19657968965,-0.0786008523932,-0.0656879379393,0,3,0,False
48,1.65495266284,1.71073857066,-0.0557859078207,-0.0326092535571,0,3,0,False
49,0.668896042816,0.742837627937,-0.0739415851216,-0.0995393641097,0,3,0,False
50,0.582077998043,0.678212120753,-0.0961341227097,-0.141746394333,0,3,0,False
51,0.989040114005,1.06994842818,-0.080908314171,-0.0756188915656,0,3,0,False
52,0.607729205112,0.648095924318,-0.0403667192059,-0.0622850996146,0,3,0,False
53,1.2719201919,1.3022426531,-0.0303224612006,-0.0232848011301,0,3,0,False
54,1.14853421517,1.23195932539,-0.0834251102152,-0.067717422561,0,3,0,False
55,0.684602023573,0.737331627592,-0.0527296040194,-0.071514094942,0,3,0,False
56,0.952905933198,1.03428518507,-0.0813792518743,-0.0786816373751,0,3,0,False
57,0.843136839588,0.916983105981,-0.0738462663927,-0.0805317632473,0,3,0,False
58,0.560646870073,0.577176575035,-0.0165297049613,-0.0286389047587,0,3,0,False
59,0.517539684555,0.590235563583,-0.0726958790284,-0.123164179717,0,3,0,False
60,0.937164913287,0.988773930426,-0.0516090171388,-0.052194961407,0,3,0,False
61,0.980863540235,1.06515174561,-0.0842882053803,-0.0791325796792,0,3,0,False
62,1.17015134954,1.2326061234,-0.0624547738623,-0.0506688817104,0,3,0,False
63,1.20626235689,1.30985670269,-0.103594345801,-0.079088304536,0,3,0,False
64,1.19925447197,1.26861282168,-0.0693583497138,-0.0546725908238,0,3,0,False
65,0.814683001833,0.861708424738,-0.0470254229046,-0.0545723142012,0,3,0,False
66,0.490123665873,0.613547061029,-0.123423395156,-0.201163697124,0,3,0,False
67,0.659752930032,0.794122465703,-0.13436953567,-0.169205055232,0,3,0,False
68,0.675965608799,0.705797779145,-0.0298321703464,-0.0422673054915,0,3,0,False
69,0.675377882174,0.706552851916,-0.0311749697428,-0.0441226295503,0,3,0,False
70,0.464556268063,0.601024753923,-0.13646848586,-0.227059675943,0,3,0,False
71,0.820946902905,0.904314563476,-0.0833676605713,-0.0921887846756,0,3,0,False
72,1.0047464494,1.0496523316,-0.0449058821985,-0.0427816724135,0,3,0,False
73,0.700936543693,0.807642065014,-0.106705521321,-0.132119816368,0,3,0,False
74,1.15400175651,1.18485367495,-0.0308519184368,-0.0260385894808,0,3,0,False
75,0.656152490843,0.754448662872,-0.0982961720293,-0.130288748415,0,3,0,False
76,0.651762190131,0.695033281481,-0.0432710913493,-0.0622575817623,0,3,0,False
77,0.954643079975,0.981972207439,-0.0273291274633,-0.0278308563687,0,3,0,False
78,0.844155439964,0.91514709841,-0.0709916584453,-0.0775740409041,0,3,0,False
79,0.832658127646,0.925597276953,-0.0929391493064,-0.100409920838,0,3,0,False
80,0.519517731151,0.653119066173,-0.133601335022,-0.204558926453,0,3,0,False
81,1.23563883241,1.25461697148,-0.0189781390693,-0.0151266398437,0,3,0,False
82,0.747033318352,0.827544263032,-0.0805109446794,-0.0972889889714,0,3,0,False
83,1.05931509149,1.08373824176,-0.0244231502643,-0.0225360232971,0,3,0,False
84,0.87466296178,0.894145580639,-0.0194826188583,-0.0217890903676,0,3,0,False
85,0.355445726895,0.464065633485,-0.10861990659,-0.234061517925,0,3,0,False
86,1.19491457196,1.20684901433,-0.0119344423705,-0.00988892747046,0,3,0,False
87,0.979466269194,1.03407709238,-0.0546108231854,-0.0528111719985,0,3,0,False
88,0.967457430615,1.02911215359,-0.0616547229803,-0.0599105964932,0,3,0,False
89,0.585011490203,0.601732253201,-0.016720762998,-0.0277877127395,0,3,0,False
90,1.24379611448,1.28308592989,-0.0392898154132,-0.0306213438226,0,3,0,False
91,1.09537166391,1.14459877335,-0.0492271094467,-0.0430081794535,0,3,0,False
92,1.56048319003,1.63772628949,-0.077243099458,-0.0471648406415,0,3,0,False
93,0.563756165441,0.762713203755,-0.198957038314,-0.260854325498,0,3,0,False
94,1.01805101581,1.04794077781,-0.0298897619967,-0.0285223770557,0,3,0,False
95,0.744865699509,0.864810977285,-0.119945277776,-0.138695369192,0,3,0,False
96,0.991679244881,1.09927424302,-0.107594998136,-0.0978782126653,0,3,0,False
97,0.743179302373,0.822235277101,-0.0790559747275,-0.0961476318631,0,3,0,False
98,0.440395884714,0.502400395415,-0.0620045107008,-0.123416524483,0,3,0,False
99,0.754968277086,0.892645606637,-0.137677329551,-0.154235150577,0,3,0,False
100,0.745205273519,0.804003608251,-0.0587983347323,-0.0731319289228,0,3,0,False
101,0.712069107514,0.75286915712,-0.0408000496056,-0.0541927494568,0,3,0,False
102,0.526160745941,0.565918428291,-0.0397576823498,-0.0702533799259,0,3,0,False
103,0.823387283362,0.878917639914,-0.0555303565517,-0.0631803869099,0,3,0,False
104,1.08314832242,1.11478395391,-0.031635631492,-0.0283782623359,0,3,0,False
105,0.664255372537,0.740735252725,-0.0764798801878,-0.103248603204,0,3,0,False
106,1.0142091597,1.07442698621,-0.0602178265044,-0.0560464575793,0,3,0,False
107,1.15544343051,1.20115415924,-0.045710728732,-0.0380556720221,0,3,0,False
108,0.596465243709,0.62815208967,-0.0316868459602,-0.0504445443728,0,3,0,False
109,0.561604786092,0.632893159297,-0.0712883732053,-0.1126388746,0,3,0,False
110,1.28219894826,1.32414373884,-0.0419447905813,-0.0316769164487,0,3,0,False
111,1.14849249464,1.16568796666,-0.017195472019,-0.0147513507137,0,3,0,False
112,0.732734725654,0.750028683015,-0.0172939573612,-0.0230577279947,0,3,0,False
113,0.74063801406,0.757503120081,-0.0168651060207,-0.0222640746601,0,3,0,False
114,0.860759573324,0.882951130647,-0.0221915573225,-0.0251333924973,0,3,0,False
115,0.499494106182,0.519181258523,-0.0196871523415,-0.0379196128873,0,3,0,False
116,0.771072753686,0.851143603126,-0.0800708494393,-0.0940744301494,0,3,0,False
117,0.586338468466,0.707273673704,-0.120935205239,-0.17098785058,0,3,0,False
118,1.15137357519,1.1735704463,-0.0221968711089,-0.0189139656498,0,3,0,False
119,0.770816288336,0.797898761141,-0.0270824728051,-0.0339422419536,0,3,0,False
