scenario,schedule,mode,method,tolerance,budget,n_worlds,released_mae,released_bad_rate,n_released,released,bad_release,path_covered,new_n,error,width,certificate_covered
bridgeable,nearest,r2,inverse_variance__minimum,0.2,0,600,,,0,0,0,1,0,0.414528817077,1.21984710398,1
bridgeable,nearest,r2,inverse_variance__minimum,0.2,1,600,,,0,0,0,1,96,0.402634179049,1.19049152819,1
bridgeable,nearest,r2,inverse_variance__minimum,0.2,2,600,,,0,0,0,1,192,0.390948572085,1.16506945021,1
bridgeable,nearest,r2,inverse_variance__minimum,0.2,3,600,,,0,0,0,1,288,0.380157437772,1.14105009185,1
bridgeable,nearest,r2,inverse_variance__minimum,0.3,0,600,,,0,0,0,1,0,0.414528817077,1.21984710398,1
bridgeable,nearest,r2,inverse_variance__minimum,0.3,1,600,,,0,0,0,1,96,0.402634179049,1.19049152819,1
bridgeable,nearest,r2,inverse_variance__minimum,0.3,2,600,,,0,0,0,1,192,0.390948572085,1.16506945021,1
bridgeable,nearest,r2,inverse_variance__minimum,0.3,3,600,,,0,0,0,1,288,0.380157437772,1.14105009185,1
bridgeable,nearest,r2,nearest_source__minimum,0.2,0,600,,,0,0,0,1,0,0.315971494109,1.13186592789,1
bridgeable,nearest,r2,nearest_source__minimum,0.2,1,600,,,0,0,0,1,96,0.077686240388,0.846684150654,1
bridgeable,nearest,r2,nearest_source__minimum,0.2,2,600,,,0,0,0,1,192,0.077686240388,0.846684150654,1
bridgeable,nearest,r2,nearest_source__minimum,0.2,3,600,,,0,0,0,1,288,0.077686240388,0.846684150654,1
bridgeable,nearest,r2,nearest_source__minimum,0.3,0,600,,,0,0,0,1,0,0.315971494109,1.13186592789,1
bridgeable,nearest,r2,nearest_source__minimum,0.3,1,600,,,0,0,0,1,96,0.077686240388,0.846684150654,1
bridgeable,nearest,r2,nearest_source__minimum,0.3,2,600,,,0,0,0,1,192,0.077686240388,0.846684150654,1
bridgeable,nearest,r2,nearest_source__minimum,0.3,3,600,,,0,0,0,1,288,0.077686240388,0.846684150654,1
bridgeable,nearest,r2,optimized__barycentric,0.2,0,600,,,0,0,0,1,0,0.341235133364,1.10545490029,1
bridgeable,nearest,r2,optimized__barycentric,0.2,1,600,,,0,0,0,1,96,0.0774323477979,0.811202731336,1
bridgeable,nearest,r2,optimized__barycentric,0.2,2,600,,,0,0,0,1,192,0.0614516540608,0.638963913101,1
bridgeable,nearest,r2,optimized__barycentric,0.2,3,600,,,0,0,0,1,288,0.0449154053889,0.503776999394,1
bridgeable,nearest,r2,optimized__barycentric,0.3,0,600,,,0,0,0,1,0,0.341235133364,1.10545490029,1
bridgeable,nearest,r2,optimized__barycentric,0.3,1,600,,,0,0,0,1,96,0.0774323477979,0.811202731336,1
bridgeable,nearest,r2,optimized__barycentric,0.3,2,600,0.0484745700665,0,290,0.483333333333,0,1,192,0.0614516540608,0.638963913101,1
bridgeable,nearest,r2,optimized__barycentric,0.3,3,600,0.0449154053889,0,600,1,0,1,288,0.0449154053889,0.503776999394,1
bridgeable,nearest,r2,optimized__lipschitz,0.2,0,600,,,0,0,0,1,0,0.336722881291,1.11623761963,1
bridgeable,nearest,r2,optimized__lipschitz,0.2,1,600,,,0,0,0,1,96,0.0823696899246,0.844991241762,1
bridgeable,nearest,r2,optimized__lipschitz,0.2,2,600,,,0,0,0,1,192,0.0755970131632,0.773194884934,1
bridgeable,nearest,r2,optimized__lipschitz,0.2,3,600,,,0,0,0,1,288,0.0492492094589,0.74334477622,1
bridgeable,nearest,r2,optimized__lipschitz,0.3,0,600,,,0,0,0,1,0,0.336722881291,1.11623761963,1
bridgeable,nearest,r2,optimized__lipschitz,0.3,1,600,,,0,0,0,1,96,0.0823696899246,0.844991241762,1
bridgeable,nearest,r2,optimized__lipschitz,0.3,2,600,,,0,0,0,1,192,0.0755970131632,0.773194884934,1
bridgeable,nearest,r2,optimized__lipschitz,0.3,3,600,,,0,0,0,1,288,0.0492492094589,0.74334477622,1
bridgeable,nearest,r2,optimized__minimum,0.2,0,600,,,0,0,0,1,0,0.341235910597,1.10545464895,1
bridgeable,nearest,r2,optimized__minimum,0.2,1,600,,,0,0,0,1,96,0.0778276766969,0.811089127779,1
bridgeable,nearest,r2,optimized__minimum,0.2,2,600,,,0,0,0,1,192,0.0614240798964,0.638760742621,1
bridgeable,nearest,r2,optimized__minimum,0.2,3,600,,,0,0,0,1,288,0.0449154053889,0.503776999394,1
bridgeable,nearest,r2,optimized__minimum,0.3,0,600,,,0,0,0,1,0,0.341235910597,1.10545464895,1
bridgeable,nearest,r2,optimized__minimum,0.3,1,600,,,0,0,0,1,96,0.0778276766969,0.811089127779,1
bridgeable,nearest,r2,optimized__minimum,0.3,2,600,0.0484745700665,0,290,0.483333333333,0,1,192,0.0614240798964,0.638760742621,1
bridgeable,nearest,r2,optimized__minimum,0.3,3,600,0.0449154053889,0,600,1,0,1,288,0.0449154053889,0.503776999394,1
bridgeable,nearest,r2,uniform__minimum,0.2,0,600,,,0,0,0,1,0,0.414528817077,1.21984710398,1
bridgeable,nearest,r2,uniform__minimum,0.2,1,600,,,0,0,0,1,96,0.332852302617,1.07656870806,1
bridgeable,nearest,r2,uniform__minimum,0.2,2,600,,,0,0,0,1,192,0.27566737435,0.970662594046,1
bridgeable,nearest,r2,uniform__minimum,0.2,3,600,,,0,0,0,1,288,0.236124991163,0.886102168966,1
bridgeable,nearest,r2,uniform__minimum,0.3,0,600,,,0,0,0,1,0,0.414528817077,1.21984710398,1
bridgeable,nearest,r2,uniform__minimum,0.3,1,600,,,0,0,0,1,96,0.332852302617,1.07656870806,1
bridgeable,nearest,r2,uniform__minimum,0.3,2,600,,,0,0,0,1,192,0.27566737435,0.970662594046,1
bridgeable,nearest,r2,uniform__minimum,0.3,3,600,,,0,0,0,1,288,0.236124991163,0.886102168966,1
bridgeable,nearest,rinf,inverse_variance__minimum,0.2,0,600,,,0,0,0,1,0,0.414528817077,1.34453514129,1
bridgeable,nearest,rinf,inverse_variance__minimum,0.2,1,600,,,0,0,0,1,96,0.402634179049,1.33039265229,1
bridgeable,nearest,rinf,inverse_variance__minimum,0.2,2,600,,,0,0,0,1,192,0.390948572085,1.31934693404,1
bridgeable,nearest,rinf,inverse_variance__minimum,0.2,3,600,,,0,0,0,1,288,0.380157437772,1.30893529575,1
bridgeable,nearest,rinf,inverse_variance__minimum,0.3,0,600,,,0,0,0,1,0,0.414528817077,1.34453514129,1
bridgeable,nearest,rinf,inverse_variance__minimum,0.3,1,600,,,0,0,0,1,96,0.402634179049,1.33039265229,1
bridgeable,nearest,rinf,inverse_variance__minimum,0.3,2,600,,,0,0,0,1,192,0.390948572085,1.31934693404,1
bridgeable,nearest,rinf,inverse_variance__minimum,0.3,3,600,,,0,0,0,1,288,0.380157437772,1.30893529575,1
bridgeable,nearest,rinf,nearest_source__minimum,0.2,0,600,,,0,0,0,1,0,0.315971494109,1.13646731945,1
bridgeable,nearest,rinf,nearest_source__minimum,0.2,1,600,,,0,0,0,1,96,0.077686240388,0.859967223909,1
bridgeable,nearest,rinf,nearest_source__minimum,0.2,2,600,,,0,0,0,1,192,0.077686240388,0.859967223909,1
bridgeable,nearest,rinf,nearest_source__minimum,0.2,3,600,,,0,0,0,1,288,0.077686240388,0.859967223909,1
bridgeable,nearest,rinf,nearest_source__minimum,0.3,0,600,,,0,0,0,1,0,0.315971494109,1.13646731945,1
bridgeable,nearest,rinf,nearest_source__minimum,0.3,1,600,,,0,0,0,1,96,0.077686240388,0.859967223909,1
bridgeable,nearest,rinf,nearest_source__minimum,0.3,2,600,,,0,0,0,1,192,0.077686240388,0.859967223909,1
bridgeable,nearest,rinf,nearest_source__minimum,0.3,3,600,,,0,0,0,1,288,0.077686240388,0.859967223909,1
bridgeable,nearest,rinf,optimized__barycentric,0.2,0,600,,,0,0,0,1,0,0.31638644927,1.13628121832,1
bridgeable,nearest,rinf,optimized__barycentric,0.2,1,600,,,0,0,0,1,96,0.0756585833481,0.834752406899,1
bridgeable,nearest,rinf,optimized__barycentric,0.2,2,600,,,0,0,0,1,192,0.0680836548138,0.772190303071,1
bridgeable,nearest,rinf,optimized__barycentric,0.2,3,600,,,0,0,0,1,288,0.0605785279889,0.706004493542,1
bridgeable,nearest,rinf,optimized__barycentric,0.3,0,600,,,0,0,0,1,0,0.31638644927,1.13628121832,1
bridgeable,nearest,rinf,optimized__barycentric,0.3,1,600,,,0,0,0,1,96,0.0756585833481,0.834752406899,1
bridgeable,nearest,rinf,optimized__barycentric,0.3,2,600,,,0,0,0,1,192,0.0680836548138,0.772190303071,1
bridgeable,nearest,rinf,optimized__barycentric,0.3,3,600,,,0,0,0,1,288,0.0605785279889,0.706004493542,1
bridgeable,nearest,rinf,optimized__lipschitz,0.2,0,600,,,0,0,0,1,0,0.315971494109,1.13646731945,1
bridgeable,nearest,rinf,optimized__lipschitz,0.2,1,600,,,0,0,0,1,96,0.077686240388,0.859967223909,1
bridgeable,nearest,rinf,optimized__lipschitz,0.2,2,600,,,0,0,0,1,192,0.077686240388,0.859967223909,1
bridgeable,nearest,rinf,optimized__lipschitz,0.2,3,600,,,0,0,0,1,288,0.077686240388,0.859967223909,1
bridgeable,nearest,rinf,optimized__lipschitz,0.3,0,600,,,0,0,0,1,0,0.315971494109,1.13646731945,1
bridgeable,nearest,rinf,optimized__lipschitz,0.3,1,600,,,0,0,0,1,96,0.077686240388,0.859967223909,1
bridgeable,nearest,rinf,optimized__lipschitz,0.3,2,600,,,0,0,0,1,192,0.077686240388,0.859967223909,1
bridgeable,nearest,rinf,optimized__lipschitz,0.3,3,600,,,0,0,0,1,288,0.077686240388,0.859967223909,1
bridgeable,nearest,rinf,optimized__minimum,0.2,0,600,,,0,0,0,1,0,0.31638644927,1.13628121832,1
bridgeable,nearest,rinf,optimized__minimum,0.2,1,600,,,0,0,0,1,96,0.0756585833481,0.834752406899,1
bridgeable,nearest,rinf,optimized__minimum,0.2,2,600,,,0,0,0,1,192,0.0680836548138,0.772190303071,1
bridgeable,nearest,rinf,optimized__minimum,0.2,3,600,,,0,0,0,1,288,0.0605785279889,0.706004493542,1
bridgeable,nearest,rinf,optimized__minimum,0.3,0,600,,,0,0,0,1,0,0.31638644927,1.13628121832,1
bridgeable,nearest,rinf,optimized__minimum,0.3,1,600,,,0,0,0,1,96,0.0756585833481,0.834752406899,1
bridgeable,nearest,rinf,optimized__minimum,0.3,2,600,,,0,0,0,1,192,0.0680836548138,0.772190303071,1
bridgeable,nearest,rinf,optimized__minimum,0.3,3,600,,,0,0,0,1,288,0.0605785279889,0.706004493542,1
bridgeable,nearest,rinf,uniform__minimum,0.2,0,600,,,0,0,0,1,0,0.414528817077,1.34453514129,1
bridgeable,nearest,rinf,uniform__minimum,0.2,1,600,,,0,0,0,1,96,0.332852302617,1.24501700767,1
bridgeable,nearest,rinf,uniform__minimum,0.2,2,600,,,0,0,0,1,192,0.27566737435,1.18740654311,1
bridgeable,nearest,rinf,uniform__minimum,0.2,3,600,,,0,0,0,1,288,0.236124991163,1.14403601362,1
bridgeable,nearest,rinf,uniform__minimum,0.3,0,600,,,0,0,0,1,0,0.414528817077,1.34453514129,1
bridgeable,nearest,rinf,uniform__minimum,0.3,1,600,,,0,0,0,1,96,0.332852302617,1.24501700767,1
bridgeable,nearest,rinf,uniform__minimum,0.3,2,600,,,0,0,0,1,192,0.27566737435,1.18740654311,1
bridgeable,nearest,rinf,uniform__minimum,0.3,3,600,,,0,0,0,1,288,0.236124991163,1.14403601362,1
bridgeable,random,r2,inverse_variance__minimum,0.2,0,600,,,0,0,0,1,0,0.414528817077,1.21984710398,1
bridgeable,random,r2,inverse_variance__minimum,0.2,1,600,,,0,0,0,1,96,0.3954813706,1.18045157447,1
bridgeable,random,r2,inverse_variance__minimum,0.2,2,600,,,0,0,0,1,192,0.378242608114,1.1444100948,1
bridgeable,random,r2,inverse_variance__minimum,0.2,3,600,,,0,0,0,1,288,0.36169272879,1.10968336972,1
bridgeable,random,r2,inverse_variance__minimum,0.3,0,600,,,0,0,0,1,0,0.414528817077,1.21984710398,1
bridgeable,random,r2,inverse_variance__minimum,0.3,1,600,,,0,0,0,1,96,0.3954813706,1.18045157447,1
bridgeable,random,r2,inverse_variance__minimum,0.3,2,600,,,0,0,0,1,192,0.378242608114,1.1444100948,1
bridgeable,random,r2,inverse_variance__minimum,0.3,3,600,,,0,0,0,1,288,0.36169272879,1.10968336972,1
bridgeable,random,r2,nearest_source__minimum,0.2,0,600,,,0,0,0,1,0,0.315971494109,1.13186592789,1
bridgeable,random,r2,nearest_source__minimum,0.2,1,600,,,0,0,0,1,96,0.231961396552,1.14043590972,1
bridgeable,random,r2,nearest_source__minimum,0.2,2,600,,,0,0,0,1,192,0.163573063867,1.09287551856,1
bridgeable,random,r2,nearest_source__minimum,0.2,3,600,,,0,0,0,1,288,0.130702559723,1.02080856441,1
bridgeable,random,r2,nearest_source__minimum,0.3,0,600,,,0,0,0,1,0,0.315971494109,1.13186592789,1
bridgeable,random,r2,nearest_source__minimum,0.3,1,600,,,0,0,0,1,96,0.231961396552,1.14043590972,1
bridgeable,random,r2,nearest_source__minimum,0.3,2,600,,,0,0,0,1,192,0.163573063867,1.09287551856,1
bridgeable,random,r2,nearest_source__minimum,0.3,3,600,,,0,0,0,1,288,0.130702559723,1.02080856441,1
bridgeable,random,r2,optimized__barycentric,0.2,0,600,,,0,0,0,1,0,0.341235133364,1.10545490029,1
bridgeable,random,r2,optimized__barycentric,0.2,1,600,0.0353205389487,0,42,0.07,0,1,96,0.0879657162191,0.666315688622,1
bridgeable,random,r2,optimized__barycentric,0.2,2,600,0.0334848921965,0,124,0.206666666667,0,1,192,0.0409090651432,0.490954867692,1
bridgeable,random,r2,optimized__barycentric,0.2,3,600,0.0312276790796,0,231,0.385,0,1,288,0.033389036419,0.422439657321,1
bridgeable,random,r2,optimized__barycentric,0.3,0,600,,,0,0,0,1,0,0.341235133364,1.10545490029,1
bridgeable,random,r2,optimized__barycentric,0.3,1,600,0.0420571152194,0,255,0.425,0,1,96,0.0879657162191,0.666315688622,1
bridgeable,random,r2,optimized__barycentric,0.3,2,600,0.0378285535689,0,547,0.911666666667,0,1,192,0.0409090651432,0.490954867692,1
bridgeable,random,r2,optimized__barycentric,0.3,3,600,0.033389036419,0,600,1,0,1,288,0.033389036419,0.422439657321,1
bridgeable,random,r2,optimized__lipschitz,0.2,0,600,,,0,0,0,1,0,0.336722881291,1.11623761963,1
bridgeable,random,r2,optimized__lipschitz,0.2,1,600,,,0,0,0,1,96,0.247820933924,1.04208007042,1
bridgeable,random,r2,optimized__lipschitz,0.2,2,600,,,0,0,0,1,192,0.173656100922,0.969560358054,1
bridgeable,random,r2,optimized__lipschitz,0.2,3,600,,,0,0,0,1,288,0.121176759446,0.903000761922,1
bridgeable,random,r2,optimized__lipschitz,0.3,0,600,,,0,0,0,1,0,0.336722881291,1.11623761963,1
bridgeable,random,r2,optimized__lipschitz,0.3,1,600,,,0,0,0,1,96,0.247820933924,1.04208007042,1
bridgeable,random,r2,optimized__lipschitz,0.3,2,600,,,0,0,0,1,192,0.173656100922,0.969560358054,1
bridgeable,random,r2,optimized__lipschitz,0.3,3,600,,,0,0,0,1,288,0.121176759446,0.903000761922,1
bridgeable,random,r2,optimized__minimum,0.2,0,600,,,0,0,0,1,0,0.341235910597,1.10545464895,1
bridgeable,random,r2,optimized__minimum,0.2,1,600,0.0353205389487,0,42,0.07,0,1,96,0.0873521259208,0.665972268807,1
bridgeable,random,r2,optimized__minimum,0.2,2,600,0.0334848921965,0,124,0.206666666667,0,1,192,0.040926957985,0.490870276016,1
bridgeable,random,r2,optimized__minimum,0.2,3,600,0.0312276790796,0,231,0.385,0,1,288,0.033389036419,0.422439657321,1
bridgeable,random,r2,optimized__minimum,0.3,0,600,,,0,0,0,1,0,0.341235910597,1.10545464895,1
bridgeable,random,r2,optimized__minimum,0.3,1,600,0.0420571152194,0,255,0.425,0,1,96,0.0873521259208,0.665972268807,1
bridgeable,random,r2,optimized__minimum,0.3,2,600,0.0378285535689,0,547,0.911666666667,0,1,192,0.040926957985,0.490870276016,1
bridgeable,random,r2,optimized__minimum,0.3,3,600,0.033389036419,0,600,1,0,1,288,0.033389036419,0.422439657321,1
bridgeable,random,r2,uniform__minimum,0.2,0,600,,,0,0,0,1,0,0.414528817077,1.21984710398,1
bridgeable,random,r2,uniform__minimum,0.2,1,600,,,0,0,0,1,96,0.283736351271,0.999894801474,1
bridgeable,random,r2,uniform__minimum,0.2,2,600,,,0,0,0,1,192,0.200843364299,0.836095690452,1
bridgeable,random,r2,uniform__minimum,0.2,3,600,0.0382029208798,0,8,0.0133333333333,0,1,288,0.140517983084,0.70605491087,1
bridgeable,random,r2,uniform__minimum,0.3,0,600,,,0,0,0,1,0,0.414528817077,1.21984710398,1
bridgeable,random,r2,uniform__minimum,0.3,1,600,,,0,0,0,1,96,0.283736351271,0.999894801474,1
bridgeable,random,r2,uniform__minimum,0.3,2,600,0.133727472856,0,28,0.0466666666667,0,1,192,0.200843364299,0.836095690452,1
bridgeable,random,r2,uniform__minimum,0.3,3,600,0.0969760517715,0,120,0.2,0,1,288,0.140517983084,0.70605491087,1
bridgeable,random,rinf,inverse_variance__minimum,0.2,0,600,,,0,0,0,1,0,0.414528817077,1.34453514129,1
bridgeable,random,rinf,inverse_variance__minimum,0.2,1,600,,,0,0,0,1,96,0.3954813706,1.32035269857,1
bridgeable,random,rinf,inverse_variance__minimum,0.2,2,600,,,0,0,0,1,192,0.378242608114,1.29868757863,1
bridgeable,random,rinf,inverse_variance__minimum,0.2,3,600,,,0,0,0,1,288,0.36169272879,1.27756857362,1
bridgeable,random,rinf,inverse_variance__minimum,0.3,0,600,,,0,0,0,1,0,0.414528817077,1.34453514129,1
bridgeable,random,rinf,inverse_variance__minimum,0.3,1,600,,,0,0,0,1,96,0.3954813706,1.32035269857,1
bridgeable,random,rinf,inverse_variance__minimum,0.3,2,600,,,0,0,0,1,192,0.378242608114,1.29868757863,1
bridgeable,random,rinf,inverse_variance__minimum,0.3,3,600,,,0,0,0,1,288,0.36169272879,1.27756857362,1
bridgeable,random,rinf,nearest_source__minimum,0.2,0,600,,,0,0,0,1,0,0.315971494109,1.13646731945,1
bridgeable,random,rinf,nearest_source__minimum,0.2,1,600,,,0,0,0,1,96,0.231961396552,1.15018843241,1
bridgeable,random,rinf,nearest_source__minimum,0.2,2,600,,,0,0,0,1,192,0.163573063867,1.10539170993,1
bridgeable,random,rinf,nearest_source__minimum,0.2,3,600,,,0,0,0,1,288,0.130702559723,1.03399035138,1
bridgeable,random,rinf,nearest_source__minimum,0.3,0,600,,,0,0,0,1,0,0.315971494109,1.13646731945,1
bridgeable,random,rinf,nearest_source__minimum,0.3,1,600,,,0,0,0,1,96,0.231961396552,1.15018843241,1
bridgeable,random,rinf,nearest_source__minimum,0.3,2,600,,,0,0,0,1,192,0.163573063867,1.10539170993,1
bridgeable,random,rinf,nearest_source__minimum,0.3,3,600,,,0,0,0,1,288,0.130702559723,1.03399035138,1
bridgeable,random,rinf,optimized__barycentric,0.2,0,600,,,0,0,0,1,0,0.31638644927,1.13628121832,1
bridgeable,random,rinf,optimized__barycentric,0.2,1,600,,,0,0,0,1,96,0.0887756805312,0.763190503809,1
bridgeable,random,rinf,optimized__barycentric,0.2,2,600,,,0,0,0,1,192,0.0472645427168,0.657759843408,1
bridgeable,random,rinf,optimized__barycentric,0.2,3,600,,,0,0,0,1,288,0.0441462985228,0.635267209511,1
bridgeable,random,rinf,optimized__barycentric,0.3,0,600,,,0,0,0,1,0,0.31638644927,1.13628121832,1
bridgeable,random,rinf,optimized__barycentric,0.3,1,600,0.0355850725253,0,107,0.178333333333,0,1,96,0.0887756805312,0.763190503809,1
bridgeable,random,rinf,optimized__barycentric,0.3,2,600,0.039241755888,0,162,0.27,0,1,192,0.0472645427168,0.657759843408,1
bridgeable,random,rinf,optimized__barycentric,0.3,3,600,0.0387107686092,0,191,0.318333333333,0,1,288,0.0441462985228,0.635267209511,1
bridgeable,random,rinf,optimized__lipschitz,0.2,0,600,,,0,0,0,1,0,0.315971494109,1.13646731945,1
bridgeable,random,rinf,optimized__lipschitz,0.2,1,600,,,0,0,0,1,96,0.268260205011,1.08751092974,1
bridgeable,random,rinf,optimized__lipschitz,0.2,2,600,,,0,0,0,1,192,0.218706606348,1.04026261362,1
bridgeable,random,rinf,optimized__lipschitz,0.2,3,600,,,0,0,0,1,288,0.178488845196,0.993391524182,1
bridgeable,random,rinf,optimized__lipschitz,0.3,0,600,,,0,0,0,1,0,0.315971494109,1.13646731945,1
bridgeable,random,rinf,optimized__lipschitz,0.3,1,600,,,0,0,0,1,96,0.268260205011,1.08751092974,1
bridgeable,random,rinf,optimized__lipschitz,0.3,2,600,,,0,0,0,1,192,0.218706606348,1.04026261362,1
bridgeable,random,rinf,optimized__lipschitz,0.3,3,600,,,0,0,0,1,288,0.178488845196,0.993391524182,1
bridgeable,random,rinf,optimized__minimum,0.2,0,600,,,0,0,0,1,0,0.31638644927,1.13628121832,1
bridgeable,random,rinf,optimized__minimum,0.2,1,600,,,0,0,0,1,96,0.0887756805312,0.763190503809,1
bridgeable,random,rinf,optimized__minimum,0.2,2,600,,,0,0,0,1,192,0.0472645427168,0.657759843408,1
bridgeable,random,rinf,optimized__minimum,0.2,3,600,,,0,0,0,1,288,0.0441462985228,0.635267209511,1
bridgeable,random,rinf,optimized__minimum,0.3,0,600,,,0,0,0,1,0,0.31638644927,1.13628121832,1
bridgeable,random,rinf,optimized__minimum,0.3,1,600,0.0355850725253,0,107,0.178333333333,0,1,96,0.0887756805312,0.763190503809,1
bridgeable,random,rinf,optimized__minimum,0.3,2,600,0.039241755888,0,162,0.27,0,1,192,0.0472645427168,0.657759843408,1
bridgeable,random,rinf,optimized__minimum,0.3,3,600,0.0387107686092,0,191,0.318333333333,0,1,288,0.0441462985228,0.635267209511,1
bridgeable,random,rinf,uniform__minimum,0.2,0,600,,,0,0,0,1,0,0.414528817077,1.34453514129,1
bridgeable,random,rinf,uniform__minimum,0.2,1,600,,,0,0,0,1,96,0.283736351271,1.16834310108,1
bridgeable,random,rinf,uniform__minimum,0.2,2,600,,,0,0,0,1,192,0.200843364299,1.05283963952,1
bridgeable,random,rinf,uniform__minimum,0.2,3,600,,,0,0,0,1,288,0.140517983084,0.963988755525,1
bridgeable,random,rinf,uniform__minimum,0.3,0,600,,,0,0,0,1,0,0.414528817077,1.34453514129,1
bridgeable,random,rinf,uniform__minimum,0.3,1,600,,,0,0,0,1,96,0.283736351271,1.16834310108,1
bridgeable,random,rinf,uniform__minimum,0.3,2,600,,,0,0,0,1,192,0.200843364299,1.05283963952,1
bridgeable,random,rinf,uniform__minimum,0.3,3,600,,,0,0,0,1,288,0.140517983084,0.963988755525,1
supported,nearest,r2,inverse_variance__minimum,0.2,0,600,0.0148645186783,0,600,1,0,1,0,0.0148645186783,0.26096522905,1
supported,nearest,r2,inverse_variance__minimum,0.2,1,600,0.0146867293458,0,600,1,0,1,96,0.0146867293458,0.258458002731,1
supported,nearest,r2,inverse_variance__minimum,0.2,2,600,0.0145390067562,0,600,1,0,1,192,0.0145390067562,0.25836491409,1
supported,nearest,r2,inverse_variance__minimum,0.2,3,600,0.0142218240154,0,600,1,0,1,288,0.0142218240154,0.254851121614,1
supported,nearest,r2,inverse_variance__minimum,0.3,0,600,0.0148645186783,0,600,1,0,1,0,0.0148645186783,0.26096522905,1
supported,nearest,r2,inverse_variance__minimum,0.3,1,600,0.0146867293458,0,600,1,0,1,96,0.0146867293458,0.258458002731,1
supported,nearest,r2,inverse_variance__minimum,0.3,2,600,0.0145390067562,0,600,1,0,1,192,0.0145390067562,0.25836491409,1
supported,nearest,r2,inverse_variance__minimum,0.3,3,600,0.0142218240154,0,600,1,0,1,288,0.0142218240154,0.254851121614,1
supported,nearest,r2,nearest_source__minimum,0.2,0,600,0.0309451207633,0,1,0.00166666666667,0,1,0,0.0665819780839,0.518673522202,1
supported,nearest,r2,nearest_source__minimum,0.2,1,600,0.0309451207633,0,1,0.00166666666667,0,1,96,0.0827431107094,0.847630354482,1
supported,nearest,r2,nearest_source__minimum,0.2,2,600,0.0309451207633,0,1,0.00166666666667,0,1,192,0.0827431107094,0.847630354482,1
supported,nearest,r2,nearest_source__minimum,0.2,3,600,0.0309451207633,0,1,0.00166666666667,0,1,288,0.0827431107094,0.847630354482,1
supported,nearest,r2,nearest_source__minimum,0.3,0,600,0.066621584471,0,597,0.995,0,1,0,0.0665819780839,0.518673522202,1
supported,nearest,r2,nearest_source__minimum,0.3,1,600,0.0567632596819,0,5,0.00833333333333,0,1,96,0.0827431107094,0.847630354482,1
supported,nearest,r2,nearest_source__minimum,0.3,2,600,0.0567632596819,0,5,0.00833333333333,0,1,192,0.0827431107094,0.847630354482,1
supported,nearest,r2,nearest_source__minimum,0.3,3,600,0.0567632596819,0,5,0.00833333333333,0,1,288,0.0827431107094,0.847630354482,1
supported,nearest,r2,optimized__barycentric,0.2,0,600,0.0153016868312,0,600,1,0,1,0,0.0153016868312,0.234194753481,1
supported,nearest,r2,optimized__barycentric,0.2,1,600,0.0151652886616,0,600,1,0,1,96,0.0151652886616,0.232183666988,1
supported,nearest,r2,optimized__barycentric,0.2,2,600,0.0148132723205,0,600,1,0,1,192,0.0148132723205,0.230643652515,1
supported,nearest,r2,optimized__barycentric,0.2,3,600,0.0146995113294,0,600,1,0,1,288,0.0146995113294,0.229137166621,1
supported,nearest,r2,optimized__barycentric,0.3,0,600,0.0153016868312,0,600,1,0,1,0,0.0153016868312,0.234194753481,1
supported,nearest,r2,optimized__barycentric,0.3,1,600,0.0151652886616,0,600,1,0,1,96,0.0151652886616,0.232183666988,1
supported,nearest,r2,optimized__barycentric,0.3,2,600,0.0148132723205,0,600,1,0,1,192,0.0148132723205,0.230643652515,1
supported,nearest,r2,optimized__barycentric,0.3,3,600,0.0146995113294,0,600,1,0,1,288,0.0146995113294,0.229137166621,1
supported,nearest,r2,optimized__lipschitz,0.2,0,600,0.012129179083,0,20,0.0333333333333,0,1,0,0.0159720377666,0.439486991849,1
supported,nearest,r2,optimized__lipschitz,0.2,1,600,0.0172759956933,0,54,0.09,0,1,96,0.0165458802643,0.429104480751,1
supported,nearest,r2,optimized__lipschitz,0.2,2,600,0.0172763238148,0,54,0.09,0,1,192,0.0165475592932,0.429104321452,1
supported,nearest,r2,optimized__lipschitz,0.2,3,600,0.0172762175548,0,54,0.09,0,1,288,0.0165475717436,0.429104321325,1
supported,nearest,r2,optimized__lipschitz,0.3,0,600,0.0159720377666,0,600,1,0,1,0,0.0159720377666,0.439486991849,1
supported,nearest,r2,optimized__lipschitz,0.3,1,600,0.0165458802643,0,600,1,0,1,96,0.0165458802643,0.429104480751,1
supported,nearest,r2,optimized__lipschitz,0.3,2,600,0.0165475592932,0,600,1,0,1,192,0.0165475592932,0.429104321452,1
supported,nearest,r2,optimized__lipschitz,0.3,3,600,0.0165475717436,0,600,1,0,1,288,0.0165475717436,0.429104321325,1
supported,nearest,r2,optimized__minimum,0.2,0,600,0.0153016868312,0,600,1,0,1,0,0.0153016868312,0.234194753481,1
supported,nearest,r2,optimized__minimum,0.2,1,600,0.0151652886616,0,600,1,0,1,96,0.0151652886616,0.232183666988,1
supported,nearest,r2,optimized__minimum,0.2,2,600,0.0148132723205,0,600,1,0,1,192,0.0148132723205,0.230643652515,1
supported,nearest,r2,optimized__minimum,0.2,3,600,0.0146995113294,0,600,1,0,1,288,0.0146995113294,0.229137166621,1
supported,nearest,r2,optimized__minimum,0.3,0,600,0.0153016868312,0,600,1,0,1,0,0.0153016868312,0.234194753481,1
supported,nearest,r2,optimized__minimum,0.3,1,600,0.0151652886616,0,600,1,0,1,96,0.0151652886616,0.232183666988,1
supported,nearest,r2,optimized__minimum,0.3,2,600,0.0148132723205,0,600,1,0,1,192,0.0148132723205,0.230643652515,1
supported,nearest,r2,optimized__minimum,0.3,3,600,0.0146995113294,0,600,1,0,1,288,0.0146995113294,0.229137166621,1
supported,nearest,r2,uniform__minimum,0.2,0,600,0.0148645186783,0,600,1,0,1,0,0.0148645186783,0.26096522905,1
supported,nearest,r2,uniform__minimum,0.2,1,600,0.021067424557,0,600,1,0,1,96,0.021067424557,0.306180071591,1
supported,nearest,r2,uniform__minimum,0.2,2,600,0.0276380834267,0,558,0.93,0,1,192,0.0281930414138,0.365803272493,1
supported,nearest,r2,uniform__minimum,0.2,3,600,0.0252577475521,0,593,0.988333333333,0,1,288,0.0252943203449,0.346415606603,1
supported,nearest,r2,uniform__minimum,0.3,0,600,0.0148645186783,0,600,1,0,1,0,0.0148645186783,0.26096522905,1
supported,nearest,r2,uniform__minimum,0.3,1,600,0.021067424557,0,600,1,0,1,96,0.021067424557,0.306180071591,1
supported,nearest,r2,uniform__minimum,0.3,2,600,0.0281930414138,0,600,1,0,1,192,0.0281930414138,0.365803272493,1
supported,nearest,r2,uniform__minimum,0.3,3,600,0.0252943203449,0,600,1,0,1,288,0.0252943203449,0.346415606603,1
supported,nearest,rinf,inverse_variance__minimum,0.2,0,600,0.0150589150598,0,466,0.776666666667,0,1,0,0.0148645186783,0.38565326636,1
supported,nearest,rinf,inverse_variance__minimum,0.2,1,600,0.0152528447123,0,340,0.566666666667,0,1,96,0.0146867293458,0.398359126829,1
supported,nearest,rinf,inverse_variance__minimum,0.2,2,600,0.0148952701111,0,163,0.271666666667,0,1,192,0.0145390067562,0.412642397916,1
supported,nearest,rinf,inverse_variance__minimum,0.2,3,600,0.0150061502116,0,65,0.108333333333,0,1,288,0.0142218240154,0.422736325519,1
supported,nearest,rinf,inverse_variance__minimum,0.3,0,600,0.0148645186783,0,600,1,0,1,0,0.0148645186783,0.38565326636,1
supported,nearest,rinf,inverse_variance__minimum,0.3,1,600,0.0146867293458,0,600,1,0,1,96,0.0146867293458,0.398359126829,1
supported,nearest,rinf,inverse_variance__minimum,0.3,2,600,0.0145390067562,0,600,1,0,1,192,0.0145390067562,0.412642397916,1
supported,nearest,rinf,inverse_variance__minimum,0.3,3,600,0.0142218240154,0,600,1,0,1,288,0.0142218240154,0.422736325519,1
supported,nearest,rinf,nearest_source__minimum,0.2,0,600,0.0309451207633,0,1,0.00166666666667,0,1,0,0.0665819780839,0.523274913754,1
supported,nearest,rinf,nearest_source__minimum,0.2,1,600,0.0309451207633,0,1,0.00166666666667,0,1,96,0.0827431107094,0.860841080389,1
supported,nearest,rinf,nearest_source__minimum,0.2,2,600,0.0309451207633,0,1,0.00166666666667,0,1,192,0.0827431107094,0.860841080389,1
supported,nearest,rinf,nearest_source__minimum,0.2,3,600,0.0309451207633,0,1,0.00166666666667,0,1,288,0.0827431107094,0.860841080389,1
supported,nearest,rinf,nearest_source__minimum,0.3,0,600,0.066621584471,0,597,0.995,0,1,0,0.0665819780839,0.523274913754,1
supported,nearest,rinf,nearest_source__minimum,0.3,1,600,0.0567632596819,0,5,0.00833333333333,0,1,96,0.0827431107094,0.860841080389,1
supported,nearest,rinf,nearest_source__minimum,0.3,2,600,0.0567632596819,0,5,0.00833333333333,0,1,192,0.0827431107094,0.860841080389,1
supported,nearest,rinf,nearest_source__minimum,0.3,3,600,0.0567632596819,0,5,0.00833333333333,0,1,288,0.0827431107094,0.860841080389,1
supported,nearest,rinf,optimized__barycentric,0.2,0,600,0.0191577965243,0,600,1,0,1,0,0.0191577965243,0.353926978653,1
supported,nearest,rinf,optimized__barycentric,0.2,1,600,0.0190201011737,0,600,1,0,1,96,0.0190201011737,0.35392651154,1
supported,nearest,rinf,optimized__barycentric,0.2,2,600,0.018996515956,0,600,1,0,1,192,0.018996515956,0.353926510002,1
supported,nearest,rinf,optimized__barycentric,0.2,3,600,0.0189348821691,0,600,1,0,1,288,0.0189348821691,0.353926509009,1
supported,nearest,rinf,optimized__barycentric,0.3,0,600,0.0191577965243,0,600,1,0,1,0,0.0191577965243,0.353926978653,1
supported,nearest,rinf,optimized__barycentric,0.3,1,600,0.0190201011737,0,600,1,0,1,96,0.0190201011737,0.35392651154,1
supported,nearest,rinf,optimized__barycentric,0.3,2,600,0.018996515956,0,600,1,0,1,192,0.018996515956,0.353926510002,1
supported,nearest,rinf,optimized__barycentric,0.3,3,600,0.0189348821691,0,600,1,0,1,288,0.0189348821691,0.353926509009,1
supported,nearest,rinf,optimized__lipschitz,0.2,0,600,0.0309451207633,0,1,0.00166666666667,0,1,0,0.0665819780839,0.523274913754,1
supported,nearest,rinf,optimized__lipschitz,0.2,1,600,0.0309451207633,0,1,0.00166666666667,0,1,96,0.0665819780839,0.523274913754,1
supported,nearest,rinf,optimized__lipschitz,0.2,2,600,0.0309451207633,0,1,0.00166666666667,0,1,192,0.0665819780839,0.523274913754,1
supported,nearest,rinf,optimized__lipschitz,0.2,3,600,0.0309451207633,0,1,0.00166666666667,0,1,288,0.0665819780839,0.523274913754,1
supported,nearest,rinf,optimized__lipschitz,0.3,0,600,0.066621584471,0,597,0.995,0,1,0,0.0665819780839,0.523274913754,1
supported,nearest,rinf,optimized__lipschitz,0.3,1,600,0.066621584471,0,597,0.995,0,1,96,0.0665819780839,0.523274913754,1
supported,nearest,rinf,optimized__lipschitz,0.3,2,600,0.066621584471,0,597,0.995,0,1,192,0.0665819780839,0.523274913754,1
supported,nearest,rinf,optimized__lipschitz,0.3,3,600,0.066621584471,0,597,0.995,0,1,288,0.0665819780839,0.523274913754,1
supported,nearest,rinf,optimized__minimum,0.2,0,600,0.0191577965243,0,600,1,0,1,0,0.0191577965243,0.353926978653,1
supported,nearest,rinf,optimized__minimum,0.2,1,600,0.0190201011737,0,600,1,0,1,96,0.0190201011737,0.35392651154,1
supported,nearest,rinf,optimized__minimum,0.2,2,600,0.018996515956,0,600,1,0,1,192,0.018996515956,0.353926510002,1
supported,nearest,rinf,optimized__minimum,0.2,3,600,0.0189348821691,0,600,1,0,1,288,0.0189348821691,0.353926509009,1
supported,nearest,rinf,optimized__minimum,0.3,0,600,0.0191577965243,0,600,1,0,1,0,0.0191577965243,0.353926978653,1
supported,nearest,rinf,optimized__minimum,0.3,1,600,0.0190201011737,0,600,1,0,1,96,0.0190201011737,0.35392651154,1
supported,nearest,rinf,optimized__minimum,0.3,2,600,0.018996515956,0,600,1,0,1,192,0.018996515956,0.353926510002,1
supported,nearest,rinf,optimized__minimum,0.3,3,600,0.0189348821691,0,600,1,0,1,288,0.0189348821691,0.353926509009,1
supported,nearest,rinf,uniform__minimum,0.2,0,600,0.0150589150598,0,466,0.776666666667,0,1,0,0.0148645186783,0.38565326636,1
supported,nearest,rinf,uniform__minimum,0.2,1,600,,,0,0,0,1,96,0.021067424557,0.474628371198,1
supported,nearest,rinf,uniform__minimum,0.2,2,600,,,0,0,0,1,192,0.0281930414138,0.582547221557,1
supported,nearest,rinf,uniform__minimum,0.2,3,600,,,0,0,0,1,288,0.0252943203449,0.604349451259,1
supported,nearest,rinf,uniform__minimum,0.3,0,600,0.0148645186783,0,600,1,0,1,0,0.0148645186783,0.38565326636,1
supported,nearest,rinf,uniform__minimum,0.3,1,600,0.021067424557,0,600,1,0,1,96,0.021067424557,0.474628371198,1
supported,nearest,rinf,uniform__minimum,0.3,2,600,0.0268113861536,0,460,0.766666666667,0,1,192,0.0281930414138,0.582547221557,1
supported,nearest,rinf,uniform__minimum,0.3,3,600,0.0241444287442,0,262,0.436666666667,0,1,288,0.0252943203449,0.604349451259,1
supported,random,r2,inverse_variance__minimum,0.2,0,600,0.0148645186783,0,600,1,0,1,0,0.0148645186783,0.26096522905,1
supported,random,r2,inverse_variance__minimum,0.2,1,600,0.0152486464802,0,600,1,0,1,96,0.0152486464802,0.262067505361,1
supported,random,r2,inverse_variance__minimum,0.2,2,600,0.0160634385435,0,600,1,0,1,192,0.0160634385435,0.263969019902,1
supported,random,r2,inverse_variance__minimum,0.2,3,600,0.0170261747722,0,600,1,0,1,288,0.0170261747722,0.26615035861,1
supported,random,r2,inverse_variance__minimum,0.3,0,600,0.0148645186783,0,600,1,0,1,0,0.0148645186783,0.26096522905,1
supported,random,r2,inverse_variance__minimum,0.3,1,600,0.0152486464802,0,600,1,0,1,96,0.0152486464802,0.262067505361,1
supported,random,r2,inverse_variance__minimum,0.3,2,600,0.0160634385435,0,600,1,0,1,192,0.0160634385435,0.263969019902,1
supported,random,r2,inverse_variance__minimum,0.3,3,600,0.0170261747722,0,600,1,0,1,288,0.0170261747722,0.26615035861,1
supported,random,r2,nearest_source__minimum,0.2,0,600,0.0309451207633,0,1,0.00166666666667,0,1,0,0.0665819780839,0.518673522202,1
supported,random,r2,nearest_source__minimum,0.2,1,600,0.0309451207633,0,1,0.00166666666667,0,1,96,0.0693084962696,0.578025088842,1
supported,random,r2,nearest_source__minimum,0.2,2,600,0.0309451207633,0,1,0.00166666666667,0,1,192,0.0727964301591,0.638177757956,1
supported,random,r2,nearest_source__minimum,0.2,3,600,0.0309451207633,0,1,0.00166666666667,0,1,288,0.0740710430293,0.691069121661,1
supported,random,r2,nearest_source__minimum,0.3,0,600,0.066621584471,0,597,0.995,0,1,0,0.0665819780839,0.518673522202,1
supported,random,r2,nearest_source__minimum,0.3,1,600,0.0660735510887,0,490,0.816666666667,0,1,96,0.0693084962696,0.578025088842,1
supported,random,r2,nearest_source__minimum,0.3,2,600,0.065935534813,0,383,0.638333333333,0,1,192,0.0727964301591,0.638177757956,1
supported,random,r2,nearest_source__minimum,0.3,3,600,0.0621233443802,0,288,0.48,0,1,288,0.0740710430293,0.691069121661,1
supported,random,r2,optimized__barycentric,0.2,0,600,0.0153016868312,0,600,1,0,1,0,0.0153016868312,0.234194753481,1
supported,random,r2,optimized__barycentric,0.2,1,600,0.0151112970941,0,600,1,0,1,96,0.0151112970941,0.232544840453,1
supported,random,r2,optimized__barycentric,0.2,2,600,0.0149937699706,0,600,1,0,1,192,0.0149937699706,0.231232643157,1
supported,random,r2,optimized__barycentric,0.2,3,600,0.0148569895928,0,600,1,0,1,288,0.0148569895928,0.230071539572,1
supported,random,r2,optimized__barycentric,0.3,0,600,0.0153016868312,0,600,1,0,1,0,0.0153016868312,0.234194753481,1
supported,random,r2,optimized__barycentric,0.3,1,600,0.0151112970941,0,600,1,0,1,96,0.0151112970941,0.232544840453,1
supported,random,r2,optimized__barycentric,0.3,2,600,0.0149937699706,0,600,1,0,1,192,0.0149937699706,0.231232643157,1
supported,random,r2,optimized__barycentric,0.3,3,600,0.0148569895928,0,600,1,0,1,288,0.0148569895928,0.230071539572,1
supported,random,r2,optimized__lipschitz,0.2,0,600,0.012129179083,0,20,0.0333333333333,0,1,0,0.0159720377666,0.439486991849,1
supported,random,r2,optimized__lipschitz,0.2,1,600,0.0152938418431,0,27,0.045,0,1,96,0.0162287184519,0.437543665447,1
supported,random,r2,optimized__lipschitz,0.2,2,600,0.016102454316,0,33,0.055,0,1,192,0.0164063094516,0.435676514945,1
supported,random,r2,optimized__lipschitz,0.2,3,600,0.0161643130066,0,39,0.065,0,1,288,0.0164901258901,0.434037318548,1
supported,random,r2,optimized__lipschitz,0.3,0,600,0.0159720377666,0,600,1,0,1,0,0.0159720377666,0.439486991849,1
supported,random,r2,optimized__lipschitz,0.3,1,600,0.0162287184519,0,600,1,0,1,96,0.0162287184519,0.437543665447,1
supported,random,r2,optimized__lipschitz,0.3,2,600,0.0164063094516,0,600,1,0,1,192,0.0164063094516,0.435676514945,1
supported,random,r2,optimized__lipschitz,0.3,3,600,0.0164901258901,0,600,1,0,1,288,0.0164901258901,0.434037318548,1
supported,random,r2,optimized__minimum,0.2,0,600,0.0153016868312,0,600,1,0,1,0,0.0153016868312,0.234194753481,1
supported,random,r2,optimized__minimum,0.2,1,600,0.0151112970941,0,600,1,0,1,96,0.0151112970941,0.232544840453,1
supported,random,r2,optimized__minimum,0.2,2,600,0.0149937699706,0,600,1,0,1,192,0.0149937699706,0.231232643157,1
supported,random,r2,optimized__minimum,0.2,3,600,0.0148569895928,0,600,1,0,1,288,0.0148569895928,0.230071539572,1
supported,random,r2,optimized__minimum,0.3,0,600,0.0153016868312,0,600,1,0,1,0,0.0153016868312,0.234194753481,1
supported,random,r2,optimized__minimum,0.3,1,600,0.0151112970941,0,600,1,0,1,96,0.0151112970941,0.232544840453,1
supported,random,r2,optimized__minimum,0.3,2,600,0.0149937699706,0,600,1,0,1,192,0.0149937699706,0.231232643157,1
supported,random,r2,optimized__minimum,0.3,3,600,0.0148569895928,0,600,1,0,1,288,0.0148569895928,0.230071539572,1
supported,random,r2,uniform__minimum,0.2,0,600,0.0148645186783,0,600,1,0,1,0,0.0148645186783,0.26096522905,1
supported,random,r2,uniform__minimum,0.2,1,600,0.0287934443007,0,344,0.573333333333,0,1,96,0.0377984258998,0.38524245542,1
supported,random,r2,uniform__minimum,0.2,2,600,0.0300965339691,0,178,0.296666666667,0,1,192,0.0505106336108,0.433325976932,1
supported,random,r2,uniform__minimum,0.2,3,600,0.0359470770726,0,87,0.145,0,1,288,0.0615731904594,0.458123924146,1
supported,random,r2,uniform__minimum,0.3,0,600,0.0148645186783,0,600,1,0,1,0,0.0148645186783,0.26096522905,1
supported,random,r2,uniform__minimum,0.3,1,600,0.0377984258998,0,600,1,0,1,96,0.0377984258998,0.38524245542,1
supported,random,r2,uniform__minimum,0.3,2,600,0.0505106336108,0,600,1,0,1,192,0.0505106336108,0.433325976932,1
supported,random,r2,uniform__minimum,0.3,3,600,0.0614893512234,0,599,0.998333333333,0,1,288,0.0615731904594,0.458123924146,1
supported,random,rinf,inverse_variance__minimum,0.2,0,600,0.0150589150598,0,466,0.776666666667,0,1,0,0.0148645186783,0.38565326636,1
supported,random,rinf,inverse_variance__minimum,0.2,1,600,0.0147733807068,0,293,0.488333333333,0,1,96,0.0152486464802,0.401968629459,1
supported,random,rinf,inverse_variance__minimum,0.2,2,600,0.0148826371865,0,128,0.213333333333,0,1,192,0.0160634385435,0.418246503728,1
supported,random,rinf,inverse_variance__minimum,0.2,3,600,0.01654185692,0,33,0.055,0,1,288,0.0170261747722,0.434035562515,1
supported,random,rinf,inverse_variance__minimum,0.3,0,600,0.0148645186783,0,600,1,0,1,0,0.0148645186783,0.38565326636,1
supported,random,rinf,inverse_variance__minimum,0.3,1,600,0.0152486464802,0,600,1,0,1,96,0.0152486464802,0.401968629459,1
supported,random,rinf,inverse_variance__minimum,0.3,2,600,0.0160634385435,0,600,1,0,1,192,0.0160634385435,0.418246503728,1
supported,random,rinf,inverse_variance__minimum,0.3,3,600,0.0170261747722,0,600,1,0,1,288,0.0170261747722,0.434035562515,1
supported,random,rinf,nearest_source__minimum,0.2,0,600,0.0309451207633,0,1,0.00166666666667,0,1,0,0.0665819780839,0.523274913754,1
supported,random,rinf,nearest_source__minimum,0.2,1,600,0.0309451207633,0,1,0.00166666666667,0,1,96,0.0693084962696,0.5841891831,1
supported,random,rinf,nearest_source__minimum,0.2,2,600,0.0309451207633,0,1,0.00166666666667,0,1,192,0.0727964301591,0.64590455492,1
supported,random,rinf,nearest_source__minimum,0.2,3,600,0.0309451207633,0,1,0.00166666666667,0,1,288,0.0740710430293,0.700170518229,1
supported,random,rinf,nearest_source__minimum,0.3,0,600,0.066621584471,0,597,0.995,0,1,0,0.0665819780839,0.523274913754,1
supported,random,rinf,nearest_source__minimum,0.3,1,600,0.0660735510887,0,490,0.816666666667,0,1,96,0.0693084962696,0.5841891831,1
supported,random,rinf,nearest_source__minimum,0.3,2,600,0.065935534813,0,383,0.638333333333,0,1,192,0.0727964301591,0.64590455492,1
supported,random,rinf,nearest_source__minimum,0.3,3,600,0.0621233443802,0,288,0.48,0,1,288,0.0740710430293,0.700170518229,1
supported,random,rinf,optimized__barycentric,0.2,0,600,0.0191577965243,0,600,1,0,1,0,0.0191577965243,0.353926978653,1
supported,random,rinf,optimized__barycentric,0.2,1,600,0.018914480223,0,600,1,0,1,96,0.018914480223,0.353926511269,1
supported,random,rinf,optimized__barycentric,0.2,2,600,0.0189590779544,0,600,1,0,1,192,0.0189590779544,0.353926412934,1
supported,random,rinf,optimized__barycentric,0.2,3,600,0.0190114352011,0,600,1,0,1,288,0.0190114352011,0.353926411701,1
supported,random,rinf,optimized__barycentric,0.3,0,600,0.0191577965243,0,600,1,0,1,0,0.0191577965243,0.353926978653,1
supported,random,rinf,optimized__barycentric,0.3,1,600,0.018914480223,0,600,1,0,1,96,0.018914480223,0.353926511269,1
supported,random,rinf,optimized__barycentric,0.3,2,600,0.0189590779544,0,600,1,0,1,192,0.0189590779544,0.353926412934,1
supported,random,rinf,optimized__barycentric,0.3,3,600,0.0190114352011,0,600,1,0,1,288,0.0190114352011,0.353926411701,1
supported,random,rinf,optimized__lipschitz,0.2,0,600,0.0309451207633,0,1,0.00166666666667,0,1,0,0.0665819780839,0.523274913754,1
supported,random,rinf,optimized__lipschitz,0.2,1,600,0.0309451207633,0,1,0.00166666666667,0,1,96,0.0665819780839,0.523274913754,1
supported,random,rinf,optimized__lipschitz,0.2,2,600,0.0309451207633,0,1,0.00166666666667,0,1,192,0.0665819780839,0.523274913754,1
supported,random,rinf,optimized__lipschitz,0.2,3,600,0.0309451207633,0,1,0.00166666666667,0,1,288,0.0665819780839,0.523274913754,1
supported,random,rinf,optimized__lipschitz,0.3,0,600,0.066621584471,0,597,0.995,0,1,0,0.0665819780839,0.523274913754,1
supported,random,rinf,optimized__lipschitz,0.3,1,600,0.066621584471,0,597,0.995,0,1,96,0.0665819780839,0.523274913754,1
supported,random,rinf,optimized__lipschitz,0.3,2,600,0.066621584471,0,597,0.995,0,1,192,0.0665819780839,0.523274913754,1
supported,random,rinf,optimized__lipschitz,0.3,3,600,0.066621584471,0,597,0.995,0,1,288,0.0665819780839,0.523274913754,1
supported,random,rinf,optimized__minimum,0.2,0,600,0.0191577965243,0,600,1,0,1,0,0.0191577965243,0.353926978653,1
supported,random,rinf,optimized__minimum,0.2,1,600,0.018914480223,0,600,1,0,1,96,0.018914480223,0.353926511269,1
supported,random,rinf,optimized__minimum,0.2,2,600,0.0189590779544,0,600,1,0,1,192,0.0189590779544,0.353926412934,1
supported,random,rinf,optimized__minimum,0.2,3,600,0.0190114352011,0,600,1,0,1,288,0.0190114352011,0.353926411701,1
supported,random,rinf,optimized__minimum,0.3,0,600,0.0191577965243,0,600,1,0,1,0,0.0191577965243,0.353926978653,1
supported,random,rinf,optimized__minimum,0.3,1,600,0.018914480223,0,600,1,0,1,96,0.018914480223,0.353926511269,1
supported,random,rinf,optimized__minimum,0.3,2,600,0.0189590779544,0,600,1,0,1,192,0.0189590779544,0.353926412934,1
supported,random,rinf,optimized__minimum,0.3,3,600,0.0190114352011,0,600,1,0,1,288,0.0190114352011,0.353926411701,1
supported,random,rinf,uniform__minimum,0.2,0,600,0.0150589150598,0,466,0.776666666667,0,1,0,0.0148645186783,0.38565326636,1
supported,random,rinf,uniform__minimum,0.2,1,600,,,0,0,0,1,96,0.0377984258998,0.553690755028,1
supported,random,rinf,uniform__minimum,0.2,2,600,,,0,0,0,1,192,0.0505106336108,0.650069925996,1
supported,random,rinf,uniform__minimum,0.2,3,600,,,0,0,0,1,288,0.0615731904594,0.716057768801,1
supported,random,rinf,uniform__minimum,0.3,0,600,0.0148645186783,0,600,1,0,1,0,0.0148645186783,0.38565326636,1
supported,random,rinf,uniform__minimum,0.3,1,600,0.0337044642516,0,499,0.831666666667,0,1,96,0.0377984258998,0.553690755028,1
supported,random,rinf,uniform__minimum,0.3,2,600,0.0262902982616,0,128,0.213333333333,0,1,192,0.0505106336108,0.650069925996,1
supported,random,rinf,uniform__minimum,0.3,3,600,0.020874919525,0,17,0.0283333333333,0,1,288,0.0615731904594,0.716057768801,1
unreachable,nearest,r2,inverse_variance__minimum,0.2,0,600,,,0,0,0,1,0,1.17645650402,3.00744129656,1
unreachable,nearest,r2,inverse_variance__minimum,0.2,1,600,,,0,0,0,1,96,1.16582254081,2.9774599978,1
unreachable,nearest,r2,inverse_variance__minimum,0.2,2,600,,,0,0,0,1,192,1.15817598218,2.95507959029,1
unreachable,nearest,r2,inverse_variance__minimum,0.2,3,600,,,0,0,0,1,288,1.15211252087,2.93595327019,1
unreachable,nearest,r2,inverse_variance__minimum,0.3,0,600,,,0,0,0,1,0,1.17645650402,3.00744129656,1
unreachable,nearest,r2,inverse_variance__minimum,0.3,1,600,,,0,0,0,1,96,1.16582254081,2.9774599978,1
unreachable,nearest,r2,inverse_variance__minimum,0.3,2,600,,,0,0,0,1,192,1.15817598218,2.95507959029,1
unreachable,nearest,r2,inverse_variance__minimum,0.3,3,600,,,0,0,0,1,288,1.15211252087,2.93595327019,1
unreachable,nearest,r2,nearest_source__minimum,0.2,0,600,,,0,0,0,1,0,1.0748111356,2.90230697539,1
unreachable,nearest,r2,nearest_source__minimum,0.2,1,600,,,0,0,0,1,96,0.811357100331,2.61346468746,1
unreachable,nearest,r2,nearest_source__minimum,0.2,2,600,,,0,0,0,1,192,0.811357100331,2.61346468746,1
unreachable,nearest,r2,nearest_source__minimum,0.2,3,600,,,0,0,0,1,288,0.811357100331,2.61346468746,1
unreachable,nearest,r2,nearest_source__minimum,0.3,0,600,,,0,0,0,1,0,1.0748111356,2.90230697539,1
unreachable,nearest,r2,nearest_source__minimum,0.3,1,600,,,0,0,0,1,96,0.811357100331,2.61346468746,1
unreachable,nearest,r2,nearest_source__minimum,0.3,2,600,,,0,0,0,1,192,0.811357100331,2.61346468746,1
unreachable,nearest,r2,nearest_source__minimum,0.3,3,600,,,0,0,0,1,288,0.811357100331,2.61346468746,1
unreachable,nearest,r2,optimized__barycentric,0.2,0,600,,,0,0,0,1,0,1.08819379106,2.8964869029,1
unreachable,nearest,r2,optimized__barycentric,0.2,1,600,,,0,0,0,1,96,0.823950605693,2.61210552907,1
unreachable,nearest,r2,optimized__barycentric,0.2,2,600,,,0,0,0,1,192,0.843680435602,2.50475660252,1
unreachable,nearest,r2,optimized__barycentric,0.2,3,600,,,0,0,0,1,288,0.864001938921,2.46811953769,1
unreachable,nearest,r2,optimized__barycentric,0.3,0,600,,,0,0,0,1,0,1.08819379106,2.8964869029,1
unreachable,nearest,r2,optimized__barycentric,0.3,1,600,,,0,0,0,1,96,0.823950605693,2.61210552907,1
unreachable,nearest,r2,optimized__barycentric,0.3,2,600,,,0,0,0,1,192,0.843680435602,2.50475660252,1
unreachable,nearest,r2,optimized__barycentric,0.3,3,600,,,0,0,0,1,288,0.864001938921,2.46811953769,1
unreachable,nearest,r2,optimized__lipschitz,0.2,0,600,,,0,0,0,1,0,1.08849734661,2.89635344941,1
unreachable,nearest,r2,optimized__lipschitz,0.2,1,600,,,0,0,0,1,96,0.825207118254,2.61198632808,1
unreachable,nearest,r2,optimized__lipschitz,0.2,2,600,,,0,0,0,1,192,0.843745740504,2.50292123935,1
unreachable,nearest,r2,optimized__lipschitz,0.2,3,600,,,0,0,0,1,288,0.864090226366,2.46579066143,1
unreachable,nearest,r2,optimized__lipschitz,0.3,0,600,,,0,0,0,1,0,1.08849734661,2.89635344941,1
unreachable,nearest,r2,optimized__lipschitz,0.3,1,600,,,0,0,0,1,96,0.825207118254,2.61198632808,1
unreachable,nearest,r2,optimized__lipschitz,0.3,2,600,,,0,0,0,1,192,0.843745740504,2.50292123935,1
unreachable,nearest,r2,optimized__lipschitz,0.3,3,600,,,0,0,0,1,288,0.864090226366,2.46579066143,1
unreachable,nearest,r2,optimized__minimum,0.2,0,600,,,0,0,0,1,0,1.08932910613,2.89584621576,1
unreachable,nearest,r2,optimized__minimum,0.2,1,600,,,0,0,0,1,96,0.828395044117,2.6115644135,1
unreachable,nearest,r2,optimized__minimum,0.2,2,600,,,0,0,0,1,192,0.843786331706,2.50282252817,1
unreachable,nearest,r2,optimized__minimum,0.2,3,600,,,0,0,0,1,288,0.864128259574,2.46548543952,1
unreachable,nearest,r2,optimized__minimum,0.3,0,600,,,0,0,0,1,0,1.08932910613,2.89584621576,1
unreachable,nearest,r2,optimized__minimum,0.3,1,600,,,0,0,0,1,96,0.828395044117,2.6115644135,1
unreachable,nearest,r2,optimized__minimum,0.3,2,600,,,0,0,0,1,192,0.843786331706,2.50282252817,1
unreachable,nearest,r2,optimized__minimum,0.3,3,600,,,0,0,0,1,288,0.864128259574,2.46548543952,1
unreachable,nearest,r2,uniform__minimum,0.2,0,600,,,0,0,0,1,0,1.17645650402,3.00744129656,1
unreachable,nearest,r2,uniform__minimum,0.2,1,600,,,0,0,0,1,96,1.10343662329,2.86229884615,1
unreachable,nearest,r2,uniform__minimum,0.2,2,600,,,0,0,0,1,192,1.06880454204,2.78137647175,1
unreachable,nearest,r2,uniform__minimum,0.2,3,600,,,0,0,0,1,288,1.05009963906,2.72763606913,1
unreachable,nearest,r2,uniform__minimum,0.3,0,600,,,0,0,0,1,0,1.17645650402,3.00744129656,1
unreachable,nearest,r2,uniform__minimum,0.3,1,600,,,0,0,0,1,96,1.10343662329,2.86229884615,1
unreachable,nearest,r2,uniform__minimum,0.3,2,600,,,0,0,0,1,192,1.06880454204,2.78137647175,1
unreachable,nearest,r2,uniform__minimum,0.3,3,600,,,0,0,0,1,288,1.05009963906,2.72763606913,1
unreachable,nearest,rinf,inverse_variance__minimum,0.2,0,600,,,0,0,0,1,0,1.17645650402,3.13212933387,1
unreachable,nearest,rinf,inverse_variance__minimum,0.2,1,600,,,0,0,0,1,96,1.16582254081,3.11736112189,1
unreachable,nearest,rinf,inverse_variance__minimum,0.2,2,600,,,0,0,0,1,192,1.15817598218,3.10935707412,1
unreachable,nearest,rinf,inverse_variance__minimum,0.2,3,600,,,0,0,0,1,288,1.15211252087,3.1038384741,1
unreachable,nearest,rinf,inverse_variance__minimum,0.3,0,600,,,0,0,0,1,0,1.17645650402,3.13212933387,1
unreachable,nearest,rinf,inverse_variance__minimum,0.3,1,600,,,0,0,0,1,96,1.16582254081,3.11736112189,1
unreachable,nearest,rinf,inverse_variance__minimum,0.3,2,600,,,0,0,0,1,192,1.15817598218,3.10935707412,1
unreachable,nearest,rinf,inverse_variance__minimum,0.3,3,600,,,0,0,0,1,288,1.15211252087,3.1038384741,1
unreachable,nearest,rinf,nearest_source__minimum,0.2,0,600,,,0,0,0,1,0,1.0748111356,2.90690836694,1
unreachable,nearest,rinf,nearest_source__minimum,0.2,1,600,,,0,0,0,1,96,0.811357100331,2.62674776072,1
unreachable,nearest,rinf,nearest_source__minimum,0.2,2,600,,,0,0,0,1,192,0.811357100331,2.62674776072,1
unreachable,nearest,rinf,nearest_source__minimum,0.2,3,600,,,0,0,0,1,288,0.811357100331,2.62674776072,1
unreachable,nearest,rinf,nearest_source__minimum,0.3,0,600,,,0,0,0,1,0,1.0748111356,2.90690836694,1
unreachable,nearest,rinf,nearest_source__minimum,0.3,1,600,,,0,0,0,1,96,0.811357100331,2.62674776072,1
unreachable,nearest,rinf,nearest_source__minimum,0.3,2,600,,,0,0,0,1,192,0.811357100331,2.62674776072,1
unreachable,nearest,rinf,nearest_source__minimum,0.3,3,600,,,0,0,0,1,288,0.811357100331,2.62674776072,1
unreachable,nearest,rinf,optimized__barycentric,0.2,0,600,,,0,0,0,1,0,1.0748111356,2.90690836694,1
unreachable,nearest,rinf,optimized__barycentric,0.2,1,600,,,0,0,0,1,96,0.811357100331,2.62674776072,1
unreachable,nearest,rinf,optimized__barycentric,0.2,2,600,,,0,0,0,1,192,0.811357100331,2.62674776072,1
unreachable,nearest,rinf,optimized__barycentric,0.2,3,600,,,0,0,0,1,288,0.811357100331,2.62674776072,1
unreachable,nearest,rinf,optimized__barycentric,0.3,0,600,,,0,0,0,1,0,1.0748111356,2.90690836694,1
unreachable,nearest,rinf,optimized__barycentric,0.3,1,600,,,0,0,0,1,96,0.811357100331,2.62674776072,1
unreachable,nearest,rinf,optimized__barycentric,0.3,2,600,,,0,0,0,1,192,0.811357100331,2.62674776072,1
unreachable,nearest,rinf,optimized__barycentric,0.3,3,600,,,0,0,0,1,288,0.811357100331,2.62674776072,1
unreachable,nearest,rinf,optimized__lipschitz,0.2,0,600,,,0,0,0,1,0,1.0748111356,2.90690836694,1
unreachable,nearest,rinf,optimized__lipschitz,0.2,1,600,,,0,0,0,1,96,0.811357100331,2.62674776072,1
unreachable,nearest,rinf,optimized__lipschitz,0.2,2,600,,,0,0,0,1,192,0.811357100331,2.62674776072,1
unreachable,nearest,rinf,optimized__lipschitz,0.2,3,600,,,0,0,0,1,288,0.811357100331,2.62674776072,1
unreachable,nearest,rinf,optimized__lipschitz,0.3,0,600,,,0,0,0,1,0,1.0748111356,2.90690836694,1
unreachable,nearest,rinf,optimized__lipschitz,0.3,1,600,,,0,0,0,1,96,0.811357100331,2.62674776072,1
unreachable,nearest,rinf,optimized__lipschitz,0.3,2,600,,,0,0,0,1,192,0.811357100331,2.62674776072,1
unreachable,nearest,rinf,optimized__lipschitz,0.3,3,600,,,0,0,0,1,288,0.811357100331,2.62674776072,1
unreachable,nearest,rinf,optimized__minimum,0.2,0,600,,,0,0,0,1,0,1.0748111356,2.90690836694,1
unreachable,nearest,rinf,optimized__minimum,0.2,1,600,,,0,0,0,1,96,0.811357100331,2.62674776072,1
unreachable,nearest,rinf,optimized__minimum,0.2,2,600,,,0,0,0,1,192,0.811357100331,2.62674776072,1
unreachable,nearest,rinf,optimized__minimum,0.2,3,600,,,0,0,0,1,288,0.811357100331,2.62674776072,1
unreachable,nearest,rinf,optimized__minimum,0.3,0,600,,,0,0,0,1,0,1.0748111356,2.90690836694,1
unreachable,nearest,rinf,optimized__minimum,0.3,1,600,,,0,0,0,1,96,0.811357100331,2.62674776072,1
unreachable,nearest,rinf,optimized__minimum,0.3,2,600,,,0,0,0,1,192,0.811357100331,2.62674776072,1
unreachable,nearest,rinf,optimized__minimum,0.3,3,600,,,0,0,0,1,288,0.811357100331,2.62674776072,1
unreachable,nearest,rinf,uniform__minimum,0.2,0,600,,,0,0,0,1,0,1.17645650402,3.13212933387,1
unreachable,nearest,rinf,uniform__minimum,0.2,1,600,,,0,0,0,1,96,1.10343662329,3.03074714576,1
unreachable,nearest,rinf,uniform__minimum,0.2,2,600,,,0,0,0,1,192,1.06880454204,2.99812042082,1
unreachable,nearest,rinf,uniform__minimum,0.2,3,600,,,0,0,0,1,288,1.05009963906,2.98556991379,1
unreachable,nearest,rinf,uniform__minimum,0.3,0,600,,,0,0,0,1,0,1.17645650402,3.13212933387,1
unreachable,nearest,rinf,uniform__minimum,0.3,1,600,,,0,0,0,1,96,1.10343662329,3.03074714576,1
unreachable,nearest,rinf,uniform__minimum,0.3,2,600,,,0,0,0,1,192,1.06880454204,2.99812042082,1
unreachable,nearest,rinf,uniform__minimum,0.3,3,600,,,0,0,0,1,288,1.05009963906,2.98556991379,1
unreachable,random,r2,inverse_variance__minimum,0.2,0,600,,,0,0,0,1,0,1.17645650402,3.00744129656,1
unreachable,random,r2,inverse_variance__minimum,0.2,1,600,,,0,0,0,1,96,1.17106911154,2.98945951511,1
unreachable,random,r2,inverse_variance__minimum,0.2,2,600,,,0,0,0,1,192,1.16602573705,2.9731105797,1
unreachable,random,r2,inverse_variance__minimum,0.2,3,600,,,0,0,0,1,288,1.16142072849,2.95772995729,1
unreachable,random,r2,inverse_variance__minimum,0.3,0,600,,,0,0,0,1,0,1.17645650402,3.00744129656,1
unreachable,random,r2,inverse_variance__minimum,0.3,1,600,,,0,0,0,1,96,1.17106911154,2.98945951511,1
unreachable,random,r2,inverse_variance__minimum,0.3,2,600,,,0,0,0,1,192,1.16602573705,2.9731105797,1
unreachable,random,r2,inverse_variance__minimum,0.3,3,600,,,0,0,0,1,288,1.16142072849,2.95772995729,1
unreachable,random,r2,nearest_source__minimum,0.2,0,600,,,0,0,0,1,0,1.0748111356,2.90230697539,1
unreachable,random,r2,nearest_source__minimum,0.2,1,600,,,0,0,0,1,96,0.971983181354,2.93052890006,1
unreachable,random,r2,nearest_source__minimum,0.2,2,600,,,0,0,0,1,192,0.903561711549,2.83553767304,1
unreachable,random,r2,nearest_source__minimum,0.2,3,600,,,0,0,0,1,288,0.865625582372,2.74502737145,1
unreachable,random,r2,nearest_source__minimum,0.3,0,600,,,0,0,0,1,0,1.0748111356,2.90230697539,1
unreachable,random,r2,nearest_source__minimum,0.3,1,600,,,0,0,0,1,96,0.971983181354,2.93052890006,1
unreachable,random,r2,nearest_source__minimum,0.3,2,600,,,0,0,0,1,192,0.903561711549,2.83553767304,1
unreachable,random,r2,nearest_source__minimum,0.3,3,600,,,0,0,0,1,288,0.865625582372,2.74502737145,1
unreachable,random,r2,optimized__barycentric,0.2,0,600,,,0,0,0,1,0,1.08819379106,2.8964869029,1
unreachable,random,r2,optimized__barycentric,0.2,1,600,,,0,0,0,1,96,1.01457068358,2.79719633496,1
unreachable,random,r2,optimized__barycentric,0.2,2,600,,,0,0,0,1,192,0.961288390797,2.70971192269,1
unreachable,random,r2,optimized__barycentric,0.2,3,600,,,0,0,0,1,288,0.921520550933,2.63304148554,1
unreachable,random,r2,optimized__barycentric,0.3,0,600,,,0,0,0,1,0,1.08819379106,2.8964869029,1
unreachable,random,r2,optimized__barycentric,0.3,1,600,,,0,0,0,1,96,1.01457068358,2.79719633496,1
unreachable,random,r2,optimized__barycentric,0.3,2,600,,,0,0,0,1,192,0.961288390797,2.70971192269,1
unreachable,random,r2,optimized__barycentric,0.3,3,600,,,0,0,0,1,288,0.921520550933,2.63304148554,1
unreachable,random,r2,optimized__lipschitz,0.2,0,600,,,0,0,0,1,0,1.08849734661,2.89635344941,1
unreachable,random,r2,optimized__lipschitz,0.2,1,600,,,0,0,0,1,96,1.01512254378,2.79568864297,1
unreachable,random,r2,optimized__lipschitz,0.2,2,600,,,0,0,0,1,192,0.961813310408,2.70741266427,1
unreachable,random,r2,optimized__lipschitz,0.2,3,600,,,0,0,0,1,288,0.922635315308,2.63051481794,1
unreachable,random,r2,optimized__lipschitz,0.3,0,600,,,0,0,0,1,0,1.08849734661,2.89635344941,1
unreachable,random,r2,optimized__lipschitz,0.3,1,600,,,0,0,0,1,96,1.01512254378,2.79568864297,1
unreachable,random,r2,optimized__lipschitz,0.3,2,600,,,0,0,0,1,192,0.961813310408,2.70741266427,1
unreachable,random,r2,optimized__lipschitz,0.3,3,600,,,0,0,0,1,288,0.922635315308,2.63051481794,1
unreachable,random,r2,optimized__minimum,0.2,0,600,,,0,0,0,1,0,1.08932910613,2.89584621576,1
unreachable,random,r2,optimized__minimum,0.2,1,600,,,0,0,0,1,96,1.01593560994,2.79424455761,1
unreachable,random,r2,optimized__minimum,0.2,2,600,,,0,0,0,1,192,0.962595548975,2.70606336302,1
unreachable,random,r2,optimized__minimum,0.2,3,600,,,0,0,0,1,288,0.923473381551,2.62946662278,1
unreachable,random,r2,optimized__minimum,0.3,0,600,,,0,0,0,1,0,1.08932910613,2.89584621576,1
unreachable,random,r2,optimized__minimum,0.3,1,600,,,0,0,0,1,96,1.01593560994,2.79424455761,1
unreachable,random,r2,optimized__minimum,0.3,2,600,,,0,0,0,1,192,0.962595548975,2.70606336302,1
unreachable,random,r2,optimized__minimum,0.3,3,600,,,0,0,0,1,288,0.923473381551,2.62946662278,1
unreachable,random,r2,uniform__minimum,0.2,0,600,,,0,0,0,1,0,1.17645650402,3.00744129656,1
unreachable,random,r2,uniform__minimum,0.2,1,600,,,0,0,0,1,96,1.13946307565,2.94475778984,1
unreachable,random,r2,uniform__minimum,0.2,2,600,,,0,0,0,1,192,1.11503087626,2.88776390105,1
unreachable,random,r2,uniform__minimum,0.2,3,600,,,0,0,0,1,288,1.09841366912,2.84091041487,1
unreachable,random,r2,uniform__minimum,0.3,0,600,,,0,0,0,1,0,1.17645650402,3.00744129656,1
unreachable,random,r2,uniform__minimum,0.3,1,600,,,0,0,0,1,96,1.13946307565,2.94475778984,1
unreachable,random,r2,uniform__minimum,0.3,2,600,,,0,0,0,1,192,1.11503087626,2.88776390105,1
unreachable,random,r2,uniform__minimum,0.3,3,600,,,0,0,0,1,288,1.09841366912,2.84091041487,1
unreachable,random,rinf,inverse_variance__minimum,0.2,0,600,,,0,0,0,1,0,1.17645650402,3.13212933387,1
unreachable,random,rinf,inverse_variance__minimum,0.2,1,600,,,0,0,0,1,96,1.17106911154,3.12936063921,1
unreachable,random,rinf,inverse_variance__minimum,0.2,2,600,,,0,0,0,1,192,1.16602573705,3.12738806353,1
unreachable,random,rinf,inverse_variance__minimum,0.2,3,600,,,0,0,0,1,288,1.16142072849,3.1256151612,1
unreachable,random,rinf,inverse_variance__minimum,0.3,0,600,,,0,0,0,1,0,1.17645650402,3.13212933387,1
unreachable,random,rinf,inverse_variance__minimum,0.3,1,600,,,0,0,0,1,96,1.17106911154,3.12936063921,1
unreachable,random,rinf,inverse_variance__minimum,0.3,2,600,,,0,0,0,1,192,1.16602573705,3.12738806353,1
unreachable,random,rinf,inverse_variance__minimum,0.3,3,600,,,0,0,0,1,288,1.16142072849,3.1256151612,1
unreachable,random,rinf,nearest_source__minimum,0.2,0,600,,,0,0,0,1,0,1.0748111356,2.90690836694,1
unreachable,random,rinf,nearest_source__minimum,0.2,1,600,,,0,0,0,1,96,0.971983181354,2.94239396531,1
unreachable,random,rinf,nearest_source__minimum,0.2,2,600,,,0,0,0,1,192,0.903561711549,2.84879180736,1
unreachable,random,rinf,nearest_source__minimum,0.2,3,600,,,0,0,0,1,288,0.865625582372,2.7583104447,1
unreachable,random,rinf,nearest_source__minimum,0.3,0,600,,,0,0,0,1,0,1.0748111356,2.90690836694,1
unreachable,random,rinf,nearest_source__minimum,0.3,1,600,,,0,0,0,1,96,0.971983181354,2.94239396531,1
unreachable,random,rinf,nearest_source__minimum,0.3,2,600,,,0,0,0,1,192,0.903561711549,2.84879180736,1
unreachable,random,rinf,nearest_source__minimum,0.3,3,600,,,0,0,0,1,288,0.865625582372,2.7583104447,1
unreachable,random,rinf,optimized__barycentric,0.2,0,600,,,0,0,0,1,0,1.0748111356,2.90690836694,1
unreachable,random,rinf,optimized__barycentric,0.2,1,600,,,0,0,0,1,96,0.992586534965,2.84685540463,1
unreachable,random,rinf,optimized__barycentric,0.2,2,600,,,0,0,0,1,192,0.930640001,2.79326277924,1
unreachable,random,rinf,optimized__barycentric,0.2,3,600,,,0,0,0,1,288,0.884644649847,2.7440480163,1
unreachable,random,rinf,optimized__barycentric,0.3,0,600,,,0,0,0,1,0,1.0748111356,2.90690836694,1
unreachable,random,rinf,optimized__barycentric,0.3,1,600,,,0,0,0,1,96,0.992586534965,2.84685540463,1
unreachable,random,rinf,optimized__barycentric,0.3,2,600,,,0,0,0,1,192,0.930640001,2.79326277924,1
unreachable,random,rinf,optimized__barycentric,0.3,3,600,,,0,0,0,1,288,0.884644649847,2.7440480163,1
unreachable,random,rinf,optimized__lipschitz,0.2,0,600,,,0,0,0,1,0,1.0748111356,2.90690836694,1
unreachable,random,rinf,optimized__lipschitz,0.2,1,600,,,0,0,0,1,96,0.992806691042,2.8469247069,1
unreachable,random,rinf,optimized__lipschitz,0.2,2,600,,,0,0,0,1,192,0.931692172777,2.79336658028,1
unreachable,random,rinf,optimized__lipschitz,0.2,3,600,,,0,0,0,1,288,0.884960981266,2.74414117386,1
unreachable,random,rinf,optimized__lipschitz,0.3,0,600,,,0,0,0,1,0,1.0748111356,2.90690836694,1
unreachable,random,rinf,optimized__lipschitz,0.3,1,600,,,0,0,0,1,96,0.992806691042,2.8469247069,1
unreachable,random,rinf,optimized__lipschitz,0.3,2,600,,,0,0,0,1,192,0.931692172777,2.79336658028,1
unreachable,random,rinf,optimized__lipschitz,0.3,3,600,,,0,0,0,1,288,0.884960981266,2.74414117386,1
unreachable,random,rinf,optimized__minimum,0.2,0,600,,,0,0,0,1,0,1.0748111356,2.90690836694,1
unreachable,random,rinf,optimized__minimum,0.2,1,600,,,0,0,0,1,96,0.992586534965,2.84685540463,1
unreachable,random,rinf,optimized__minimum,0.2,2,600,,,0,0,0,1,192,0.930640001,2.79326277924,1
unreachable,random,rinf,optimized__minimum,0.2,3,600,,,0,0,0,1,288,0.884644649847,2.7440480163,1
unreachable,random,rinf,optimized__minimum,0.3,0,600,,,0,0,0,1,0,1.0748111356,2.90690836694,1
unreachable,random,rinf,optimized__minimum,0.3,1,600,,,0,0,0,1,96,0.992586534965,2.84685540463,1
unreachable,random,rinf,optimized__minimum,0.3,2,600,,,0,0,0,1,192,0.930640001,2.79326277924,1
unreachable,random,rinf,optimized__minimum,0.3,3,600,,,0,0,0,1,288,0.884644649847,2.7440480163,1
unreachable,random,rinf,uniform__minimum,0.2,0,600,,,0,0,0,1,0,1.17645650402,3.13212933387,1
unreachable,random,rinf,uniform__minimum,0.2,1,600,,,0,0,0,1,96,1.13946307565,3.11320608944,1
unreachable,random,rinf,uniform__minimum,0.2,2,600,,,0,0,0,1,192,1.11503087626,3.10450785012,1
unreachable,random,rinf,uniform__minimum,0.2,3,600,,,0,0,0,1,288,1.09841366912,3.09884425953,1
unreachable,random,rinf,uniform__minimum,0.3,0,600,,,0,0,0,1,0,1.17645650402,3.13212933387,1
unreachable,random,rinf,uniform__minimum,0.3,1,600,,,0,0,0,1,96,1.13946307565,3.11320608944,1
unreachable,random,rinf,uniform__minimum,0.3,2,600,,,0,0,0,1,192,1.11503087626,3.10450785012,1
unreachable,random,rinf,uniform__minimum,0.3,3,600,,,0,0,0,1,288,1.09841366912,3.09884425953,1
