surface,scenario,schedule,mode,stage,bar_minus_min,lip_minus_min,bar_tighter,lip_tighter
linear,bridgeable,nearest,r2,0,0,0.00766135164794,1,0
linear,bridgeable,nearest,r2,1,0,0.021476826289,0.95,0
linear,bridgeable,nearest,r2,2,0,0.0882289619371,1,0
linear,bridgeable,nearest,r2,3,0,0.164375372722,1,0
linear,bridgeable,nearest,rinf,0,5.55111512313e-19,0.000656570621766,0.135,0
linear,bridgeable,nearest,rinf,1,0,0.0199617439562,0.795,0
linear,bridgeable,nearest,rinf,2,2.77555756156e-19,0.124885631112,0.915,0
linear,bridgeable,nearest,rinf,3,0,0.256972814478,1,0
linear,bridgeable,random,r2,0,0,0.00766135164794,1,0
linear,bridgeable,random,r2,1,0,0.289127813343,0.99,0
linear,bridgeable,random,r2,2,0,0.357903473264,1,0
linear,bridgeable,random,r2,3,0,0.379272415643,1,0
linear,bridgeable,random,rinf,0,5.55111512313e-19,0.000656570621766,0.135,0
linear,bridgeable,random,rinf,1,0,0.287030958933,0.87,0
linear,bridgeable,random,rinf,2,0,0.400504477615,0.985,0
linear,bridgeable,random,rinf,3,0,0.444108799488,1,0
linear,supported,nearest,r2,0,0,0.104370577994,1,0
linear,supported,nearest,r2,1,0,0.10197182393,1,0
linear,supported,nearest,r2,2,0,0.104657507479,1,0
linear,supported,nearest,r2,3,0,0.108558249048,1,0
linear,supported,nearest,rinf,0,0,0.100896925873,1,0
linear,supported,nearest,rinf,1,0,0.101786377264,1,0
linear,supported,nearest,rinf,2,0,0.102065540596,1,0
linear,supported,nearest,rinf,3,0,0.102802053275,1,0
linear,supported,random,r2,0,0,0.104370577994,1,0
linear,supported,random,r2,1,0,0.107009639213,1,0
linear,supported,random,r2,2,0,0.108910086418,1,0
linear,supported,random,r2,3,0,0.110666291007,1,0
linear,supported,random,rinf,0,0,0.100896925873,1,0
linear,supported,random,rinf,1,0,0.101617155044,1,0
linear,supported,random,rinf,2,0,0.102378449622,1,0
linear,supported,random,rinf,3,0,0.102556771224,1,0
linear,unreachable,nearest,r2,0,2.22044604925e-18,0.000715844226702,0.92,0
linear,unreachable,nearest,r2,1,9.99200722163e-18,0.000759054455413,0.605,0
linear,unreachable,nearest,r2,2,0,0.000149513053224,1,0
linear,unreachable,nearest,r2,3,0,0.000457001189407,1,0
linear,unreachable,nearest,rinf,0,1.33226762955e-17,3.33066907388e-18,0,0
linear,unreachable,nearest,rinf,1,6.66133814775e-18,1.11022302463e-17,0,0
linear,unreachable,nearest,rinf,2,2.6645352591e-17,1.88737914186e-17,0,0
linear,unreachable,nearest,rinf,3,4.10782519111e-17,2.77555756156e-17,0,0
linear,unreachable,random,r2,0,2.22044604925e-18,0.000715844226702,0.92,0
linear,unreachable,random,r2,1,2.22044604925e-18,0.00185985551976,0.9,0
linear,unreachable,random,r2,2,0,0.00179160577353,0.95,0
linear,unreachable,random,r2,3,0,0.00151064292247,0.99,0
linear,unreachable,random,rinf,0,1.33226762955e-17,3.33066907388e-18,0,0
linear,unreachable,random,rinf,1,2.99760216649e-17,0.000225959685055,0.1,0
linear,unreachable,random,rinf,2,2.77555756156e-17,0.00027159534772,0.11,0
linear,unreachable,random,rinf,3,3.21964677141e-17,0.000252393783244,0.105,0
quadratic,bridgeable,nearest,r2,0,0,0.00673782686528,0.99,0
quadratic,bridgeable,nearest,r2,1,0,0.0196764127951,0.835,0
quadratic,bridgeable,nearest,r2,2,5.25432028408e-05,0.0972908115608,0.94,0.06
quadratic,bridgeable,nearest,r2,3,0,0.168960536402,1,0
quadratic,bridgeable,nearest,rinf,0,5.55111512313e-19,0.000249873254463,0.05,0
quadratic,bridgeable,nearest,rinf,1,0,0.0182156277849,0.715,0
quadratic,bridgeable,nearest,rinf,2,0,0.140819775215,0.895,0
quadratic,bridgeable,nearest,rinf,3,0,0.271026674103,1,0
quadratic,bridgeable,random,r2,0,0,0.00673782686528,0.99,0
quadratic,bridgeable,random,r2,1,4.62949315627e-05,0.260793186783,0.945,0.035
quadratic,bridgeable,random,r2,2,2.53882234605e-05,0.354625651304,0.975,0.025
quadratic,bridgeable,random,r2,3,0,0.374631880636,1,0
quadratic,bridgeable,random,rinf,0,5.55111512313e-19,0.000249873254463,0.05,0
quadratic,bridgeable,random,rinf,1,0,0.260049777042,0.79,0
quadratic,bridgeable,random,rinf,2,0,0.407322414495,0.97,0
quadratic,bridgeable,random,rinf,3,0,0.462727880029,1,0
quadratic,supported,nearest,r2,0,0,0.112692834188,1,0
quadratic,supported,nearest,r2,1,0,0.110095301196,1,0
quadratic,supported,nearest,r2,2,0,0.112604091669,1,0
quadratic,supported,nearest,r2,3,0,0.116525666521,1,0
quadratic,supported,nearest,rinf,0,0,0.103040443775,1,0
quadratic,supported,nearest,rinf,1,0,0.103040447515,1,0
quadratic,supported,nearest,rinf,2,0,0.103040449034,1,0
quadratic,supported,nearest,rinf,3,0,0.103040449797,1,0
quadratic,supported,random,r2,0,0,0.112692834188,1,0
quadratic,supported,random,r2,1,0,0.115062664682,1,0
quadratic,supported,random,r2,2,0,0.116529156253,1,0
quadratic,supported,random,r2,3,0,0.117944143382,1,0
quadratic,supported,random,rinf,0,0,0.103040443775,1,0
quadratic,supported,random,rinf,1,0,0.103040448682,1,0
quadratic,supported,random,rinf,2,0,0.10303802897,1,0
quadratic,supported,random,rinf,3,0,0.103038029728,1,0
quadratic,unreachable,nearest,r2,0,2.49784419328e-05,9.14165006154e-05,0.435,0.3
quadratic,unreachable,nearest,r2,1,7.50223787305e-05,3.10862446895e-17,0,0.04
quadratic,unreachable,nearest,r2,2,0.000696583310266,9.80654180536e-07,0.01,0.99
quadratic,unreachable,nearest,r2,3,0.000839953486212,1.86640310439e-06,0.01,0.99
quadratic,unreachable,nearest,rinf,0,4.4408920985e-18,5.55111512313e-18,0,0
quadratic,unreachable,nearest,rinf,1,8.881784197e-18,1.11022302463e-18,0,0
quadratic,unreachable,nearest,rinf,2,1.11022302463e-17,2.22044604925e-18,0,0
quadratic,unreachable,nearest,rinf,3,2.55351295664e-17,2.22044604925e-18,0,0
quadratic,unreachable,random,r2,0,2.49784419328e-05,9.14165006154e-05,0.435,0.3
quadratic,unreachable,random,r2,1,0.000435873302545,0.000384580652224,0.57,0.29
quadratic,unreachable,random,r2,2,0.000604981792045,0.000286283141757,0.365,0.55
quadratic,unreachable,random,r2,3,0.000821272372518,0.000111487990575,0.18,0.755
quadratic,unreachable,random,rinf,0,4.4408920985e-18,5.55111512313e-18,0,0
quadratic,unreachable,random,rinf,1,1.7763568394e-17,8.51665557475e-07,0.005,0
quadratic,unreachable,random,rinf,2,1.88737914186e-17,1.22215432201e-05,0.015,0
quadratic,unreachable,random,rinf,3,2.55351295664e-17,1.62892861946e-05,0.025,0
sinusoidal,bridgeable,nearest,r2,0,3.88049492998e-07,0.00282539898248,0.97,0.005
sinusoidal,bridgeable,nearest,r2,1,0.000528031076187,0.0173172018942,0.805,0.075
sinusoidal,bridgeable,nearest,r2,2,0.00025747077894,0.0798254067424,0.88,0.12
sinusoidal,bridgeable,nearest,r2,3,0,0.135675112474,1,0
sinusoidal,bridgeable,nearest,rinf,0,0,3.17929403023e-06,0.005,0
sinusoidal,bridgeable,nearest,rinf,1,0,0.0163573118463,0.715,0
sinusoidal,bridgeable,nearest,rinf,2,0,0.118883608833,0.895,0
sinusoidal,bridgeable,nearest,rinf,3,0,0.222794910639,1,0
sinusoidal,bridgeable,random,r2,0,3.88049492998e-07,0.00282539898248,0.97,0.005
sinusoidal,bridgeable,random,r2,1,0.000544804400376,0.224481807575,0.82,0.155
sinusoidal,bridgeable,random,r2,2,0.00010321113696,0.26824249115,0.97,0.03
sinusoidal,bridgeable,random,r2,3,0,0.276986317871,1,0
sinusoidal,bridgeable,random,rinf,0,0,3.17929403023e-06,0.005,0
sinusoidal,bridgeable,random,rinf,1,5.55111512313e-19,0.224661804571,0.785,0
sinusoidal,bridgeable,random,rinf,2,0,0.302191416121,0.965,0
sinusoidal,bridgeable,random,rinf,3,0,0.323033113765,1,0
sinusoidal,supported,nearest,r2,0,0,0.0990737325138,1,0
sinusoidal,supported,nearest,r2,1,0,0.0965539671009,1,0
sinusoidal,supported,nearest,r2,2,0,0.0984992210122,1,0
sinusoidal,supported,nearest,r2,3,0,0.100844586154,1,0
sinusoidal,supported,nearest,rinf,0,0,0.0917153595705,1,0
sinusoidal,supported,nearest,rinf,1,0,0.0917151166123,1,0
sinusoidal,supported,nearest,rinf,2,0,0.0917151172167,1,0
sinusoidal,supported,nearest,rinf,3,0,0.0917151175663,1,0
sinusoidal,supported,random,r2,0,0,0.0990737325138,1,0
sinusoidal,supported,random,r2,1,0,0.100428515388,1,0
sinusoidal,supported,random,r2,2,0,0.101532517881,1,0
sinusoidal,supported,random,r2,3,0,0.102213940297,1,0
sinusoidal,supported,random,rinf,0,0,0.0917153595705,1,0
sinusoidal,supported,random,rinf,1,0,0.0917151149961,1,0
sinusoidal,supported,random,rinf,2,0,0.0917151158728,1,0
sinusoidal,supported,random,rinf,3,0,0.0917151181991,1,0
sinusoidal,unreachable,nearest,r2,0,0.00108075245051,0,0,0.83
sinusoidal,unreachable,nearest,r2,1,0.00236323530941,7.77156117238e-18,0,0.27
sinusoidal,unreachable,nearest,r2,2,0.00220859675081,0,0,1
sinusoidal,unreachable,nearest,r2,3,0.00311773219054,0,0,1
sinusoidal,unreachable,nearest,rinf,0,7.77156117238e-18,2.22044604925e-18,0,0
sinusoidal,unreachable,nearest,rinf,1,5.55111512313e-18,4.4408920985e-18,0,0
sinusoidal,unreachable,nearest,rinf,2,1.88737914186e-17,1.11022302463e-17,0,0
sinusoidal,unreachable,nearest,rinf,3,2.99760216649e-17,1.22124532709e-17,0,0
sinusoidal,unreachable,random,r2,0,0.00108075245051,0,0,0.83
sinusoidal,unreachable,random,r2,1,0.00430740822421,1.11022302463e-18,0,0.92
sinusoidal,unreachable,random,r2,2,0.0052217310407,0,0,0.965
sinusoidal,unreachable,random,r2,3,0.00492755031144,0,0,0.985
sinusoidal,unreachable,random,rinf,0,7.77156117238e-18,2.22044604925e-18,0,0
sinusoidal,unreachable,random,rinf,1,2.10942374679e-17,1.11022302463e-17,0,0
sinusoidal,unreachable,random,rinf,2,2.88657986403e-17,1.44328993201e-17,0,0
sinusoidal,unreachable,random,rinf,3,2.77555756156e-17,1.33226762955e-17,0,0
