ambiguity,sigma,n,risk,risk_mcse,analytic_risk,risk_over_rate,minimax_lower,upper
0.01,0.01,40000,0.0117102685194,3.98492555442e-05,0.0116663094118,1.17102685194,0.01,0.017978845608
0.01,0.0119377664171,40000,0.012729080497,4.50614890693e-05,0.0126842920569,1.06628661109,0.01,0.0195249595147
0.01,0.014251026703,40000,0.0141057131339,5.12241526267e-05,0.0140606181538,0.989803291216,0.01,0.0213706741819
0.01,0.0170125427985,40000,0.0158933328902,5.86851000435e-05,0.015853778884,0.934212661706,0.01,0.0235740452389
0.01,0.020309176209,40000,0.0181587004663,6.77744836674e-05,0.0181299775359,0.894113098404,0.01,0.0262043781398
0.01,0.0242446201708,40000,0.0209815723859,7.8841989414e-05,0.0209669586184,0.865411470175,0.01,0.0293444081168
0.01,0.0289426612472,40000,0.0244543648676,9.22952469449e-05,0.0244577405087,0.844924544388,0.01,0.0330929025577
0.01,0.0345510729459,40000,0.0286932982886,0.00010856687826,0.0287144196371,0.830460412432,0.01,0.0375677676627
0.01,0.041246263829,40000,0.0338319370428,0.000128203271337,0.0338722674282,0.820242463247,0.01,0.0429097571
0.01,0.0492388263171,40000,0.0400307036077,0.000151852763589,0.0400943447866,0.81299061334,0.01,0.0492868993104
0.01,0.0587801607227,40000,0.0474850117375,0.000180270401358,0.0475768527556,0.807840794472,0.01,0.0568997827222
0.01,0.070170382867,40000,0.0564329152826,0.00021433503766,0.0565554385707,0.804226982622,0.01,0.0659878651152
0.01,0.0837677640068,40000,0.0671565338066,0.00025511896834,0.0673126887895,0.801699013968,0.0104709705009,0.076837005594
0.01,0.1,40000,0.0799915898676,0.000303918567042,0.0801870662409,0.799915898676,0.0125,0.0897884560803
0.01,0.119377664171,40000,0.0953438775028,0.000362257002346,0.0955835848964,0.798674343015,0.0149222080214,0.105249595147
0.01,0.14251026703,40000,0.113694684095,0.000431980967927,0.113986566336,0.79779995129,0.0178137833788,0.123706741819
0.01,0.170125427985,40000,0.135622970901,0.000515272734414,0.135974883808,0.797194002725,0.0212656784982,0.145740452389
0.01,0.20309176209,40000,0.161818517178,0.000614752312615,0.162240176217,0.79677538622,0.0253864702613,0.172043781398
0.01,0.242446201708,40000,0.1931055733,0.000733547098918,0.193608606629,0.796488342317,0.0303057752135,0.203444081168
0.01,0.289426612472,40000,0.230467994046,0.000875395529114,0.231066850704,0.796291647398,0.036178326559,0.240929025577
0.01,0.345510729459,40000,0.275080187907,0.00104476468992,0.275793133081,0.79615526944,0.0431888411824,0.285677676627
0.01,0.41246263829,40000,0.328344565212,0.00124698750838,0.329194288303,0.796058926871,0.0515578297863,0.339097571
0.01,0.492388263171,40000,0.391936238154,0.00148842663597,0.39295001221,0.795990212339,0.0615485328963,0.402868993104
0.01,0.587801607227,40000,0.467854958189,0.00177667953912,0.469065695811,0.795940249969,0.0734752009034,0.478997827222
0.01,0.70170382867,40000,0.558489750579,0.00212080606237,0.559935503561,0.795905234887,0.0877129785838,0.569878651152
0.01,0.837677640068,40000,0.666691109497,0.00253163282288,0.668417680172,0.795880273756,0.104709705009,0.67837005594
0.01,1,40000,0.795861914035,0.00302208548904,0.797924454698,0.795861914035,0.125,0.807884560803
0.0119377664171,0.01,40000,0.013116750889,4.22090601731e-05,0.0130742132232,1.09876089301,0.0119377664171,0.0199166120252
0.0119377664171,0.0119377664171,40000,0.0139794450267,4.75711104584e-05,0.0139269676708,1.17102685194,0.0119377664171,0.0214627259319
0.0119377664171,0.014251026703,40000,0.0151956789678,5.37933530918e-05,0.0151422115743,1.06628661109,0.0119377664171,0.0233084405991
0.0119377664171,0.0170125427985,40000,0.0168390708539,6.11501968974e-05,0.0167852375201,0.989803291216,0.0119377664171,0.0255118116561
0.0119377664171,0.020309176209,40000,0.0189730895633,7.00569016486e-05,0.0189258709147,0.934212661706,0.0119377664171,0.028142144557
0.0119377664171,0.0242446201708,40000,0.0216774324606,8.09075955064e-05,0.0216431436971,0.894113098404,0.0119377664171,0.031282174534
0.0119377664171,0.0289426612472,40000,0.0250473110207,9.41197253488e-05,0.0250298654465,0.865411470175,0.0119377664171,0.0350306689748
0.0119377664171,0.0345510729459,40000,0.0291930495669,0.000110179909944,0.0291970793284,0.844924544388,0.0119377664171,0.0395055340799
0.0119377664171,0.041246263829,40000,0.0342533892707,0.000129604603331,0.0342786034431,0.830460412432,0.0119377664171,0.0448475235171
0.0119377664171,0.0492388263171,40000,0.0403877761857,0.000153046070713,0.0404359216576,0.820242463247,0.0119377664171,0.0512246657276
0.0119377664171,0.0587801607227,40000,0.0477877189182,0.000181278282152,0.0478636922711,0.81299061334,0.0119377664171,0.0588375491393
0.0119377664171,0.070170382867,40000,0.0566864978437,0.000215202594333,0.0567961355059,0.807840794472,0.0119377664171,0.0679256315324
0.0119377664171,0.0837677640068,40000,0.0673682960882,0.00025586816146,0.0675145615276,0.804226982622,0.0119377664171,0.0787747720112
0.0119377664171,0.1,40000,0.0801699013968,0.000304555065262,0.0803563155679,0.801699013968,0.0125,0.0917262224974
0.0119377664171,0.119377664171,40000,0.0954920915176,0.000362810886318,0.095725446646,0.799915898676,0.0149222080214,0.107187361564
0.0119377664171,0.14251026703,40000,0.113819293893,0.000432453947699,0.114105450981,0.798674343015,0.0178137833788,0.125644508237
0.0119377664171,0.170125427985,40000,0.13572605816,0.000515688789176,0.136074500361,0.79779995129,0.0212656784982,0.147678218807
0.0119377664171,0.20309176209,40000,0.161903534741,0.000615120554456,0.16232364015,0.797194002725,0.0253864702613,0.173981547815
0.0119377664171,0.242446201708,40000,0.193175166004,0.00073387695124,0.193678532716,0.79677538622,0.0303057752135,0.205381847585
0.0119377664171,0.289426612472,40000,0.23052492279,0.000875691392286,0.231125432229,0.796488342317,0.036178326559,0.242866791994
0.0119377664171,0.345510729459,40000,0.275127307955,0.00104502673492,0.275842209045,0.796291647398,0.0431888411824,0.287615443044
0.0119377664171,0.41246263829,40000,0.328384302922,0.00124721568291,0.329235400217,0.79615526944,0.0515578297863,0.341035337417
0.0119377664171,0.492388263171,40000,0.391970072383,0.00148862456002,0.392984451962,0.796058926871,0.0615485328963,0.404806759522
0.0119377664171,0.587801607227,40000,0.46788432615,0.00177684895092,0.469094545938,0.795990212339,0.0734752009034,0.480935593639
0.0119377664171,0.70170382867,40000,0.558514320796,0.00212095853361,0.559959671089,0.795940249969,0.0877129785838,0.57181641757
0.0119377664171,0.837677640068,40000,0.666712018878,0.00253176873886,0.668437925018,0.795905234887,0.104709705009,0.680307822357
0.0119377664171,1,40000,0.795880273756,0.00302220412935,0.797941413499,0.795880273756,0.125,0.80982232722
0.014251026703,0.01,40000,0.0149886713862,4.45585504947e-05,0.0149447778953,1.05176080983,0.014251026703,0.0222298723111
0.014251026703,0.0119377664171,40000,0.0156584708265,5.03881901034e-05,0.0156076903546,1.09876089301,0.014251026703,0.0237759862177
0.014251026703,0.014251026703,40000,0.016688334937,5.67892804856e-05,0.0166256886953,1.17102685194,0.014251026703,0.025621700885
0.014251026703,0.0170125427985,40000,0.0181402466067,6.42172484005e-05,0.0180764184813,1.06628661109,0.014251026703,0.027825071942
0.014251026703,0.020309176209,40000,0.0201020894536,7.29996766924e-05,0.0200378244771,0.989803291216,0.014251026703,0.0304554048429
0.014251026703,0.0242446201708,40000,0.0226496311418,8.36322927789e-05,0.022593262622,0.934212661706,0.014251026703,0.0335954348199
0.014251026703,0.0289426612472,40000,0.0258780125238,9.65855976528e-05,0.0258370793989,0.894113098404,0.014251026703,0.0373439292607
0.014251026703,0.0345510729459,40000,0.0299008948342,0.000112357929646,0.0298800687153,0.865411470175,0.014251026703,0.0418187943658
0.014251026703,0.041246263829,40000,0.0348499806734,0.000131530202878,0.0348547913085,0.844924544388,0.014251026703,0.047160783803
0.014251026703,0.0492388263171,40000,0.0408908960109,0.000154718948115,0.040920996101,0.830460412432,0.014251026703,0.0535379260135
0.014251026703,0.0587801607227,40000,0.0482139838213,0.000182702824324,0.0482714587611,0.820242463247,0.014251026703,0.0611508094252
0.014251026703,0.070170382867,40000,0.0570478626054,0.000216405778883,0.0571385578194,0.81299061334,0.014251026703,0.0702388918183
0.014251026703,0.0837677640068,40000,0.0676710170265,0.000256903830352,0.0678018999066,0.807840794472,0.014251026703,0.0810880322971
0.014251026703,0.1,40000,0.0804226982622,0.000305449434509,0.0805973065272,0.804226982622,0.014251026703,0.0940394827833
0.014251026703,0.119377664171,40000,0.0957049556561,0.000363570723026,0.0959274925392,0.801699013968,0.0149222080214,0.10950062185
0.014251026703,0.14251026703,40000,0.113996228322,0.000433115161446,0.114274802224,0.799915898676,0.0178137833788,0.127957768522
0.014251026703,0.170125427985,40000,0.135874814426,0.00051625342138,0.136216422073,0.798674343015,0.0212656784982,0.149991479092
0.014251026703,0.20309176209,40000,0.162026597903,0.000615617230913,0.162442560064,0.79779995129,0.0253864702613,0.176294808101
0.014251026703,0.242446201708,40000,0.193276657985,0.000734316549748,0.193778170009,0.797194002725,0.0303057752135,0.207695107871
0.014251026703,0.289426612472,40000,0.230608000934,0.000876085162283,0.231208908357,0.79677538622,0.036178326559,0.24518005228
0.014251026703,0.345510729459,40000,0.27519526816,0.00104537992946,0.275912142301,0.796488342317,0.0431888411824,0.28992870333
0.014251026703,0.41246263829,40000,0.328440553734,0.00124752850611,0.329293985957,0.796291647398,0.0515578297863,0.343348597703
0.014251026703,0.492388263171,40000,0.392017510334,0.00148889694944,0.393033530404,0.79615526944,0.0615485328963,0.407120019807
0.014251026703,0.587801607227,40000,0.467924716662,0.00177708522803,0.469135659309,0.796058926871,0.0734752009034,0.483248853925
0.014251026703,0.70170382867,40000,0.558549379582,0.00212116077347,0.559994111697,0.795990212339,0.0877129785838,0.574129677855
0.014251026703,0.837677640068,40000,0.666741350229,0.00253195075547,0.668466775648,0.795940249969,0.104709705009,0.682621082643
0.014251026703,1,40000,0.795905234887,0.00302236638268,0.797965581322,0.795905234887,0.125,0.812135587506
0.0170125427985,0.01,40000,0.0174239921279,4.66470273478e-05,0.0173771821396,1.02418505771,0.0170125427985,0.0249913884066
0.0170125427985,0.0119377664171,40000,0.0178931257911,5.31929567692e-05,0.017840726767,1.05176080983,0.0170125427985,0.0265375023132
0.0170125427985,0.014251026703,40000,0.0186927167176,6.01522443637e-05,0.0186320961764,1.09876089301,0.0170125427985,0.0283832169805
0.0170125427985,0.0170125427985,40000,0.0199221444369,6.77937165435e-05,0.0198473588168,1.17102685194,0.0170125427985,0.0305865880375
0.0170125427985,0.020309176209,40000,0.021655402674,7.66610511357e-05,0.0215792061488,1.06628661109,0.0170125427985,0.0332169209383
0.0170125427985,0.0242446201708,40000,0.0239974048394,8.7145308888e-05,0.0239206868115,0.989803291216,0.0170125427985,0.0363569509154
0.0170125427985,0.0289426612472,40000,0.0270386006006,9.98382776125e-05,0.0269713091783,0.934212661706,0.0170125427985,0.0401054453562
0.0170125427985,0.0345510729459,40000,0.0308925668849,0.000115301630404,0.0308437018765,0.894113098404,0.0170125427985,0.0445803104613
0.0170125427985,0.041246263829,40000,0.0356949898195,0.000134130271923,0.0356701280851,0.865411470175,0.0170125427985,0.0499222998985
0.0170125427985,0.0492388263171,40000,0.0416030928921,0.000157017683875,0.041608835716,0.844924544388,0.0170125427985,0.056299442109
0.0170125427985,0.0587801607227,40000,0.0488145965166,0.00018469986629,0.0488505293011,0.830460412432,0.0170125427985,0.0639123255207
0.0170125427985,0.070170382867,40000,0.0575567276899,0.000218106364053,0.0576253399305,0.820242463247,0.0170125427985,0.0730004079138
0.0170125427985,0.0837677640068,40000,0.068102405838,0.000258340163963,0.0682106756661,0.81299061334,0.0170125427985,0.0838495483926
0.0170125427985,0.1,40000,0.0807840794472,0.000306685791841,0.0809403243723,0.807840794472,0.0170125427985,0.0968009988788
0.0170125427985,0.119377664171,40000,0.0960067386491,0.000364638400142,0.0962151819173,0.804226982622,0.0170125427985,0.112262137946
0.0170125427985,0.14251026703,40000,0.114250340559,0.00043402223676,0.114515999892,0.801699013968,0.0178137833788,0.130719284618
0.0170125427985,0.170125427985,40000,0.136086034614,0.000517042762907,0.136418589631,0.799915898676,0.0212656784982,0.152752995188
0.0170125427985,0.20309176209,40000,0.162204179659,0.000616291275648,0.162611982889,0.798674343015,0.0253864702613,0.179056324197
0.0170125427985,0.242446201708,40000,0.193423567913,0.0007349094705,0.193920133824,0.79779995129,0.0303057752135,0.210456623967
0.0170125427985,0.289426612472,40000,0.230729159692,0.000876609944714,0.231327853031,0.797194002725,0.036178326559,0.247941568375
0.0170125427985,0.345510729459,40000,0.275294444908,0.00104585000289,0.276011794153,0.79677538622,0.0431888411824,0.292690219426
0.0170125427985,0.41246263829,40000,0.32852168304,0.00124795014151,0.329377470645,0.796488342317,0.0515578297863,0.346110113798
0.0170125427985,0.492388263171,40000,0.39208466124,0.00148927039047,0.393103468693,0.796291647398,0.0615485328963,0.409881535903
0.0170125427985,0.587801607227,40000,0.46798134698,0.00177741040016,0.469194248007,0.79615526944,0.0734752009034,0.48601037002
0.0170125427985,0.70170382867,40000,0.558597596832,0.00212144283556,0.560043191878,0.796058926871,0.0877129785838,0.576891193951
0.0170125427985,0.837677640068,40000,0.666783202589,0.00253219218468,0.668507890041,0.795990212339,0.104709705009,0.685382598739
0.0170125427985,1,40000,0.795940249969,0.00302258366986,0.798000022531,0.795940249969,0.125,0.814897103601
0.020309176209,0.01,40000,0.0205113883099,4.82737964351e-05,0.0204654282467,1.00995668651,0.020309176209,0.0282880218171
0.020309176209,0.0119377664171,40000,0.0208003548077,5.56861316532e-05,0.020744474137,1.02418505771,0.020309176209,0.0298341357238
0.020309176209,0.014251026703,40000,0.0213603956167,6.35005092948e-05,0.0212978428857,1.05176080983,0.020309176209,0.031679850391
0.020309176209,0.0170125427985,40000,0.0223149285877,7.18083442681e-05,0.0222425612016,1.09876089301,0.020309176209,0.033883221448
0.020309176209,0.020309176209,40000,0.0237825906816,8.09305552647e-05,0.0236933133553,1.17102685194,0.020309176209,0.0365135543489
0.020309176209,0.0242446201708,40000,0.0258517138792,9.15161721751e-05,0.0257607522472,1.06628661109,0.020309176209,0.0396535843259
0.020309176209,0.0289426612472,40000,0.028647541359,0.000104032034186,0.0285559571693,0.989803291216,0.020309176209,0.0434020787667
0.020309176209,0.0345510729459,40000,0.0322780498216,0.000119184603763,0.0321977188935,0.934212661706,0.020309176209,0.0478769438718
0.020309176209,0.041246263829,40000,0.0368788247497,0.000137644393128,0.0368204908442,0.894113098404,0.020309176209,0.053218933309
0.020309176209,0.0492388263171,40000,0.0426118450727,0.000160121585568,0.042582165715,0.865411470175,0.020309176209,0.0595960755195
0.020309176209,0.0587801607227,40000,0.0496648005177,0.000187444043346,0.0496716561666,0.844924544388,0.020309176209,0.0672089589312
0.020309176209,0.070170382867,40000,0.0582737250963,0.000220490386105,0.058316620815,0.830460412432,0.020309176209,0.0762970413243
0.020309176209,0.0837677640068,40000,0.0687098770897,0.000260370282816,0.0687917847799,0.820242463247,0.020309176209,0.0871461818031
0.020309176209,0.1,40000,0.081299061334,0.000308400453356,0.0814283113257,0.81299061334,0.020309176209,0.100097632289
0.020309176209,0.119377664171,40000,0.0964381470665,0.000366114334645,0.0966246686085,0.807840794472,0.020309176209,0.115558771356
0.020309176209,0.14251026703,40000,0.114610602046,0.000435296804761,0.114859436751,0.804226982622,0.020309176209,0.134015918028
0.020309176209,0.170125427985,40000,0.136389387867,0.000518125608228,0.136706525773,0.801699013968,0.0212656784982,0.156049628598
0.020309176209,0.20309176209,40000,0.162456329386,0.000617233573126,0.162853325797,0.799915898676,0.0253864702613,0.182352957607
0.020309176209,0.242446201708,40000,0.193635560866,0.000735714129361,0.194122386835,0.798674343015,0.0303057752135,0.213753257377
0.020309176209,0.289426612472,40000,0.230904537332,0.000877317759658,0.231497326118,0.79779995129,0.036178326559,0.251238201786
0.020309176209,0.345510729459,40000,0.275439081402,0.00104647647589,0.276153787526,0.797194002725,0.0431888411824,0.295986852836
0.020309176209,0.41246263829,40000,0.328640077925,0.00124851130418,0.329496432698,0.79677538622,0.0515578297863,0.349406747209
0.020309176209,0.492388263171,40000,0.392181511509,0.00148977372896,0.393203130763,0.796488342317,0.0615485328963,0.413178169313
0.020309176209,0.587801607227,40000,0.468061510163,0.00177785620534,0.469277738702,0.796291647398,0.0734752009034,0.489307003431
0.020309176209,0.70170382867,40000,0.558665200782,0.00212183101845,0.560113133698,0.79615526944,0.0877129785838,0.580187827361
0.020309176209,0.837677640068,40000,0.666840763216,0.00253252890382,0.668566480815,0.796058926871,0.104709705009,0.688679232149
0.020309176209,1,40000,0.795990212339,0.00302287188241,0.798049103933,0.795990212339,0.125,0.818193737012
0.0242446201708,0.01,40000,0.0243388002134,4.9296550795e-05,0.0242951499029,1.00388457488,0.0242446201708,0.0322234657789
0.0242446201708,0.0119377664171,40000,0.0244860162535,5.76281305911e-05,0.0244311502035,1.00995668651,0.0242446201708,0.0337695796855
0.0242446201708,0.014251026703,40000,0.0248309777088,6.64768032351e-05,0.0247642686695,1.02418505771,0.0242446201708,0.0356152943528
0.0242446201708,0.0170125427985,40000,0.025499541345,7.58054247331e-05,0.0254248673559,1.05176080983,0.0242446201708,0.0378186654098
0.0242446201708,0.020309176209,40000,0.0266390405095,8.57231240675e-05,0.0265526500144,1.09876089301,0.0242446201708,0.0404489983106
0.0242446201708,0.0242446201708,40000,0.0283911012352,9.66130064759e-05,0.0282845240483,1.17102685194,0.0242446201708,0.0435890282877
0.0242446201708,0.0289426612472,40000,0.0308611721773,0.000109249868682,0.0307525843056,1.06628661109,0.0242446201708,0.0473375227285
0.0242446201708,0.0345510729459,40000,0.0341987657169,0.000124191012401,0.0340894346506,0.989803291216,0.0242446201708,0.0518123878335
0.0242446201708,0.041246263829,40000,0.0385327819171,0.000142279796024,0.0384368847315,0.934212661706,0.0242446201708,0.0571543772708
0.0242446201708,0.0492388263171,40000,0.0440250795601,0.000164316661379,0.0439554419062,0.894113098404,0.0242446201708,0.0635315194813
0.0242446201708,0.0587801607227,40000,0.0508690253082,0.000191149408686,0.0508335947842,0.865411470175,0.0242446201708,0.071144402893
0.0242446201708,0.070170382867,40000,0.0592886787735,0.000223766320575,0.059296862887,0.844924544388,0.0242446201708,0.0802324852861
0.0242446201708,0.0837677640068,40000,0.0695658118456,0.000263216272655,0.0696170197527,0.830460412432,0.0242446201708,0.0910816257649
0.0242446201708,0.1,40000,0.0820242463247,0.000310823961822,0.082122025812,0.820242463247,0.0242446201708,0.104033076251
0.0242446201708,0.119377664171,40000,0.0970529204138,0.00036816125751,0.0972072160349,0.81299061334,0.0242446201708,0.119494215318
0.0242446201708,0.14251026703,40000,0.115125607338,0.000437058740896,0.115348272398,0.807840794472,0.0242446201708,0.13795136199
0.0242446201708,0.170125427985,40000,0.136819459616,0.000519647157737,0.137116512674,0.804226982622,0.0242446201708,0.15998507256
0.0242446201708,0.20309176209,40000,0.162818465413,0.000618526248577,0.163197057238,0.801699013968,0.0253864702613,0.186288401569
0.0242446201708,0.242446201708,40000,0.19393657132,0.000736839022079,0.194410496362,0.799915898676,0.0303057752135,0.217688701339
0.0242446201708,0.289426612472,40000,0.231157609567,0.000878278342611,0.231738771038,0.798674343015,0.036178326559,0.255173645747
0.0242446201708,0.345510729459,40000,0.275648443133,0.00104732144884,0.276356100539,0.79779995129,0.0431888411824,0.299922296798
0.0242446201708,0.41246263829,40000,0.328812741593,0.00124925917303,0.32966594107,0.797194002725,0.0515578297863,0.353342191171
0.0242446201708,0.492388263171,40000,0.392322848558,0.00149044363185,0.393345144883,0.79677538622,0.0615485328963,0.417113613275
0.0242446201708,0.587801607227,40000,0.468177127752,0.00177845707907,0.469396712953,0.796488342317,0.0734752009034,0.493242447393
0.0242446201708,0.70170382867,40000,0.558760897718,0.00212236321026,0.560212802939,0.796291647398,0.0877129785838,0.584123271323
0.0242446201708,0.837677640068,40000,0.666921467233,0.00253299230749,0.668649975726,0.79615526944,0.104709705009,0.692614676111
0.0242446201708,1,40000,0.796058926871,0.00302327384985,0.798119048231,0.796058926871,0.125,0.822129180974
0.0289426612472,0.01,40000,0.0289949414677,4.97810035775e-05,0.0289537106589,1.00180633771,0.0289426612472,0.0369215068552
0.0289426612472,0.0119377664171,40000,0.0290550911821,5.88490708561e-05,0.029002982461,1.00388457488,0.0289426612472,0.0384676207619
0.0289426612472,0.014251026703,40000,0.029230834252,6.87951162054e-05,0.0291653364432,1.00995668651,0.0289426612472,0.0403133354291
0.0289426612472,0.0170125427985,40000,0.0296426411797,7.93584549179e-05,0.0295630054867,1.02418505771,0.0289426612472,0.0425167064861
0.0289426612472,0.020309176209,40000,0.0304407568321,9.04947453616e-05,0.0303516127681,1.05176080983,0.0289426612472,0.045147039387
0.0289426612472,0.0242446201708,40000,0.031801064318,0.000102334263167,0.0316979333628,1.09876089301,0.0289426612472,0.048287069364
0.0289426612472,0.0289426612472,40000,0.0338926334871,0.000115334350417,0.0337654041309,1.17102685194,0.0289426612472,0.0520355638048
0.0289426612472,0.0345510729459,40000,0.0368413464812,0.000130419941343,0.0367117168164,1.06628661109,0.0289426612472,0.0565104289099
0.0289426612472,0.041246263829,40000,0.0408256876883,0.000148256329715,0.0406951708151,0.989803291216,0.0289426612472,0.0618524183471
0.0289426612472,0.0492388263171,40000,0.045999534993,0.000169850297081,0.0458850551728,0.934212661706,0.0289426612472,0.0682295605576
0.0289426612472,0.0587801607227,40000,0.0525561116285,0.000196157392199,0.0524729798239,0.894113098404,0.0289426612472,0.0758424439694
0.0289426612472,0.070170382867,40000,0.0607262541997,0.000228189699166,0.0606839580677,0.865411470175,0.0289426612472,0.0849305263624
0.0289426612472,0.0837677640068,40000,0.0707774398379,0.000267127006705,0.0707872098415,0.844924544388,0.0289426612472,0.0957796668412
0.0289426612472,0.1,40000,0.0830460412432,0.000314221438015,0.0831071720465,0.830460412432,0.0289426612472,0.108731117327
0.0289426612472,0.119377664171,40000,0.0979186293167,0.000371054385308,0.0980353561847,0.820242463247,0.0289426612472,0.124192256394
0.0289426612472,0.14251026703,40000,0.1158595094,0.0004395023096,0.116043703909,0.81299061334,0.0289426612472,0.142649403067
0.0289426612472,0.170125427985,40000,0.137434260904,0.000521750515939,0.137700073251,0.807840794472,0.0289426612472,0.164683113637
0.0289426612472,0.20309176209,40000,0.163331875021,0.00062034263884,0.163686490024,0.804226982622,0.0289426612472,0.190986442645
0.0289426612472,0.242446201708,40000,0.19436888085,0.000738382187838,0.194820834927,0.801699013968,0.0303057752135,0.222386742415
0.0289426612472,0.289426612472,40000,0.231516948816,0.000879621213262,0.232082709462,0.799915898676,0.036178326559,0.259871686824
0.0289426612472,0.345510729459,40000,0.275950554856,0.00104846817033,0.276644331844,0.798674343015,0.0431888411824,0.304620337874
0.0289426612472,0.41246263829,40000,0.329062672737,0.00125026788199,0.329907457618,0.79779995129,0.0515578297863,0.358040232247
0.0289426612472,0.492388263171,40000,0.392528970412,0.00149133642021,0.393547500018,0.797194002725,0.0615485328963,0.421811654352
0.0289426612472,0.587801607227,40000,0.468345852619,0.00177925679349,0.469566246093,0.79677538622,0.0734752009034,0.497940488469
0.0289426612472,0.70170382867,40000,0.558898919295,0.00212308051928,0.560354831621,0.796488342317,0.0877129785838,0.5888213124
0.0289426612472,0.837677640068,40000,0.667035707999,0.00253362762564,0.668768958538,0.796291647398,0.104709705009,0.697312717187
0.0289426612472,1,40000,0.79615526944,0.00302382705033,0.798218722505,0.79615526944,0.125,0.82682722205
0.0345510729459,0.01,40000,0.0345924521369,4.99348226023e-05,0.0345524699742,1.00119762391,0.0345510729459,0.042529918554
0.0345510729459,0.0119377664171,40000,0.034613483852,5.94273992719e-05,0.0345642634755,1.00180633771,0.0345510729459,0.0440760324606
0.0345510729459,0.014251026703,40000,0.0346852891761,7.02526461746e-05,0.034623083002,1.00388457488,0.0345510729459,0.0459217471279
0.0345510729459,0.0170125427985,40000,0.0348950871479,8.212600279e-05,0.0348168973936,1.00995668651,0.0345510729459,0.0481251181849
0.0345510729459,0.020309176209,40000,0.035386692639,9.47362698035e-05,0.0352916254089,1.02418505771,0.0345510729459,0.0507554510857
0.0345510729459,0.0242446201708,40000,0.0363394644623,0.000108030513211,0.0362330463609,1.05176080983,0.0345510729459,0.0538954810628
0.0345510729459,0.0289426612472,40000,0.0379633677644,0.000122164253015,0.0378402524391,1.09876089301,0.0345510729459,0.0576439755036
0.0345510729459,0.0345510729459,40000,0.0404602341831,0.000137683453515,0.0403083507495,1.17102685194,0.0345510729459,0.0621188406086
0.0345510729459,0.041246263829,40000,0.0439803388785,0.000155692279589,0.0438255900127,1.06628661109,0.0345510729459,0.0674608300459
0.0345510729459,0.0492388263171,40000,0.0487367523443,0.0001769849434,0.0485809443496,0.989803291216,0.0345510729459,0.0738379722564
0.0345510729459,0.0587801607227,40000,0.0549131704043,0.000202763317244,0.0547765070691,0.934212661706,0.0345510729459,0.0814508556681
0.0345510729459,0.070170382867,40000,0.0627402584414,0.000234168112906,0.0626410176349,0.894113098404,0.0345510729459,0.0905389380612
0.0345510729459,0.0837677640068,40000,0.0724935838024,0.000272407532745,0.072443091668,0.865411470175,0.0345510729459,0.10138807854
0.0345510729459,0.1,40000,0.0844924544388,0.000318889980976,0.0845041176409,0.844924544388,0.0345510729459,0.114339529026
0.0345510729459,0.119377664171,40000,0.099138424223,0.000375110213028,0.0992114007481,0.830460412432,0.0345510729459,0.129800668093
0.0345510729459,0.14251026703,40000,0.116892972467,0.000442956057986,0.117032318275,0.820242463247,0.0345510729459,0.148257814765
0.0345510729459,0.170125427985,40000,0.138310376042,0.00052466759118,0.138530263144,0.81299061334,0.0345510729459,0.170291525335
0.0345510729459,0.20309176209,40000,0.164065810438,0.000622853578731,0.164383131009,0.807840794472,0.0345510729459,0.196594854344
0.0345510729459,0.242446201708,40000,0.194981777248,0.000740550552106,0.195405108354,0.804226982622,0.0345510729459,0.227995154114
0.0345510729459,0.289426612472,40000,0.232033029835,0.0008814634085,0.232572562055,0.801699013968,0.036178326559,0.265480098523
0.0345510729459,0.345510729459,40000,0.276379525658,0.00105007125795,0.277054917501,0.799915898676,0.0431888411824,0.310228749573
0.0345510729459,0.41246263829,40000,0.329423326655,0.00125163681132,0.330251541419,0.798674343015,0.0515578297863,0.363648643946
0.0345510729459,0.492388263171,40000,0.392827332373,0.00149254059341,0.393835816832,0.79779995129,0.0615485328963,0.42742006605
0.0345510729459,0.587801607227,40000,0.468591916074,0.00178032258338,0.469807812927,0.797194002725,0.0734752009034,0.503548900168
0.0345510729459,0.70170382867,40000,0.559100339101,0.00212403519968,0.560557216324,0.79677538622,0.0877129785838,0.594429724098
0.0345510729459,0.837677640068,40000,0.667200474934,0.0025344839324,0.668938509061,0.796488342317,0.104709705009,0.702921128886
0.0345510729459,1,40000,0.796291647398,0.0030245854783,0.798360761406,0.796291647398,0.125,0.832435633749
0.041246263829,0.01,40000,0.0412859920814,4.9963406732e-05,0.0412463454957,1.00096319639,0.041246263829,0.049225109437
0.041246263829,0.0119377664171,40000,0.0412956613407,5.96110248308e-05,0.0412479315687,1.00119762391,0.041246263829,0.0507712233437
0.041246263829,0.014251026703,40000,0.0413207685109,7.09430411287e-05,0.0412620103751,1.00180633771,0.041246263829,0.052616938011
0.041246263829,0.0170125427985,40000,0.0414064880295,8.38659680219e-05,0.0413322277519,1.00388457488,0.041246263829,0.054820309068
0.041246263829,0.020309176209,40000,0.0416569399478,9.80401038081e-05,0.0415635988455,1.00995668651,0.041246263829,0.0574506419688
0.041246263829,0.0242446201708,40000,0.0422438071,0.000113093946015,0.0421303180613,1.02418505771,0.041246263829,0.0605906719458
0.041246263829,0.0289426612472,40000,0.0433812038475,0.000128964303263,0.0432541644039,1.05176080983,0.041246263829,0.0643391663867
0.041246263829,0.0345510729459,40000,0.045319781678,0.000145836831702,0.0451728094784,1.09876089301,0.041246263829,0.0688140314917
0.041246263829,0.041246263829,40000,0.0483004824861,0.000164363290757,0.0481191675908,1.17102685194,0.041246263829,0.074156020929
0.041246263829,0.0492388263171,40000,0.0525027012479,0.000185861806668,0.0523179656665,1.06628661109,0.041246263829,0.0805331631395
0.041246263829,0.0587801607227,40000,0.0581807965416,0.000211280491366,0.057994796597,0.989803291216,0.041246263829,0.0881460465512
0.041246263829,0.070170382867,40000,0.0655540601512,0.000242054111922,0.0653909146537,0.934212661706,0.041246263829,0.0972341289442
0.041246263829,0.0837677640068,40000,0.0748978550225,0.000279544423422,0.0747793836658,0.894113098404,0.041246263829,0.108083269423
0.041246263829,0.1,40000,0.0865411470175,0.000325193749618,0.0864808706868,0.865411470175,0.041246263829,0.121034719909
0.041246263829,0.119377664171,40000,0.10086511851,0.000380683410565,0.100879041768,0.844924544388,0.041246263829,0.136495858976
0.041246263829,0.14251026703,40000,0.118349135134,0.000447797810381,0.118436252805,0.830460412432,0.041246263829,0.154953005648
0.041246263829,0.170125427985,40000,0.139544100112,0.00052879059533,0.139710447883,0.820242463247,0.041246263829,0.176986716218
0.041246263829,0.20309176209,40000,0.165111696226,0.000626335915015,0.165374192312,0.81299061334,0.041246263829,0.203290045227
0.041246263829,0.242446201708,40000,0.195857932205,0.000743548053497,0.196236742091,0.807840794472,0.041246263829,0.234690344997
0.041246263829,0.289426612472,40000,0.232764691239,0.000884051951113,0.233270054025,0.804226982622,0.041246263829,0.272175289406
0.041246263829,0.345510729459,40000,0.276995611123,0.00105227042759,0.277639692085,0.801699013968,0.0431888411824,0.316923940456
0.041246263829,0.41246263829,40000,0.329935421978,0.00125355053987,0.330741688985,0.799915898676,0.0515578297863,0.370343834829
0.041246263829,0.492388263171,40000,0.393257872596,0.00149417478927,0.394246576036,0.798674343015,0.0615485328963,0.434115256933
0.041246263829,0.587801607227,40000,0.468948093614,0.00178176009722,0.470151998805,0.79779995129,0.0734752009034,0.510244091051
0.041246263829,0.70170382867,40000,0.559394083906,0.00212530751476,0.560845593167,0.797194002725,0.0877129785838,0.601124914981
0.041246263829,0.837677640068,40000,0.667440925193,0.00253562360756,0.669180111192,0.79677538622,0.104709705009,0.709616319769
0.041246263829,1,40000,0.796488342317,0.0030256077173,0.798563166861,0.796488342317,0.125,0.839130824632
0.0492388263171,0.01,40000,0.0492785545695,4.9963406732e-05,0.0492388279208,1.00080684808,0.0492388263171,0.0572176719251
0.0492388263171,0.0119377664171,40000,0.0492862529768,5.96451478972e-05,0.0492389238089,1.00096319639,0.0492388263171,0.0587637858318
0.0492388263171,0.014251026703,40000,0.0492977959126,7.11622490316e-05,0.0492408172258,1.00119762391,0.0492388263171,0.060609500499
0.0492388263171,0.0170125427985,40000,0.049327768266,8.46901453916e-05,0.049257624176,1.00180633771,0.0492388263171,0.062812871556
0.0492388263171,0.020309176209,40000,0.0494300982251,0.000100117233659,0.0493414480403,1.00388457488,0.0492388263171,0.0654432044569
0.0492388263171,0.0242446201708,40000,0.049729081875,0.000117037985877,0.0496176534473,1.00995668651,0.0492388263171,0.0685832344339
0.0492388263171,0.0289426612472,40000,0.0504296701731,0.000135008911071,0.0502941896096,1.02418505771,0.0492388263171,0.0723317288747
0.0492388263171,0.0345510729459,40000,0.0517874678425,0.000153954572851,0.0516358111222,1.05176080983,0.0492388263171,0.0768065939798
0.0492388263171,0.041246263829,40000,0.0541016967748,0.000174096603188,0.0539262447959,1.09876089301,0.0492388263171,0.082148583417
0.0492388263171,0.0492388263171,40000,0.0576599877754,0.000196213057261,0.0574435382887,1.17102685194,0.0492388263171,0.0885257256275
0.0492388263171,0.0587801607227,40000,0.0626764983766,0.000221877483387,0.0624559653547,1.06628661109,0.0492388263171,0.0961386090393
0.0492388263171,0.070170382867,40000,0.0694548759077,0.000252221715443,0.0692328335185,0.989803291216,0.0492388263171,0.105226691432
0.0492388263171,0.0837677640068,40000,0.078256905778,0.000288958544844,0.078062146494,0.934212661706,0.0492388263171,0.116075831911
0.0492388263171,0.1,40000,0.0894113098404,0.000333713603003,0.089269881502,0.894113098404,0.0492388263171,0.129027282397
0.0492388263171,0.119377664171,40000,0.103310799857,0.000388208702325,0.103238843381,0.865411470175,0.0492388263171,0.144488421464
0.0492388263171,0.14251026703,40000,0.120410422441,0.000454450963421,0.120427043702,0.844924544388,0.0492388263171,0.162945568136
0.0492388263171,0.170125427985,40000,0.14128243309,0.000534570566244,0.141386432131,0.830460412432,0.0492388263171,0.184979278706
0.0492388263171,0.20309176209,40000,0.166584487202,0.000631257861063,0.166783069286,0.820242463247,0.0492388263171,0.211282607715
0.0492388263171,0.242446201708,40000,0.197106486229,0.000747705185212,0.197419847924,0.81299061334,0.0492388263171,0.242682907485
0.0492388263171,0.289426612472,40000,0.233810624561,0.000887630298257,0.234262838954,0.807840794472,0.0492388263171,0.280167851894
0.0492388263171,0.345510729459,40000,0.277869051417,0.0010553605693,0.278472341707,0.804226982622,0.0492388263171,0.324916502944
0.0492388263171,0.41246263829,40000,0.330670890416,0.00125617585723,0.331439779224,0.801699013968,0.0515578297863,0.378336397317
0.0492388263171,0.492388263171,40000,0.393869200032,0.00149645935371,0.394831702751,0.799915898676,0.0615485328963,0.442107819421
0.0492388263171,0.587801607227,40000,0.469462062476,0.00178371096207,0.470642353547,0.798674343015,0.0734752009034,0.518236653539
0.0492388263171,0.70170382867,40000,0.559819280333,0.0021270235852,0.561256474229,0.79779995129,0.0877129785838,0.609117477469
0.0492388263171,0.837677640068,40000,0.66779159088,0.00253714246757,0.669524368731,0.797194002725,0.104709705009,0.717608882257
0.0492388263171,1,40000,0.79677538622,0.00302696823489,0.79885158584,0.79677538622,0.125,0.84712338712
0.0587801607227,0.01,40000,0.0588198889752,4.9963406732e-05,0.0587801607295,1.00067587859,0.0587801607227,0.0667590063308
0.0587801607227,0.0119377664171,40000,0.0588275873825,5.96451478972e-05,0.0587801626373,1.00080684808,0.0587801607227,0.0683051202375
0.0587801607227,0.014251026703,40000,0.0588367775613,7.12029843513e-05,0.0587802771062,1.00096319639,0.0587801607227,0.0701508349047
0.0587801607227,0.0170125427985,40000,0.0588505572485,8.49518306658e-05,0.058782537423,1.00119762391,0.0587801607227,0.0723542059617
0.0587801607227,0.020309176209,40000,0.0588863375438,0.000101101117352,0.0588026011677,1.00180633771,0.0587801607227,0.0749845388626
0.0587801607227,0.0242446201708,40000,0.0590084966588,0.000119517614976,0.0589026681389,1.00388457488,0.0587801607227,0.0781245688396
0.0587801607227,0.0289426612472,40000,0.0593654163562,0.000139717213734,0.0592323957021,1.00995668651,0.0587801607227,0.0818730632804
0.0587801607227,0.0345510729459,40000,0.060201762302,0.00016117048446,0.0600400287699,1.02418505771,0.0587801607227,0.0863479283855
0.0587801607227,0.041246263829,40000,0.061822669444,0.000183787372954,0.0616416251937,1.05176080983,0.0587801607227,0.0916899178227
0.0587801607227,0.0492388263171,40000,0.0645853418869,0.000207832458287,0.0643758914127,1.09876089301,0.0587801607227,0.0980670600332
0.0587801607227,0.0587801607227,40000,0.0688331465678,0.000234234564557,0.0685747542264,1.17102685194,0.0587801607227,0.105679943445
0.0587801607227,0.070170382867,40000,0.0748217397464,0.00026487215699,0.0745584725762,1.06628661109,0.0587801607227,0.114768025838
0.0587801607227,0.0837677640068,40000,0.0829136085118,0.000301096392429,0.0826485394941,0.989803291216,0.0587801607227,0.125617166317
0.0587801607227,0.1,40000,0.0934212661706,0.000344951961259,0.0931887670866,0.934212661706,0.0587801607227,0.138568616803
0.0587801607227,0.119377664171,40000,0.106737133193,0.000398379504287,0.106568299346,0.894113098404,0.0587801607227,0.15402975587
0.0587801607227,0.14251026703,40000,0.123330019706,0.000463434480946,0.123244119746,0.865411470175,0.0587801607227,0.172486902542
0.0587801607227,0.170125427985,40000,0.143743149729,0.000542512944937,0.143762991802,0.844924544388,0.0587801607227,0.194520613112
0.0587801607227,0.20309176209,40000,0.168659668507,0.00063815785533,0.168783820133,0.830460412432,0.0587801607227,0.220823942121
0.0587801607227,0.242446201708,40000,0.198864669694,0.000753580889436,0.199101732347,0.820242463247,0.0587801607227,0.252224241891
0.0587801607227,0.289426612472,40000,0.23530111919,0.000892592984994,0.235675203063,0.81299061334,0.0587801607227,0.289709186299
0.0587801607227,0.345510729459,40000,0.279117662185,0.00105963231654,0.279657505165,0.807840794472,0.0587801607227,0.33445783735
0.0587801607227,0.41246263829,40000,0.331713583036,0.00125986479622,0.332433776893,0.804226982622,0.0587801607227,0.387877731722
0.0587801607227,0.492388263171,40000,0.394747185073,0.00149959339624,0.395665066573,0.801699013968,0.0615485328963,0.451649153827
0.0587801607227,0.587801607227,40000,0.470191850889,0.00178643822174,0.471340864153,0.799915898676,0.0734752009034,0.527777987945
0.0587801607227,0.70170382867,40000,0.560432844354,0.00212935248209,0.561841848266,0.798674343015,0.0877129785838,0.618658811875
0.0587801607227,0.837677640068,40000,0.668299180443,0.00253919107239,0.670014868945,0.79779995129,0.104709705009,0.727150216663
0.0587801607227,1,40000,0.797194002725,0.00302878141449,0.79926255245,0.797194002725,0.125,0.856664721526
0.070170382867,0.01,40000,0.0702101111194,4.9963406732e-05,0.070170382867,1.00056616839,0.070170382867,0.0781492284751
0.070170382867,0.0119377664171,40000,0.0702178095268,5.96451478972e-05,0.070170382875,1.00067587859,0.070170382867,0.0796953423817
0.070170382867,0.014251026703,40000,0.0702269997056,7.12029843513e-05,0.0701703851526,1.00080684808,0.070170382867,0.081541057049
0.070170382867,0.0170125427985,40000,0.0702379707265,8.50004595389e-05,0.0701705218029,1.00096319639,0.070170382867,0.083744428106
0.070170382867,0.020309176209,40000,0.0702544205952,0.00010141351112,0.0701732201163,1.00119762391,0.070170382867,0.0863747610069
0.070170382867,0.0242446201708,40000,0.0702971342759,0.000120692152346,0.070197171746,1.00180633771,0.070170382867,0.0895147909839
0.070170382867,0.0289426612472,40000,0.0704429649739,0.000142677337031,0.0703166293588,1.00388457488,0.070170382867,0.0932632854247
0.070170382867,0.0345510729459,40000,0.0708690473717,0.000166791146201,0.070710250422,1.00995668651,0.070170382867,0.0977381505298
0.070170382867,0.041246263829,40000,0.0718674576262,0.000192401559683,0.0716743839134,1.02418505771,0.070170382867,0.103080139967
0.070170382867,0.0492388263171,40000,0.0738024587106,0.000219401072875,0.0735863323135,1.05176080983,0.070170382867,0.109457282177
0.070170382867,0.0587801607227,40000,0.0771004725417,0.000248105534093,0.076850435458,1.09876089301,0.070170382867,0.117070165589
0.070170382867,0.070170382867,40000,0.0821714025484,0.00027962375185,0.0818629398068,1.17102685194,0.070170382867,0.126158247982
0.070170382867,0.0837677640068,40000,0.0893204452017,0.000316198194055,0.0890061630033,1.06628661109,0.070170382867,0.137007388461
0.070170382867,0.1,40000,0.0989803291216,0.000359441840186,0.0986638959199,0.989803291216,0.070170382867,0.149958838947
0.070170382867,0.119377664171,40000,0.111524125394,0.000411795593864,0.111246573418,0.934212661706,0.070170382867,0.165419978014
0.070170382867,0.14251026703,40000,0.127420296409,0.000475576146756,0.127218746506,0.894113098404,0.070170382867,0.183877124686
0.070170382867,0.170125427985,40000,0.147228496747,0.000553237258318,0.147125951381,0.865411470175,0.070170382867,0.205910835256
0.070170382867,0.20309176209,40000,0.171597214553,0.000647639281493,0.171620901556,0.844924544388,0.070170382867,0.232214164265
0.070170382867,0.242446201708,40000,0.201341972663,0.00076181794142,0.201490181974,0.830460412432,0.070170382867,0.263614464035
0.070170382867,0.289426612472,40000,0.237399997543,0.000899607263451,0.237682997401,0.820242463247,0.070170382867,0.301099408444
0.070170382867,0.345510729459,40000,0.280896979859,0.00106555665604,0.281343552448,0.81299061334,0.070170382867,0.345848059494
0.070170382867,0.41246263829,40000,0.333204145407,0.00126496430829,0.333848597347,0.807840794472,0.070170382867,0.399267953867
0.070170382867,0.492388263171,40000,0.395991927168,0.00150399716544,0.396851677772,0.804226982622,0.070170382867,0.463039375971
0.070170382867,0.587801607227,40000,0.471239968923,0.0017901795685,0.472335714417,0.801699013968,0.0734752009034,0.539168210089
0.070170382867,0.70170382867,40000,0.561304048715,0.00213260822097,0.562675713911,0.799915898676,0.0877129785838,0.630049034019
0.070170382867,0.837677640068,40000,0.66903163884,0.00254197125509,0.670713674798,0.798674343015,0.104709705009,0.738540438807
0.070170382867,1,40000,0.79779995129,0.00303122699107,0.799848100148,0.79779995129,0.125,0.86805494367
0.0837677640068,0.01,40000,0.0838074922592,4.9963406732e-05,0.0837677640068,1.0004742666,0.0837677640068,0.0917466096149
0.0837677640068,0.0119377664171,40000,0.0838151906666,5.96451478972e-05,0.0837677640068,1.00056616839,0.0837677640068,0.0932927235215
0.0837677640068,0.014251026703,40000,0.0838243808454,7.12029843513e-05,0.0837677640164,1.00067587859,0.0837677640068,0.0951384381888
0.0837677640068,0.0170125427985,40000,0.0838353518663,8.50004595389e-05,0.0837677667352,1.00080684808,0.0837677640068,0.0973418092458
0.0837677640068,0.020309176209,40000,0.0838484488147,0.000101471563133,0.0837679298652,1.00096319639,0.0837677640068,0.0999721421467
0.0837677640068,0.0242446201708,40000,0.0838680862837,0.000121065080729,0.0837711510488,1.00119762391,0.0837677640068,0.103112172124
0.0837677640068,0.0289426612472,40000,0.0839190768781,0.000144079472309,0.0837997439448,1.00180633771,0.0837677640068,0.106860666564
0.0837677640068,0.0345510729459,40000,0.084093166159,0.00017032487225,0.0839423496527,1.00388457488,0.0837677640068,0.11133553167
0.0837677640068,0.041246263829,40000,0.0846018133729,0.000199111374379,0.0844122452835,1.00995668651,0.0837677640068,0.116677521107
0.0837677640068,0.0492388263171,40000,0.0857936922135,0.000229684487779,0.0855632053251,1.02418505771,0.0837677640068,0.123054663317
0.0837677640068,0.0587801607227,40000,0.0881036513099,0.000261915875965,0.0878456446653,1.05176080983,0.0837677640068,0.130667546729
0.0837677640068,0.070170382867,40000,0.0920407431854,0.000296182591281,0.0917422547554,1.09876089301,0.0837677640068,0.139755629122
0.0837677640068,0.0837677640068,40000,0.0980943009792,0.000333808303427,0.0977260653634,1.17102685194,0.0837677640068,0.150604769601
0.0837677640068,0.1,40000,0.106628661109,0.000377470018215,0.106253478362,1.06628661109,0.0837677640068,0.163556220087
0.0837677640068,0.119377664171,40000,0.118160404895,0.000429093272869,0.11778265433,0.989803291216,0.0837677640068,0.179017359154
0.0837677640068,0.14251026703,40000,0.133134895883,0.000491591961116,0.132803560817,0.934212661706,0.0837677640068,0.197474505826
0.0837677640068,0.170125427985,40000,0.152111373533,0.000567731695354,0.151870767967,0.894113098404,0.0837677640068,0.219508216396
0.0837677640068,0.20309176209,40000,0.175757940411,0.000660441716306,0.175635524149,0.865411470175,0.0837677640068,0.245811545405
0.0837677640068,0.242446201708,40000,0.204848746517,0.000773136646504,0.204877023507,0.844924544388,0.0837677640068,0.277211845175
0.0837677640068,0.289426612472,40000,0.240357343962,0.000909440463706,0.240534272775,0.830460412432,0.0837677640068,0.314696789583
0.0837677640068,0.345510729459,40000,0.28340257181,0.00107393013782,0.28374041043,0.820242463247,0.0837677640068,0.359445440634
0.0837677640068,0.41246263829,40000,0.335328253283,0.00127203664641,0.335861361209,0.81299061334,0.0837677640068,0.412865335007
0.0837677640068,0.492388263171,40000,0.397771325709,0.00151008484384,0.398540657382,0.807840794472,0.0837677640068,0.476636757111
0.0837677640068,0.587801607227,40000,0.472725912961,0.00179543668531,0.473752263149,0.804226982622,0.0837677640068,0.552765591229
0.0837677640068,0.70170382867,40000,0.562555267543,0.00213707455335,0.563863342919,0.801699013968,0.0877129785838,0.643646415159
0.0837677640068,0.837677640068,40000,0.670071662256,0.00254585788013,0.671709124127,0.799915898676,0.104709705009,0.752137819947
0.0837677640068,1,40000,0.798674343015,0.00303454590824,0.800682318252,0.798674343015,0.125,0.88165232481
0.1,0.01,40000,0.100039728252,4.9963406732e-05,0.1,1.00039728252,0.1,0.107978845608
0.1,0.0119377664171,40000,0.10004742666,5.96451478972e-05,0.1,1.0004742666,0.1,0.109524959515
0.1,0.014251026703,40000,0.100056616839,7.12029843513e-05,0.1,1.00056616839,0.1,0.111370674182
0.1,0.0170125427985,40000,0.100067587859,8.50004595389e-05,0.100000000011,1.00067587859,0.1,0.113574045239
0.1,0.020309176209,40000,0.100080684808,0.000101471563133,0.100000003257,1.00080684808,0.1,0.11620437814
0.1,0.0242446201708,40000,0.100096319639,0.000121134381866,0.100000197998,1.00096319639,0.1,0.119344408117
0.1,0.0289426612472,40000,0.100119762391,0.000144524665502,0.100004043372,1.00119762391,0.1,0.123092902558
0.1,0.0345510729459,40000,0.100180633771,0.000171998708593,0.100038176903,1.00180633771,0.1,0.127567767663
0.1,0.041246263829,40000,0.100388457488,0.000203329853995,0.100208416266,1.00388457488,0.1,0.1329097571
0.1,0.0492388263171,40000,0.100995668651,0.000237694507833,0.100769366694,1.00995668651,0.1,0.13928689931
0.1,0.0587801607227,40000,0.102418505771,0.000274191976474,0.102143355907,1.02418505771,0.1,0.146899782722
0.1,0.070170382867,40000,0.105176080983,0.000312669054821,0.104868078678,1.05176080983,0.1,0.155987865115
0.1,0.0837677640068,40000,0.109876089301,0.000353575859153,0.109519760785,1.09876089301,0.1,0.166837005594
0.1,0.1,40000,0.117102685194,0.000398492555442,0.116663094118,1.17102685194,0.1,0.17978845608
0.1,0.119377664171,40000,0.12729080497,0.000450614890693,0.126842920569,1.06628661109,0.1,0.195249595147
0.1,0.14251026703,40000,0.141057131339,0.000512241526267,0.140606181538,0.989803291216,0.1,0.213706741819
0.1,0.170125427985,40000,0.158933328902,0.000586851000435,0.15853778884,0.934212661706,0.1,0.235740452389
0.1,0.20309176209,40000,0.181587004663,0.000677744836674,0.181299775359,0.894113098404,0.1,0.262043781398
0.1,0.242446201708,40000,0.209815723859,0.00078841989414,0.209669586184,0.865411470175,0.1,0.293444081168
0.1,0.289426612472,40000,0.244543648676,0.000922952469449,0.244577405087,0.844924544388,0.1,0.330929025577
0.1,0.345510729459,40000,0.286932982886,0.0010856687826,0.287144196371,0.830460412432,0.1,0.375677676627
0.1,0.41246263829,40000,0.338319370428,0.00128203271337,0.338722674282,0.820242463247,0.1,0.429097571
0.1,0.492388263171,40000,0.400307036077,0.00151852763589,0.400943447866,0.81299061334,0.1,0.492868993104
0.1,0.587801607227,40000,0.474850117375,0.00180270401358,0.475768527556,0.807840794472,0.1,0.568997827222
0.1,0.70170382867,40000,0.564329152826,0.0021433503766,0.565554385707,0.804226982622,0.1,0.659878651152
0.1,0.837677640068,40000,0.671565338066,0.0025511896834,0.673126887895,0.801699013968,0.104709705009,0.76837005594
0.1,1,40000,0.799915898676,0.00303918567042,0.801870662409,0.799915898676,0.125,0.897884560803
0.119377664171,0.01,40000,0.119417392424,4.9963406732e-05,0.119377664171,1.00033279469,0.119377664171,0.127356509779
0.119377664171,0.0119377664171,40000,0.119425090831,5.96451478972e-05,0.119377664171,1.00039728252,0.119377664171,0.128902623686
0.119377664171,0.014251026703,40000,0.11943428101,7.12029843513e-05,0.119377664171,1.0004742666,0.119377664171,0.130748338353
0.119377664171,0.0170125427985,40000,0.119445252031,8.50004595389e-05,0.119377664171,1.00056616839,0.119377664171,0.13295170941
0.119377664171,0.020309176209,40000,0.119458348979,0.000101471563133,0.119377664185,1.00067587859,0.119377664171,0.135582042311
0.119377664171,0.0242446201708,40000,0.11947398381,0.000121134381866,0.11937766806,1.00080684808,0.119377664171,0.138722072288
0.119377664171,0.0289426612472,40000,0.119492648307,0.00014460739558,0.119377900537,1.00096319639,0.119377664171,0.142470566729
0.119377664171,0.0345510729459,40000,0.119520633716,0.000172530169827,0.119382491054,1.00119762391,0.119377664171,0.146945431834
0.119377664171,0.041246263829,40000,0.119593300548,0.000205328040723,0.119423238866,1.00180633771,0.119377664171,0.152287421271
0.119377664171,0.0492388263171,40000,0.119841395647,0.000242730430262,0.119626466642,1.00388457488,0.119377664171,0.158664563482
0.119377664171,0.0587801607227,40000,0.12056627015,0.000283754151315,0.12029611616,1.00995668651,0.119377664171,0.166277446894
0.119377664171,0.070170382867,40000,0.122264819869,0.00032732397686,0.121936352388,1.02418505771,0.119377664171,0.175365529287
0.119377664171,0.0837677640068,40000,0.125556748745,0.000373257014232,0.125189062787,1.05176080983,0.119377664171,0.186214669765
0.119377664171,0.1,40000,0.13116750889,0.000422090601731,0.130742132232,1.09876089301,0.119377664171,0.199166120252
0.119377664171,0.119377664171,40000,0.139794450267,0.000475711104584,0.139269676708,1.17102685194,0.119377664171,0.214627259319
0.119377664171,0.14251026703,40000,0.151956789678,0.000537933530918,0.151422115743,1.06628661109,0.119377664171,0.233084405991
0.119377664171,0.170125427985,40000,0.168390708539,0.000611501968974,0.167852375201,0.989803291216,0.119377664171,0.255118116561
0.119377664171,0.20309176209,40000,0.189730895633,0.000700569016486,0.189258709147,0.934212661706,0.119377664171,0.28142144557
0.119377664171,0.242446201708,40000,0.216774324606,0.000809075955064,0.216431436971,0.894113098404,0.119377664171,0.31282174534
0.119377664171,0.289426612472,40000,0.250473110207,0.000941197253488,0.250298654465,0.865411470175,0.119377664171,0.350306689748
0.119377664171,0.345510729459,40000,0.291930495669,0.00110179909944,0.291970793284,0.844924544388,0.119377664171,0.395055340799
0.119377664171,0.41246263829,40000,0.342533892707,0.00129604603331,0.342786034431,0.830460412432,0.119377664171,0.448475235171
0.119377664171,0.492388263171,40000,0.403877761857,0.00153046070713,0.404359216576,0.820242463247,0.119377664171,0.512246657276
0.119377664171,0.587801607227,40000,0.477877189182,0.00181278282152,0.478636922711,0.81299061334,0.119377664171,0.588375491393
0.119377664171,0.70170382867,40000,0.566864978437,0.00215202594333,0.567961355059,0.807840794472,0.119377664171,0.679256315324
0.119377664171,0.837677640068,40000,0.673682960882,0.0025586816146,0.675145615276,0.804226982622,0.119377664171,0.787747720112
0.119377664171,1,40000,0.801699013968,0.00304555065262,0.803563155679,0.801699013968,0.125,0.917262224974
0.14251026703,0.01,40000,0.142549995283,4.9963406732e-05,0.14251026703,1.00027877467,0.14251026703,0.150489112638
0.14251026703,0.0119377664171,40000,0.14255769369,5.96451478972e-05,0.14251026703,1.00033279469,0.14251026703,0.152035226545
0.14251026703,0.014251026703,40000,0.142566883869,7.12029843513e-05,0.14251026703,1.00039728252,0.14251026703,0.153880941212
0.14251026703,0.0170125427985,40000,0.14257785489,8.50004595389e-05,0.14251026703,1.0004742666,0.14251026703,0.156084312269
0.14251026703,0.020309176209,40000,0.142590951838,0.000101471563133,0.14251026703,1.00056616839,0.14251026703,0.15871464517
0.14251026703,0.0242446201708,40000,0.142606586669,0.000121134381866,0.142510267047,1.00067587859,0.14251026703,0.161854675147
0.14251026703,0.0289426612472,40000,0.142625251165,0.00014460739558,0.142510271672,1.00080684808,0.14251026703,0.165603169588
0.14251026703,0.0345510729459,40000,0.142647532405,0.000172628931063,0.142510549198,1.00096319639,0.14251026703,0.170078034693
0.14251026703,0.041246263829,40000,0.142680940733,0.000205962486731,0.14251602925,1.00119762391,0.14251026703,0.17542002413
0.14251026703,0.0492388263171,40000,0.1427676887,0.000245115818904,0.142564673037,1.00180633771,0.14251026703,0.181797166341
0.14251026703,0.0587801607227,40000,0.143063858834,0.000289765917881,0.142807281608,1.00388457488,0.14251026703,0.189410049752
0.14251026703,0.070170382867,40000,0.143929197084,0.00033873907783,0.143606693561,1.00995668651,0.14251026703,0.198498132146
0.14251026703,0.0837677640068,40000,0.145956886063,0.000390751717849,0.145564769257,1.02418505771,0.14251026703,0.209347272624
0.14251026703,0.1,40000,0.149886713862,0.000445585504947,0.149447778953,1.05176080983,0.14251026703,0.222298723111
0.14251026703,0.119377664171,40000,0.156584708265,0.000503881901034,0.156076903546,1.09876089301,0.14251026703,0.237759862177
0.14251026703,0.14251026703,40000,0.16688334937,0.000567892804856,0.166256886953,1.17102685194,0.14251026703,0.25621700885
0.14251026703,0.170125427985,40000,0.181402466067,0.000642172484005,0.180764184813,1.06628661109,0.14251026703,0.27825071942
0.14251026703,0.20309176209,40000,0.201020894536,0.000729996766924,0.200378244771,0.989803291216,0.14251026703,0.304554048429
0.14251026703,0.242446201708,40000,0.226496311418,0.000836322927789,0.22593262622,0.934212661706,0.14251026703,0.335954348199
0.14251026703,0.289426612472,40000,0.258780125238,0.000965855976528,0.258370793989,0.894113098404,0.14251026703,0.373439292607
0.14251026703,0.345510729459,40000,0.299008948342,0.00112357929646,0.298800687153,0.865411470175,0.14251026703,0.418187943658
0.14251026703,0.41246263829,40000,0.348499806734,0.00131530202878,0.348547913085,0.844924544388,0.14251026703,0.47160783803
0.14251026703,0.492388263171,40000,0.408908960109,0.00154718948115,0.40920996101,0.830460412432,0.14251026703,0.535379260135
0.14251026703,0.587801607227,40000,0.482139838213,0.00182702824324,0.482714587611,0.820242463247,0.14251026703,0.611508094252
0.14251026703,0.70170382867,40000,0.570478626054,0.00216405778883,0.571385578194,0.81299061334,0.14251026703,0.702388918183
0.14251026703,0.837677640068,40000,0.676710170265,0.00256903830352,0.678018999066,0.807840794472,0.14251026703,0.810880322971
0.14251026703,1,40000,0.804226982622,0.00305449434509,0.805973065272,0.804226982622,0.14251026703,0.940394827833
0.170125427985,0.01,40000,0.170165156238,4.9963406732e-05,0.170125427985,1.00023352331,0.170125427985,0.178104273593
0.170125427985,0.0119377664171,40000,0.170172854645,5.96451478972e-05,0.170125427985,1.00027877467,0.170125427985,0.1796503875
0.170125427985,0.014251026703,40000,0.170182044824,7.12029843513e-05,0.170125427985,1.00033279469,0.170125427985,0.181496102167
0.170125427985,0.0170125427985,40000,0.170193015845,8.50004595389e-05,0.170125427985,1.00039728252,0.170125427985,0.183699473224
0.170125427985,0.020309176209,40000,0.170206112793,0.000101471563133,0.170125427985,1.0004742666,0.170125427985,0.186329806125
0.170125427985,0.0242446201708,40000,0.170221747624,0.000121134381866,0.170125427985,1.00056616839,0.170125427985,0.189469836102
0.170125427985,0.0289426612472,40000,0.17024041212,0.00014460739558,0.170125428005,1.00067587859,0.170125427985,0.193218330543
0.170125427985,0.0345510729459,40000,0.17026269336,0.000172628931063,0.170125433526,1.00080684808,0.170125427985,0.197693195648
0.170125427985,0.041246263829,40000,0.170289292183,0.000206080385587,0.17012576483,1.00096319639,0.170125427985,0.203035185085
0.170125427985,0.0492388263171,40000,0.170329174265,0.000245873205729,0.170132306788,1.00119762391,0.170125427985,0.209412327296
0.170125427985,0.0587801607227,40000,0.170432731962,0.000292613539123,0.170190376605,1.00180633771,0.170125427985,0.217025210707
0.170125427985,0.070170382867,40000,0.17078629295,0.000345915784331,0.17047999705,1.00388457488,0.170125427985,0.2261132931
0.170125427985,0.0837677640068,40000,0.17181931354,0.000404378798749,0.171434316366,1.00995668651,0.170125427985,0.236962433579
0.170125427985,0.1,40000,0.174239921279,0.000466470273478,0.173771821396,1.02418505771,0.170125427985,0.249913884066
0.170125427985,0.119377664171,40000,0.178931257911,0.000531929567692,0.17840726767,1.05176080983,0.170125427985,0.265375023132
0.170125427985,0.14251026703,40000,0.186927167176,0.000601522443637,0.186320961764,1.09876089301,0.170125427985,0.283832169805
0.170125427985,0.170125427985,40000,0.199221444369,0.000677937165435,0.198473588168,1.17102685194,0.170125427985,0.305865880375
0.170125427985,0.20309176209,40000,0.21655402674,0.000766610511357,0.215792061488,1.06628661109,0.170125427985,0.332169209383
0.170125427985,0.242446201708,40000,0.239974048394,0.00087145308888,0.239206868115,0.989803291216,0.170125427985,0.363569509154
0.170125427985,0.289426612472,40000,0.270386006006,0.000998382776125,0.269713091783,0.934212661706,0.170125427985,0.401054453562
0.170125427985,0.345510729459,40000,0.308925668849,0.00115301630404,0.308437018765,0.894113098404,0.170125427985,0.445803104613
0.170125427985,0.41246263829,40000,0.356949898195,0.00134130271923,0.356701280851,0.865411470175,0.170125427985,0.499222998985
0.170125427985,0.492388263171,40000,0.416030928921,0.00157017683875,0.41608835716,0.844924544388,0.170125427985,0.56299442109
0.170125427985,0.587801607227,40000,0.488145965166,0.0018469986629,0.488505293011,0.830460412432,0.170125427985,0.639123255207
0.170125427985,0.70170382867,40000,0.575567276899,0.00218106364053,0.576253399305,0.820242463247,0.170125427985,0.730004079138
0.170125427985,0.837677640068,40000,0.68102405838,0.00258340163963,0.682106756661,0.81299061334,0.170125427985,0.838495483926
0.170125427985,1,40000,0.807840794472,0.00306685791841,0.809403243723,0.807840794472,0.170125427985,0.968009988788
0.20309176209,0.01,40000,0.203131490343,4.9963406732e-05,0.20309176209,1.00019561725,0.20309176209,0.211070607699
0.20309176209,0.0119377664171,40000,0.20313918875,5.96451478972e-05,0.20309176209,1.00023352331,0.20309176209,0.212616721605
0.20309176209,0.014251026703,40000,0.203148378929,7.12029843513e-05,0.20309176209,1.00027877467,0.20309176209,0.214462436272
0.20309176209,0.0170125427985,40000,0.20315934995,8.50004595389e-05,0.20309176209,1.00033279469,0.20309176209,0.216665807329
0.20309176209,0.020309176209,40000,0.203172446898,0.000101471563133,0.20309176209,1.00039728252,0.20309176209,0.21929614023
0.20309176209,0.0242446201708,40000,0.203188081729,0.000121134381866,0.20309176209,1.0004742666,0.20309176209,0.222436170207
0.20309176209,0.0289426612472,40000,0.203206746226,0.00014460739558,0.20309176209,1.00056616839,0.20309176209,0.226184664648
0.20309176209,0.0345510729459,40000,0.203229027465,0.000172628931063,0.203091762114,1.00067587859,0.20309176209,0.230659529753
0.20309176209,0.041246263829,40000,0.203255626288,0.000206080385587,0.203091768705,1.00080684808,0.20309176209,0.23600151919
0.20309176209,0.0492388263171,40000,0.203287379342,0.000246013950629,0.203092164208,1.00096319639,0.20309176209,0.242378661401
0.20309176209,0.0587801607227,40000,0.20333498964,0.000293517689822,0.203099973845,1.00119762391,0.20309176209,0.249991544813
0.20309176209,0.070170382867,40000,0.2034586144,0.000349315208054,0.203169296235,1.00180633771,0.20309176209,0.259079627206
0.20309176209,0.0837677640068,40000,0.203880687249,0.000412946183334,0.203515038358,1.00388457488,0.20309176209,0.269928767685
0.20309176209,0.1,40000,0.205113883099,0.000482737964351,0.204654282467,1.00995668651,0.20309176209,0.282880218171
0.20309176209,0.119377664171,40000,0.208003548077,0.000556861316532,0.20744474137,1.02418505771,0.20309176209,0.298341357238
0.20309176209,0.14251026703,40000,0.213603956167,0.000635005092948,0.212978428857,1.05176080983,0.20309176209,0.31679850391
0.20309176209,0.170125427985,40000,0.223149285877,0.000718083442681,0.222425612016,1.09876089301,0.20309176209,0.33883221448
0.20309176209,0.20309176209,40000,0.237825906816,0.000809305552647,0.236933133553,1.17102685194,0.20309176209,0.365135543489
0.20309176209,0.242446201708,40000,0.258517138792,0.000915161721751,0.257607522472,1.06628661109,0.20309176209,0.396535843259
0.20309176209,0.289426612472,40000,0.28647541359,0.00104032034186,0.285559571693,0.989803291216,0.20309176209,0.434020787667
0.20309176209,0.345510729459,40000,0.322780498216,0.00119184603763,0.321977188935,0.934212661706,0.20309176209,0.478769438718
0.20309176209,0.41246263829,40000,0.368788247497,0.00137644393128,0.368204908442,0.894113098404,0.20309176209,0.53218933309
0.20309176209,0.492388263171,40000,0.426118450727,0.00160121585568,0.42582165715,0.865411470175,0.20309176209,0.595960755195
0.20309176209,0.587801607227,40000,0.496648005177,0.00187444043346,0.496716561666,0.844924544388,0.20309176209,0.672089589312
0.20309176209,0.70170382867,40000,0.582737250963,0.00220490386105,0.58316620815,0.830460412432,0.20309176209,0.762970413243
0.20309176209,0.837677640068,40000,0.687098770897,0.00260370282816,0.687917847799,0.820242463247,0.20309176209,0.871461818031
0.20309176209,1,40000,0.81299061334,0.00308400453356,0.814283113257,0.81299061334,0.20309176209,1.00097632289
0.242446201708,0.01,40000,0.242485929961,4.9963406732e-05,0.242446201708,1.0001638642,0.242446201708,0.250425047316
0.242446201708,0.0119377664171,40000,0.242493628368,5.96451478972e-05,0.242446201708,1.00019561725,0.242446201708,0.251971161223
0.242446201708,0.014251026703,40000,0.242502818547,7.12029843513e-05,0.242446201708,1.00023352331,0.242446201708,0.25381687589
0.242446201708,0.0170125427985,40000,0.242513789568,8.50004595389e-05,0.242446201708,1.00027877467,0.242446201708,0.256020246947
0.242446201708,0.020309176209,40000,0.242526886516,0.000101471563133,0.242446201708,1.00033279469,0.242446201708,0.258650579848
0.242446201708,0.0242446201708,40000,0.242542521347,0.000121134381866,0.242446201708,1.00039728252,0.242446201708,0.261790609825
0.242446201708,0.0289426612472,40000,0.242561185843,0.00014460739558,0.242446201708,1.0004742666,0.242446201708,0.265539104266
0.242446201708,0.0345510729459,40000,0.242583467083,0.000172628931063,0.242446201708,1.00056616839,0.242446201708,0.270013969371
0.242446201708,0.041246263829,40000,0.242610065906,0.000206080385587,0.242446201736,1.00067587859,0.242446201708,0.275355958808
0.242446201708,0.0492388263171,40000,0.24264181896,0.000246013950629,0.242446209605,1.00080684808,0.242446201708,0.281733101019
0.242446201708,0.0587801607227,40000,0.242679725014,0.000293685707797,0.242446681747,1.00096319639,0.242446201708,0.28934598443
0.242446201708,0.070170382867,40000,0.242736561076,0.00035039456204,0.242456004709,1.00119762391,0.242446201708,0.298434066823
0.242446201708,0.0837677640068,40000,0.242884141426,0.00041700433597,0.242538760159,1.00180633771,0.242446201708,0.309283207302
0.242446201708,0.1,40000,0.243388002134,0.00049296550795,0.242951499029,1.00388457488,0.242446201708,0.322234657789
0.242446201708,0.119377664171,40000,0.244860162535,0.000576281305911,0.244311502035,1.00995668651,0.242446201708,0.337695796855
0.242446201708,0.14251026703,40000,0.248309777088,0.000664768032351,0.247642686695,1.02418505771,0.242446201708,0.356152943528
0.242446201708,0.170125427985,40000,0.25499541345,0.000758054247331,0.254248673559,1.05176080983,0.242446201708,0.378186654098
0.242446201708,0.20309176209,40000,0.266390405095,0.000857231240675,0.265526500144,1.09876089301,0.242446201708,0.404489983106
0.242446201708,0.242446201708,40000,0.283911012352,0.000966130064759,0.282845240483,1.17102685194,0.242446201708,0.435890282877
0.242446201708,0.289426612472,40000,0.308611721773,0.00109249868682,0.307525843056,1.06628661109,0.242446201708,0.473375227285
0.242446201708,0.345510729459,40000,0.341987657169,0.00124191012401,0.340894346506,0.989803291216,0.242446201708,0.518123878335
0.242446201708,0.41246263829,40000,0.385327819171,0.00142279796024,0.384368847315,0.934212661706,0.242446201708,0.571543772708
0.242446201708,0.492388263171,40000,0.440250795601,0.00164316661379,0.439554419062,0.894113098404,0.242446201708,0.635315194813
0.242446201708,0.587801607227,40000,0.508690253082,0.00191149408686,0.508335947842,0.865411470175,0.242446201708,0.71144402893
0.242446201708,0.70170382867,40000,0.592886787735,0.00223766320575,0.59296862887,0.844924544388,0.242446201708,0.802324852861
0.242446201708,0.837677640068,40000,0.695658118456,0.00263216272655,0.696170197527,0.830460412432,0.242446201708,0.910816257649
0.242446201708,1,40000,0.820242463247,0.00310823961822,0.82122025812,0.820242463247,0.242446201708,1.04033076251
0.289426612472,0.01,40000,0.289466340724,4.9963406732e-05,0.289426612472,1.00013726537,0.289426612472,0.29740545808
0.289426612472,0.0119377664171,40000,0.289474039131,5.96451478972e-05,0.289426612472,1.0001638642,0.289426612472,0.298951571986
0.289426612472,0.014251026703,40000,0.28948322931,7.12029843513e-05,0.289426612472,1.00019561725,0.289426612472,0.300797286654
0.289426612472,0.0170125427985,40000,0.289494200331,8.50004595389e-05,0.289426612472,1.00023352331,0.289426612472,0.303000657711
0.289426612472,0.020309176209,40000,0.28950729728,0.000101471563133,0.289426612472,1.00027877467,0.289426612472,0.305630990611
0.289426612472,0.0242446201708,40000,0.289522932111,0.000121134381866,0.289426612472,1.00033279469,0.289426612472,0.308771020589
0.289426612472,0.0289426612472,40000,0.289541596607,0.00014460739558,0.289426612472,1.00039728252,0.289426612472,0.312519515029
0.289426612472,0.0345510729459,40000,0.289563877846,0.000172628931063,0.289426612472,1.0004742666,0.289426612472,0.316994380134
0.289426612472,0.041246263829,40000,0.28959047667,0.000206080385587,0.289426612472,1.00056616839,0.289426612472,0.322336369572
0.289426612472,0.0492388263171,40000,0.289622229724,0.000246013950629,0.289426612505,1.00067587859,0.289426612472,0.328713511782
0.289426612472,0.0587801607227,40000,0.289660135778,0.000293685707797,0.289426621899,1.00080684808,0.289426612472,0.336326395194
0.289426612472,0.070170382867,40000,0.28970538714,0.000350595137973,0.28942718553,1.00096319639,0.289426612472,0.345414477587
0.289426612472,0.0837677640068,40000,0.289773236702,0.000418292843547,0.289438315065,1.00119762391,0.289426612472,0.356263618066
0.289426612472,0.1,40000,0.289949414677,0.000497810035775,0.289537106589,1.00180633771,0.289426612472,0.369215068552
0.289426612472,0.119377664171,40000,0.290550911821,0.000588490708561,0.29002982461,1.00388457488,0.289426612472,0.384676207619
0.289426612472,0.14251026703,40000,0.29230834252,0.000687951162054,0.291653364432,1.00995668651,0.289426612472,0.403133354291
0.289426612472,0.170125427985,40000,0.296426411797,0.000793584549179,0.295630054867,1.02418505771,0.289426612472,0.425167064861
0.289426612472,0.20309176209,40000,0.304407568321,0.000904947453616,0.303516127681,1.05176080983,0.289426612472,0.45147039387
0.289426612472,0.242446201708,40000,0.31801064318,0.00102334263167,0.316979333628,1.09876089301,0.289426612472,0.48287069364
0.289426612472,0.289426612472,40000,0.338926334871,0.00115334350417,0.337654041309,1.17102685194,0.289426612472,0.520355638048
0.289426612472,0.345510729459,40000,0.368413464812,0.00130419941343,0.367117168164,1.06628661109,0.289426612472,0.565104289099
0.289426612472,0.41246263829,40000,0.408256876883,0.00148256329715,0.406951708151,0.989803291216,0.289426612472,0.618524183471
0.289426612472,0.492388263171,40000,0.45999534993,0.00169850297081,0.458850551728,0.934212661706,0.289426612472,0.682295605576
0.289426612472,0.587801607227,40000,0.525561116285,0.00196157392199,0.524729798239,0.894113098404,0.289426612472,0.758424439694
0.289426612472,0.70170382867,40000,0.607262541997,0.00228189699166,0.606839580677,0.865411470175,0.289426612472,0.849305263624
0.289426612472,0.837677640068,40000,0.707774398379,0.00267127006705,0.707872098415,0.844924544388,0.289426612472,0.957796668412
0.289426612472,1,40000,0.830460412432,0.00314221438015,0.831071720465,0.830460412432,0.289426612472,1.08731117327
0.345510729459,0.01,40000,0.345550457712,4.9963406732e-05,0.345510729459,1.00011498414,0.345510729459,0.353489575067
0.345510729459,0.0119377664171,40000,0.345558156119,5.96451478972e-05,0.345510729459,1.00013726537,0.345510729459,0.355035688974
0.345510729459,0.014251026703,40000,0.345567346298,7.12029843513e-05,0.345510729459,1.0001638642,0.345510729459,0.356881403641
0.345510729459,0.0170125427985,40000,0.345578317319,8.50004595389e-05,0.345510729459,1.00019561725,0.345510729459,0.359084774698
0.345510729459,0.020309176209,40000,0.345591414267,0.000101471563133,0.345510729459,1.00023352331,0.345510729459,0.361715107599
0.345510729459,0.0242446201708,40000,0.345607049098,0.000121134381866,0.345510729459,1.00027877467,0.345510729459,0.364855137576
0.345510729459,0.0289426612472,40000,0.345625713594,0.00014460739558,0.345510729459,1.00033279469,0.345510729459,0.368603632017
0.345510729459,0.0345510729459,40000,0.345647994834,0.000172628931063,0.345510729459,1.00039728252,0.345510729459,0.373078497122
0.345510729459,0.041246263829,40000,0.345674593657,0.000206080385587,0.345510729459,1.0004742666,0.345510729459,0.378420486559
0.345510729459,0.0492388263171,40000,0.345706346711,0.000246013950629,0.345510729459,1.00056616839,0.345510729459,0.38479762877
0.345510729459,0.0587801607227,40000,0.345744252765,0.000293685707797,0.345510729499,1.00067587859,0.345510729459,0.392410512181
0.345510729459,0.070170382867,40000,0.345789504127,0.000350595137973,0.345510740713,1.00080684808,0.345510729459,0.401498594574
0.345510729459,0.0837677640068,40000,0.345843524146,0.000418532286411,0.345511413563,1.00096319639,0.345510729459,0.412347735053
0.345510729459,0.1,40000,0.345924521369,0.000499348226023,0.345524699742,1.00119762391,0.345510729459,0.42529918554
0.345510729459,0.119377664171,40000,0.34613483852,0.000594273992719,0.345642634755,1.00180633771,0.345510729459,0.440760324606
0.345510729459,0.14251026703,40000,0.346852891761,0.000702526461746,0.34623083002,1.00388457488,0.345510729459,0.459217471279
0.345510729459,0.170125427985,40000,0.348950871479,0.0008212600279,0.348168973936,1.00995668651,0.345510729459,0.481251181849
0.345510729459,0.20309176209,40000,0.35386692639,0.000947362698035,0.352916254089,1.02418505771,0.345510729459,0.507554510857
0.345510729459,0.242446201708,40000,0.363394644623,0.00108030513211,0.362330463609,1.05176080983,0.345510729459,0.538954810628
0.345510729459,0.289426612472,40000,0.379633677644,0.00122164253015,0.378402524391,1.09876089301,0.345510729459,0.576439755036
0.345510729459,0.345510729459,40000,0.404602341831,0.00137683453515,0.403083507495,1.17102685194,0.345510729459,0.621188406086
0.345510729459,0.41246263829,40000,0.439803388785,0.00155692279589,0.438255900127,1.06628661109,0.345510729459,0.674608300459
0.345510729459,0.492388263171,40000,0.487367523443,0.001769849434,0.485809443496,0.989803291216,0.345510729459,0.738379722564
0.345510729459,0.587801607227,40000,0.549131704043,0.00202763317244,0.547765070691,0.934212661706,0.345510729459,0.814508556681
0.345510729459,0.70170382867,40000,0.627402584414,0.00234168112906,0.626410176349,0.894113098404,0.345510729459,0.905389380612
0.345510729459,0.837677640068,40000,0.724935838024,0.00272407532745,0.72443091668,0.865411470175,0.345510729459,1.0138807854
0.345510729459,1,40000,0.844924544388,0.00318889980976,0.845041176409,0.844924544388,0.345510729459,1.14339529026
0.41246263829,0.01,40000,0.412502366543,4.9963406732e-05,0.41246263829,1.00009631964,0.41246263829,0.420441483898
0.41246263829,0.0119377664171,40000,0.41251006495,5.96451478972e-05,0.41246263829,1.00011498414,0.41246263829,0.421987597805
0.41246263829,0.014251026703,40000,0.412519255129,7.12029843513e-05,0.41246263829,1.00013726537,0.41246263829,0.423833312472
0.41246263829,0.0170125427985,40000,0.41253022615,8.50004595389e-05,0.41246263829,1.0001638642,0.41246263829,0.426036683529
0.41246263829,0.020309176209,40000,0.412543323098,0.000101471563133,0.41246263829,1.00019561725,0.41246263829,0.42866701643
0.41246263829,0.0242446201708,40000,0.412558957929,0.000121134381866,0.41246263829,1.00023352331,0.41246263829,0.431807046407
0.41246263829,0.0289426612472,40000,0.412577622425,0.00014460739558,0.41246263829,1.00027877467,0.41246263829,0.435555540848
0.41246263829,0.0345510729459,40000,0.412599903665,0.000172628931063,0.41246263829,1.00033279469,0.41246263829,0.440030405953
0.41246263829,0.041246263829,40000,0.412626502488,0.000206080385587,0.41246263829,1.00039728252,0.41246263829,0.44537239539
0.41246263829,0.0492388263171,40000,0.412658255542,0.000246013950629,0.41246263829,1.0004742666,0.41246263829,0.451749537601
0.41246263829,0.0587801607227,40000,0.412696161596,0.000293685707797,0.41246263829,1.00056616839,0.41246263829,0.459362421012
0.41246263829,0.070170382867,40000,0.412741412958,0.000350595137973,0.412462638337,1.00067587859,0.41246263829,0.468450503405
0.41246263829,0.0837677640068,40000,0.412795432977,0.000418532286411,0.412462651724,1.00080684808,0.41246263829,0.479299643884
0.41246263829,0.1,40000,0.412859920814,0.00049963406732,0.412463454957,1.00096319639,0.41246263829,0.49225109437
0.41246263829,0.119377664171,40000,0.412956613407,0.000596110248308,0.412479315687,1.00119762391,0.41246263829,0.507712233437
0.41246263829,0.14251026703,40000,0.413207685109,0.000709430411287,0.412620103751,1.00180633771,0.41246263829,0.52616938011
0.41246263829,0.170125427985,40000,0.414064880295,0.000838659680219,0.413322277519,1.00388457488,0.41246263829,0.54820309068
0.41246263829,0.20309176209,40000,0.416569399478,0.000980401038081,0.415635988455,1.00995668651,0.41246263829,0.574506419688
0.41246263829,0.242446201708,40000,0.422438071,0.00113093946015,0.421303180613,1.02418505771,0.41246263829,0.605906719458
0.41246263829,0.289426612472,40000,0.433812038475,0.00128964303263,0.432541644039,1.05176080983,0.41246263829,0.643391663867
0.41246263829,0.345510729459,40000,0.45319781678,0.00145836831702,0.451728094784,1.09876089301,0.41246263829,0.688140314917
0.41246263829,0.41246263829,40000,0.483004824861,0.00164363290757,0.481191675908,1.17102685194,0.41246263829,0.74156020929
0.41246263829,0.492388263171,40000,0.525027012479,0.00185861806668,0.523179656665,1.06628661109,0.41246263829,0.805331631395
0.41246263829,0.587801607227,40000,0.581807965416,0.00211280491366,0.57994796597,0.989803291216,0.41246263829,0.881460465512
0.41246263829,0.70170382867,40000,0.655540601512,0.00242054111922,0.653909146537,0.934212661706,0.41246263829,0.972341289442
0.41246263829,0.837677640068,40000,0.748978550225,0.00279544423422,0.747793836658,0.894113098404,0.41246263829,1.08083269423
0.41246263829,1,40000,0.865411470175,0.00325193749618,0.864808706868,0.865411470175,0.41246263829,1.21034719909
0.492388263171,0.01,40000,0.492427991423,4.9963406732e-05,0.492388263171,1.00008068481,0.492388263171,0.500367108779
0.492388263171,0.0119377664171,40000,0.49243568983,5.96451478972e-05,0.492388263171,1.00009631964,0.492388263171,0.501913222685
0.492388263171,0.014251026703,40000,0.492444880009,7.12029843513e-05,0.492388263171,1.00011498414,0.492388263171,0.503758937353
0.492388263171,0.0170125427985,40000,0.49245585103,8.50004595389e-05,0.492388263171,1.00013726537,0.492388263171,0.50596230841
0.492388263171,0.020309176209,40000,0.492468947979,0.000101471563133,0.492388263171,1.0001638642,0.492388263171,0.50859264131
0.492388263171,0.0242446201708,40000,0.49248458281,0.000121134381866,0.492388263171,1.00019561725,0.492388263171,0.511732671288
0.492388263171,0.0289426612472,40000,0.492503247306,0.00014460739558,0.492388263171,1.00023352331,0.492388263171,0.515481165728
0.492388263171,0.0345510729459,40000,0.492525528545,0.000172628931063,0.492388263171,1.00027877467,0.492388263171,0.519956030833
0.492388263171,0.041246263829,40000,0.492552127369,0.000206080385587,0.492388263171,1.00033279469,0.492388263171,0.525298020271
0.492388263171,0.0492388263171,40000,0.492583880423,0.000246013950629,0.492388263171,1.00039728252,0.492388263171,0.531675162481
0.492388263171,0.0587801607227,40000,0.492621786477,0.000293685707797,0.492388263171,1.0004742666,0.492388263171,0.539288045893
0.492388263171,0.070170382867,40000,0.492667037839,0.000350595137973,0.492388263171,1.00056616839,0.492388263171,0.548376128286
0.492388263171,0.0837677640068,40000,0.492721057858,0.000418532286411,0.492388263227,1.00067587859,0.492388263171,0.559225268765
0.492388263171,0.1,40000,0.492785545695,0.00049963406732,0.492388279208,1.00080684808,0.492388263171,0.572176719251
0.492388263171,0.119377664171,40000,0.492862529768,0.000596451478972,0.492389238089,1.00096319639,0.492388263171,0.587637858318
0.492388263171,0.14251026703,40000,0.492977959126,0.000711622490316,0.492408172258,1.00119762391,0.492388263171,0.60609500499
0.492388263171,0.170125427985,40000,0.49327768266,0.000846901453916,0.49257624176,1.00180633771,0.492388263171,0.62812871556
0.492388263171,0.20309176209,40000,0.494300982251,0.00100117233659,0.493414480403,1.00388457488,0.492388263171,0.654432044569
0.492388263171,0.242446201708,40000,0.49729081875,0.00117037985877,0.496176534473,1.00995668651,0.492388263171,0.685832344339
0.492388263171,0.289426612472,40000,0.504296701731,0.00135008911071,0.502941896096,1.02418505771,0.492388263171,0.723317288747
0.492388263171,0.345510729459,40000,0.517874678425,0.00153954572851,0.516358111222,1.05176080983,0.492388263171,0.768065939798
0.492388263171,0.41246263829,40000,0.541016967748,0.00174096603188,0.539262447959,1.09876089301,0.492388263171,0.82148583417
0.492388263171,0.492388263171,40000,0.576599877754,0.00196213057261,0.574435382887,1.17102685194,0.492388263171,0.885257256275
0.492388263171,0.587801607227,40000,0.626764983766,0.00221877483387,0.624559653547,1.06628661109,0.492388263171,0.961386090393
0.492388263171,0.70170382867,40000,0.694548759077,0.00252221715443,0.692328335185,0.989803291216,0.492388263171,1.05226691432
0.492388263171,0.837677640068,40000,0.78256905778,0.00288958544844,0.78062146494,0.934212661706,0.492388263171,1.16075831911
0.492388263171,1,40000,0.894113098404,0.00333713603003,0.89269881502,0.894113098404,0.492388263171,1.29027282397
0.587801607227,0.01,40000,0.58784133548,4.9963406732e-05,0.587801607227,1.00006758786,0.587801607227,0.595780452836
0.587801607227,0.0119377664171,40000,0.587849033887,5.96451478972e-05,0.587801607227,1.00008068481,0.587801607227,0.597326566742
0.587801607227,0.014251026703,40000,0.587858224066,7.12029843513e-05,0.587801607227,1.00009631964,0.587801607227,0.599172281409
0.587801607227,0.0170125427985,40000,0.587869195087,8.50004595389e-05,0.587801607227,1.00011498414,0.587801607227,0.601375652466
0.587801607227,0.020309176209,40000,0.587882292035,0.000101471563133,0.587801607227,1.00013726537,0.587801607227,0.604005985367
0.587801607227,0.0242446201708,40000,0.587897926866,0.000121134381866,0.587801607227,1.0001638642,0.587801607227,0.607146015344
0.587801607227,0.0289426612472,40000,0.587916591363,0.00014460739558,0.587801607227,1.00019561725,0.587801607227,0.610894509785
0.587801607227,0.0345510729459,40000,0.587938872602,0.000172628931063,0.587801607227,1.00023352331,0.587801607227,0.61536937489
0.587801607227,0.041246263829,40000,0.587965471426,0.000206080385587,0.587801607227,1.00027877467,0.587801607227,0.620711364327
0.587801607227,0.0492388263171,40000,0.587997224479,0.000246013950629,0.587801607227,1.00033279469,0.587801607227,0.627088506538
0.587801607227,0.0587801607227,40000,0.588035130534,0.000293685707797,0.587801607227,1.00039728252,0.587801607227,0.63470138995
0.587801607227,0.070170382867,40000,0.588080381896,0.000350595137973,0.587801607227,1.0004742666,0.587801607227,0.643789472343
0.587801607227,0.0837677640068,40000,0.588134401915,0.000418532286411,0.587801607228,1.00056616839,0.587801607227,0.654638612822
0.587801607227,0.1,40000,0.588198889752,0.00049963406732,0.587801607295,1.00067587859,0.587801607227,0.667590063308
0.587801607227,0.119377664171,40000,0.588275873825,0.000596451478972,0.587801626373,1.00080684808,0.587801607227,0.683051202375
0.587801607227,0.14251026703,40000,0.588367775613,0.000712029843513,0.587802771062,1.00096319639,0.587801607227,0.701508349047
0.587801607227,0.170125427985,40000,0.588505572485,0.000849518306658,0.58782537423,1.00119762391,0.587801607227,0.723542059617
0.587801607227,0.20309176209,40000,0.588863375438,0.00101101117352,0.588026011677,1.00180633771,0.587801607227,0.749845388626
0.587801607227,0.242446201708,40000,0.590084966588,0.00119517614976,0.589026681389,1.00388457488,0.587801607227,0.781245688396
0.587801607227,0.289426612472,40000,0.593654163562,0.00139717213734,0.592323957021,1.00995668651,0.587801607227,0.818730632804
0.587801607227,0.345510729459,40000,0.60201762302,0.0016117048446,0.600400287699,1.02418505771,0.587801607227,0.863479283855
0.587801607227,0.41246263829,40000,0.61822669444,0.00183787372954,0.616416251937,1.05176080983,0.587801607227,0.916899178227
0.587801607227,0.492388263171,40000,0.645853418869,0.00207832458287,0.643758914127,1.09876089301,0.587801607227,0.980670600332
0.587801607227,0.587801607227,40000,0.688331465678,0.00234234564557,0.685747542264,1.17102685194,0.587801607227,1.05679943445
0.587801607227,0.70170382867,40000,0.748217397464,0.0026487215699,0.745584725762,1.06628661109,0.587801607227,1.14768025838
0.587801607227,0.837677640068,40000,0.829136085118,0.00301096392429,0.826485394941,0.989803291216,0.587801607227,1.25617166317
0.587801607227,1,40000,0.934212661706,0.00344951961259,0.931887670866,0.934212661706,0.587801607227,1.38568616803
0.70170382867,0.01,40000,0.701743556923,4.9963406732e-05,0.70170382867,1.00005661684,0.70170382867,0.709682674278
0.70170382867,0.0119377664171,40000,0.70175125533,5.96451478972e-05,0.70170382867,1.00006758786,0.70170382867,0.711228788185
0.70170382867,0.014251026703,40000,0.701760445509,7.12029843513e-05,0.70170382867,1.00008068481,0.70170382867,0.713074502852
0.70170382867,0.0170125427985,40000,0.70177141653,8.50004595389e-05,0.70170382867,1.00009631964,0.70170382867,0.715277873909
0.70170382867,0.020309176209,40000,0.701784513478,0.000101471563133,0.70170382867,1.00011498414,0.70170382867,0.71790820681
0.70170382867,0.0242446201708,40000,0.701800148309,0.000121134381866,0.70170382867,1.00013726537,0.70170382867,0.721048236787
0.70170382867,0.0289426612472,40000,0.701818812806,0.00014460739558,0.70170382867,1.0001638642,0.70170382867,0.724796731228
0.70170382867,0.0345510729459,40000,0.701841094045,0.000172628931063,0.70170382867,1.00019561725,0.70170382867,0.729271596333
0.70170382867,0.041246263829,40000,0.701867692868,0.000206080385587,0.70170382867,1.00023352331,0.70170382867,0.73461358577
0.70170382867,0.0492388263171,40000,0.701899445922,0.000246013950629,0.70170382867,1.00027877467,0.70170382867,0.740990727981
0.70170382867,0.0587801607227,40000,0.701937351977,0.000293685707797,0.70170382867,1.00033279469,0.70170382867,0.748603611393
0.70170382867,0.070170382867,40000,0.701982603339,0.000350595137973,0.70170382867,1.00039728252,0.70170382867,0.757691693786
0.70170382867,0.0837677640068,40000,0.702036623358,0.000418532286411,0.70170382867,1.0004742666,0.70170382867,0.768540834264
0.70170382867,0.1,40000,0.702101111194,0.00049963406732,0.70170382867,1.00056616839,0.70170382867,0.781492284751
0.70170382867,0.119377664171,40000,0.702178095268,0.000596451478972,0.70170382875,1.00067587859,0.70170382867,0.796953423817
0.70170382867,0.14251026703,40000,0.702269997056,0.000712029843513,0.701703851526,1.00080684808,0.70170382867,0.81541057049
0.70170382867,0.170125427985,40000,0.702379707265,0.000850004595389,0.701705218029,1.00096319639,0.70170382867,0.83744428106
0.70170382867,0.20309176209,40000,0.702544205952,0.0010141351112,0.701732201163,1.00119762391,0.70170382867,0.863747610069
0.70170382867,0.242446201708,40000,0.702971342759,0.00120692152346,0.70197171746,1.00180633771,0.70170382867,0.895147909839
0.70170382867,0.289426612472,40000,0.704429649739,0.00142677337031,0.703166293588,1.00388457488,0.70170382867,0.932632854247
0.70170382867,0.345510729459,40000,0.708690473717,0.00166791146201,0.70710250422,1.00995668651,0.70170382867,0.977381505298
0.70170382867,0.41246263829,40000,0.718674576262,0.00192401559683,0.716743839134,1.02418505771,0.70170382867,1.03080139967
0.70170382867,0.492388263171,40000,0.738024587106,0.00219401072875,0.735863323135,1.05176080983,0.70170382867,1.09457282177
0.70170382867,0.587801607227,40000,0.771004725417,0.00248105534093,0.76850435458,1.09876089301,0.70170382867,1.17070165589
0.70170382867,0.70170382867,40000,0.821714025484,0.0027962375185,0.818629398068,1.17102685194,0.70170382867,1.26158247982
0.70170382867,0.837677640068,40000,0.893204452017,0.00316198194055,0.890061630033,1.06628661109,0.70170382867,1.37007388461
0.70170382867,1,40000,0.989803291216,0.00359441840186,0.986638959199,0.989803291216,0.70170382867,1.49958838947
0.837677640068,0.01,40000,0.837717368321,4.9963406732e-05,0.837677640068,1.00004742666,0.837677640068,0.845656485676
0.837677640068,0.0119377664171,40000,0.837725066728,5.96451478972e-05,0.837677640068,1.00005661684,0.837677640068,0.847202599583
0.837677640068,0.014251026703,40000,0.837734256907,7.12029843513e-05,0.837677640068,1.00006758786,0.837677640068,0.84904831425
0.837677640068,0.0170125427985,40000,0.837745227928,8.50004595389e-05,0.837677640068,1.00008068481,0.837677640068,0.851251685307
0.837677640068,0.020309176209,40000,0.837758324876,0.000101471563133,0.837677640068,1.00009631964,0.837677640068,0.853882018208
0.837677640068,0.0242446201708,40000,0.837773959707,0.000121134381866,0.837677640068,1.00011498414,0.837677640068,0.857022048185
0.837677640068,0.0289426612472,40000,0.837792624203,0.00014460739558,0.837677640068,1.00013726537,0.837677640068,0.860770542626
0.837677640068,0.0345510729459,40000,0.837814905443,0.000172628931063,0.837677640068,1.0001638642,0.837677640068,0.865245407731
0.837677640068,0.041246263829,40000,0.837841504266,0.000206080385587,0.837677640068,1.00019561725,0.837677640068,0.870587397168
0.837677640068,0.0492388263171,40000,0.83787325732,0.000246013950629,0.837677640068,1.00023352331,0.837677640068,0.876964539379
0.837677640068,0.0587801607227,40000,0.837911163374,0.000293685707797,0.837677640068,1.00027877467,0.837677640068,0.88457742279
0.837677640068,0.070170382867,40000,0.837956414736,0.000350595137973,0.837677640068,1.00033279469,0.837677640068,0.893665505184
0.837677640068,0.0837677640068,40000,0.838010434755,0.000418532286411,0.837677640068,1.00039728252,0.837677640068,0.904514645662
0.837677640068,0.1,40000,0.838074922592,0.00049963406732,0.837677640068,1.0004742666,0.837677640068,0.917466096149
0.837677640068,0.119377664171,40000,0.838151906666,0.000596451478972,0.837677640068,1.00056616839,0.837677640068,0.932927235215
0.837677640068,0.14251026703,40000,0.838243808454,0.000712029843513,0.837677640164,1.00067587859,0.837677640068,0.951384381888
0.837677640068,0.170125427985,40000,0.838353518663,0.000850004595389,0.837677667352,1.00080684808,0.837677640068,0.973418092458
0.837677640068,0.20309176209,40000,0.838484488147,0.00101471563133,0.837679298652,1.00096319639,0.837677640068,0.999721421467
0.837677640068,0.242446201708,40000,0.838680862837,0.00121065080729,0.837711510488,1.00119762391,0.837677640068,1.03112172124
0.837677640068,0.289426612472,40000,0.839190768781,0.00144079472309,0.837997439448,1.00180633771,0.837677640068,1.06860666564
0.837677640068,0.345510729459,40000,0.84093166159,0.0017032487225,0.839423496527,1.00388457488,0.837677640068,1.1133553167
0.837677640068,0.41246263829,40000,0.846018133729,0.00199111374379,0.844122452835,1.00995668651,0.837677640068,1.16677521107
0.837677640068,0.492388263171,40000,0.857936922135,0.00229684487779,0.855632053251,1.02418505771,0.837677640068,1.23054663317
0.837677640068,0.587801607227,40000,0.881036513099,0.00261915875965,0.878456446653,1.05176080983,0.837677640068,1.30667546729
0.837677640068,0.70170382867,40000,0.920407431854,0.00296182591281,0.917422547554,1.09876089301,0.837677640068,1.39755629122
0.837677640068,0.837677640068,40000,0.980943009792,0.00333808303427,0.977260653634,1.17102685194,0.837677640068,1.50604769601
0.837677640068,1,40000,1.06628661109,0.00377470018215,1.06253478362,1.06628661109,0.837677640068,1.63556220087
1,0.01,40000,1.00003972825,4.9963406732e-05,1,1.00003972825,1,1.00797884561
1,0.0119377664171,40000,1.00004742666,5.96451478972e-05,1,1.00004742666,1,1.00952495951
1,0.014251026703,40000,1.00005661684,7.12029843513e-05,1,1.00005661684,1,1.01137067418
1,0.0170125427985,40000,1.00006758786,8.50004595389e-05,1,1.00006758786,1,1.01357404524
1,0.020309176209,40000,1.00008068481,0.000101471563133,1,1.00008068481,1,1.01620437814
1,0.0242446201708,40000,1.00009631964,0.000121134381866,1,1.00009631964,1,1.01934440812
1,0.0289426612472,40000,1.00011498414,0.00014460739558,1,1.00011498414,1,1.02309290256
1,0.0345510729459,40000,1.00013726537,0.000172628931063,1,1.00013726537,1,1.02756776766
1,0.041246263829,40000,1.0001638642,0.000206080385587,1,1.0001638642,1,1.0329097571
1,0.0492388263171,40000,1.00019561725,0.000246013950629,1,1.00019561725,1,1.03928689931
1,0.0587801607227,40000,1.00023352331,0.000293685707797,1,1.00023352331,1,1.04689978272
1,0.070170382867,40000,1.00027877467,0.000350595137973,1,1.00027877467,1,1.05598786512
1,0.0837677640068,40000,1.00033279469,0.000418532286411,1,1.00033279469,1,1.06683700559
1,0.1,40000,1.00039728252,0.00049963406732,1,1.00039728252,1,1.07978845608
1,0.119377664171,40000,1.0004742666,0.000596451478972,1,1.0004742666,1,1.09524959515
1,0.14251026703,40000,1.00056616839,0.000712029843513,1,1.00056616839,1,1.11370674182
1,0.170125427985,40000,1.00067587859,0.000850004595389,1.00000000011,1.00067587859,1,1.13574045239
1,0.20309176209,40000,1.00080684808,0.00101471563133,1.00000003257,1.00080684808,1,1.1620437814
1,0.242446201708,40000,1.00096319639,0.00121134381866,1.00000197998,1.00096319639,1,1.19344408117
1,0.289426612472,40000,1.00119762391,0.00144524665502,1.00004043372,1.00119762391,1,1.23092902558
1,0.345510729459,40000,1.00180633771,0.00171998708593,1.00038176903,1.00180633771,1,1.27567767663
1,0.41246263829,40000,1.00388457488,0.00203329853995,1.00208416266,1.00388457488,1,1.329097571
1,0.492388263171,40000,1.00995668651,0.00237694507833,1.00769366694,1.00995668651,1,1.3928689931
1,0.587801607227,40000,1.02418505771,0.00274191976474,1.02143355907,1.02418505771,1,1.46899782722
1,0.70170382867,40000,1.05176080983,0.00312669054821,1.04868078678,1.05176080983,1,1.55987865115
1,0.837677640068,40000,1.09876089301,0.00353575859153,1.09519760785,1.09876089301,1,1.66837005594
1,1,40000,1.17102685194,0.00398492555442,1.16663094118,1.17102685194,1,1.7978845608
