replicate,mode,target,truth,status,lower,upper,width,covered,best_singleton_width,closed_form_error
0,exact_sources,-0.395500690521,-0.190374175452,optimal,-0.329226786591,0.0316446705858,0.360871457177,True,0.424961310245,0
0,noisy_sources,-0.395500690521,-0.190374175452,optimal,-0.451911268505,0.189195613279,0.641106881784,True,0.815590981617,
1,exact_sources,0.942493013344,0.831983732067,optimal,-1.21577682016,1.16015503749,2.37593185765,True,2.37593185765,0
1,noisy_sources,0.942493013344,0.831983732067,optimal,-1.37955664093,1.37568431467,2.75524095561,True,2.76656152902,
2,exact_sources,0.352374331852,0.248674900036,optimal,0.155379125923,0.445325342318,0.289946216394,True,0.764001273392,0
2,noisy_sources,0.352374331852,0.248674900036,optimal,-0.0727788515254,0.629127088178,0.701905939703,True,1.15463094476,
3,exact_sources,0.270613179422,0.184337355516,optimal,0.11577762301,0.335256553005,0.219478929995,True,0.42840783482,0
3,noisy_sources,0.270613179422,0.184337355516,optimal,0.0296795628832,0.575921128991,0.546241566107,True,0.819037506192,
4,exact_sources,-0.77575923757,-0.284914824139,optimal,-0.397331632646,-0.136100104721,0.261231527925,True,0.261231527925,0
4,noisy_sources,-0.77575923757,-0.284914824139,optimal,-0.537391934857,0.114469264441,0.651861199298,True,0.651861199298,
5,exact_sources,0.215839019369,0.143479356306,optimal,0.118133225516,0.252198836081,0.134065610565,True,0.134065610565,0
5,noisy_sources,0.215839019369,0.143479356306,optimal,-0.0204017479439,0.370520884647,0.390922632591,True,0.524695281938,
6,exact_sources,-0.282313304995,-0.145477742344,optimal,-0.14601226257,-0.144344448319,0.00166781425077,True,0.00166781425077,0
6,noisy_sources,-0.282313304995,-0.145477742344,optimal,-0.470142672343,-0.0778451867199,0.392297485623,True,0.392297485623,
7,exact_sources,-0.718104357155,-0.276160453964,optimal,-0.369969291177,-0.14545638137,0.224512909807,True,0.224512909807,0
7,noisy_sources,-0.718104357155,-0.276160453964,optimal,-0.482876467555,0.132266113625,0.61514258118,True,0.61514258118,
8,exact_sources,0.318800525501,0.221770447818,optimal,0.147990783867,0.237416065805,0.0894252819379,True,0.0894252819379,0
8,noisy_sources,0.318800525501,0.221770447818,optimal,-0.00868940068706,0.471365552623,0.48005495331,True,0.48005495331,
9,exact_sources,0.845517217854,0.721780140419,optimal,0.347260833079,0.745413621978,0.398152788899,True,0.398152788899,0
9,noisy_sources,0.845517217854,0.721780140419,optimal,0.136567554585,0.925350014857,0.788782460272,True,0.788782460272,
10,exact_sources,-0.990851515412,-0.299974891569,optimal,-0.44836011193,-0.140294636637,0.308065475292,True,0.308065475292,0
10,noisy_sources,-0.990851515412,-0.299974891569,optimal,-0.697500012288,0.00119513437676,0.698695146665,True,0.698695146665,
11,exact_sources,0.0869736673074,0.0544535260259,optimal,-0.104232327141,0.683236400487,0.787468727628,True,0.866549635411,0
11,noisy_sources,0.0869736673074,0.0544535260259,optimal,-0.257449099709,0.919903681606,1.17735278132,True,1.25717930678,
12,exact_sources,-0.0811587755119,-0.0467192412544,optimal,-0.112993476506,0.0169347284805,0.129928204986,True,0.225687866914,0
12,noisy_sources,-0.0811587755119,-0.0467192412544,optimal,-0.370501405872,0.225324862563,0.595826268435,True,0.616317538287,
13,exact_sources,-0.458817720946,-0.212136522251,optimal,-0.484473629127,0.095700591042,0.580174220169,True,0.761302911068,0
13,noisy_sources,-0.458817720946,-0.212136522251,optimal,-0.612926213305,0.204781572149,0.817707785454,True,1.15193258244,
14,exact_sources,-0.17155476493,-0.0941035477468,optimal,-0.327017230938,0.280033042609,0.607050273548,True,0.958655358072,0
14,noisy_sources,-0.17155476493,-0.0941035477468,optimal,-0.503239131563,0.504610145857,1.00784927742,True,1.34928502944,
15,exact_sources,-0.356270783407,-0.175683808711,optimal,-0.301238041261,0.0929188913415,0.394156932603,True,0.394156932603,0
15,noisy_sources,-0.356270783407,-0.175683808711,optimal,-0.47592227478,0.261864195214,0.737786469994,True,0.784786603975,
16,exact_sources,0.447566473841,0.328634608856,optimal,0.170637640188,0.356028776166,0.185391135978,True,0.185391135978,0
16,noisy_sources,0.447566473841,0.328634608856,optimal,-0.0515026214889,0.506617806158,0.558120427647,True,0.576020807351,
17,exact_sources,-0.466885333252,-0.214736625629,optimal,-0.258325794173,-0.137386679419,0.120939114755,True,0.120939114755,0
17,noisy_sources,-0.466885333252,-0.214736625629,optimal,-0.49548081563,0.016087970497,0.511568786127,True,0.511568786127,
18,exact_sources,0.891916967999,0.773804944141,optimal,0.692975270853,0.776422428128,0.0834471572751,True,0.0834471572751,0
18,noisy_sources,0.891916967999,0.773804944141,optimal,0.642378309911,1.08764252811,0.445264218196,True,0.474076828648,
19,exact_sources,-0.896355310546,-0.296777333504,optimal,-0.390252033822,-0.203445924339,0.186806109483,True,0.192781888592,0
19,noisy_sources,-0.896355310546,-0.296777333504,optimal,-0.614284738924,-0.0843363956899,0.529948343234,True,0.583411559965,
20,exact_sources,0.824083863076,0.698184581861,optimal,-0.043284557714,0.768165735066,0.81145029278,True,0.81145029278,0
20,noisy_sources,0.824083863076,0.698184581861,optimal,-0.264677310429,0.937402653724,1.20207996415,True,1.20207996415,
21,exact_sources,-0.756399193106,-0.282197594064,optimal,-1.07561945902,1.54739950862,2.62301896764,True,2.62301896764,0
21,noisy_sources,-0.756399193106,-0.282197594064,optimal,-1.28295859295,1.73069004606,3.01364863901,True,3.01364863901,
22,exact_sources,-0.123100387799,-0.0693141210365,optimal,-0.371623968808,0.062341088794,0.433965057602,True,0.433965057602,0
22,noisy_sources,-0.123100387799,-0.0693141210365,optimal,-0.576001242091,0.248593486884,0.824594728975,True,0.824594728975,
23,exact_sources,-0.605326614423,-0.253269875615,optimal,-0.537484872671,-0.0413224747215,0.496162397949,True,0.496162397949,0
23,noisy_sources,-0.605326614423,-0.253269875615,optimal,-0.654008002884,0.232784066438,0.886792069322,True,0.886792069322,
24,exact_sources,0.134989764034,0.0864605293386,optimal,0.0712700643732,0.142744538371,0.0714744739978,True,0.0714744739978,0
24,noisy_sources,0.134989764034,0.0864605293386,optimal,-0.145094851594,0.317009293776,0.46210414537,True,0.46210414537,
25,exact_sources,-0.674738454055,-0.268261478019,optimal,-0.464245149863,-0.116257226663,0.3479879232,True,0.3479879232,0
25,noisy_sources,-0.674738454055,-0.268261478019,optimal,-0.478094599651,0.260522994922,0.738617594572,True,0.738617594572,
26,exact_sources,-0.316210751825,-0.159729679224,optimal,-0.305547829041,0.17399659537,0.479544424411,True,0.479544424411,0
26,noisy_sources,-0.316210751825,-0.159729679224,optimal,-0.425636936727,0.418804618198,0.844441554925,True,0.870174095783,
27,exact_sources,-0.884593380036,-0.296004393621,optimal,-0.628590207061,0.143154189988,0.771744397049,True,0.771744397049,0
27,noisy_sources,-0.884593380036,-0.296004393621,optimal,-0.835977402846,0.326396665575,1.16237406842,True,1.16237406842,
28,exact_sources,0.258805042643,0.175377040615,optimal,-0.355871508919,0.325923424523,0.681794933442,True,0.681794933442,0
28,noisy_sources,0.258805042643,0.175377040615,optimal,-0.657211001419,0.415213603396,1.07242460481,True,1.07242460481,
29,exact_sources,0.469638006297,0.347950760866,optimal,0.30230266219,0.577509930231,0.275207268041,True,0.410458529283,0
29,noisy_sources,0.469638006297,0.347950760866,optimal,0.195268232544,0.835670705034,0.64040247249,True,0.801088200656,
30,exact_sources,0.855805790108,0.73320453918,optimal,0.111423828178,0.780656046155,0.669232217977,True,0.669232217977,0
30,noisy_sources,0.855805790108,0.73320453918,optimal,-0.101323262246,0.933447741454,1.0347710037,True,1.05986188935,
31,exact_sources,0.472550609569,0.350521589322,optimal,-0.223227219679,0.466183429486,0.689410649165,True,0.689410649165,0
31,noisy_sources,0.472550609569,0.350521589322,optimal,-0.359697678925,0.625607887098,0.985305566023,True,1.08004032054,
32,exact_sources,-0.496748474367,-0.224021370584,optimal,-0.264103901373,-0.155338334855,0.108765566518,True,0.108765566518,0
32,noisy_sources,-0.496748474367,-0.224021370584,optimal,-0.416347882654,0.083047355236,0.49939523789,True,0.49939523789,
33,exact_sources,-0.914596210004,-0.297811857796,optimal,-0.731166389567,0.287008073542,1.01817446311,True,1.01817446311,0
33,noisy_sources,-0.914596210004,-0.297811857796,optimal,-0.827147780041,0.581656354441,1.40880413448,True,1.40880413448,
34,exact_sources,-0.832345665978,-0.291567607285,optimal,-0.309394213748,-0.270305109668,0.03908910408,True,0.03908910408,0
34,noisy_sources,-0.832345665978,-0.291567607285,optimal,-0.584947587332,-0.15522881188,0.429718775452,True,0.429718775452,
35,exact_sources,-0.696606782295,-0.272385766635,optimal,-0.286669473025,-0.252853113844,0.0338163591809,True,0.0338163591809,0
35,noisy_sources,-0.696606782295,-0.272385766635,optimal,-0.449246686009,-0.0248006554561,0.424446030553,True,0.424446030553,
36,exact_sources,-0.795617710343,-0.287468363902,optimal,-0.390925695087,-0.153943491139,0.236982203948,True,0.236982203948,0
36,noisy_sources,-0.795617710343,-0.287468363902,optimal,-0.591058855986,0.0365530193341,0.62761187532,True,0.62761187532,
37,exact_sources,-0.460903626559,-0.212812530043,optimal,-0.265423233179,-0.118286157582,0.147137075597,True,0.147137075597,0
37,noisy_sources,-0.460903626559,-0.212812530043,optimal,-0.496744245513,0.0410225014569,0.53776674697,True,0.53776674697,
38,exact_sources,0.691914006657,0.558771901777,optimal,0.0956328135162,0.612495325671,0.516862512155,True,0.516862512155,0
38,noisy_sources,0.691914006657,0.558771901777,optimal,-0.151604991759,0.755887191769,0.907492183527,True,0.907492183527,
39,exact_sources,0.152306444429,0.0983430425614,optimal,-0.0919310055184,0.38646271243,0.478393717949,True,1.07534954452,0
39,noisy_sources,0.152306444429,0.0983430425614,optimal,-0.250822069696,0.574072275694,0.82489434539,True,1.46597921589,
40,exact_sources,-0.886777753754,-0.296154216887,optimal,-0.648282430289,0.172648641581,0.82093107187,True,0.82093107187,0
40,noisy_sources,-0.886777753754,-0.296154216887,optimal,-0.87290433564,0.338656407602,1.21156074324,True,1.21156074324,
41,exact_sources,0.360534088269,0.255315901603,optimal,0.23620833877,0.35265829252,0.11644995375,True,0.124578226779,0
41,noisy_sources,0.360534088269,0.255315901603,optimal,-0.0175564764752,0.466308983926,0.483865460401,True,0.515207898152,
42,exact_sources,-0.893800316376,-0.296616488159,optimal,-0.363739836544,-0.234612908849,0.129126927695,True,0.129126927695,0
42,noisy_sources,-0.893800316376,-0.296616488159,optimal,-0.539085298563,-0.0193286994957,0.519756599067,True,0.519756599067,
43,exact_sources,0.883778608623,0.764586553892,optimal,0.275008454083,0.793667134491,0.518658680408,True,0.518658680408,0
43,noisy_sources,0.883778608623,0.764586553892,optimal,0.113518848063,0.895382730827,0.781863882764,True,0.90928835178,
44,exact_sources,-0.194146941758,-0.105180254557,optimal,-0.154748715353,-0.0837096396462,0.0710390757066,True,0.0710390757066,0
44,noisy_sources,-0.194146941758,-0.105180254557,optimal,-0.348347567503,0.113321179576,0.461668747079,True,0.461668747079,
45,exact_sources,0.670313142386,0.536983798088,optimal,0.508689389586,0.795246750073,0.286557360487,True,0.503461246114,0
45,noisy_sources,0.670313142386,0.536983798088,optimal,0.347730137947,0.859044624019,0.511314486073,True,0.894090917487,
46,exact_sources,-0.60929564934,-0.254205033113,optimal,-0.947729436121,1.64897094594,2.59670038206,True,2.59670038206,0
46,noisy_sources,-0.60929564934,-0.254205033113,optimal,-1.11465887175,1.76920807435,2.88386694611,True,2.98733005343,
47,exact_sources,-0.18242288855,-0.0994703000501,optimal,-0.239186133993,-0.0378396466905,0.201346487303,True,0.201346487303,0
47,noisy_sources,-0.18242288855,-0.0994703000501,optimal,-0.323519957541,0.151653931456,0.475173888997,True,0.591976158675,
48,exact_sources,-0.199702346952,-0.107857099958,optimal,-0.295730113697,0.045900147941,0.341630261638,True,0.473686916299,0
48,noisy_sources,-0.199702346952,-0.107857099958,optimal,-0.382731194481,0.269654641021,0.652385835503,True,0.864316587672,
49,exact_sources,-0.970415781723,-0.299737432209,optimal,-0.309298303073,-0.290418701374,0.0188796016989,True,0.0188796016989,0
49,noisy_sources,-0.970415781723,-0.299737432209,optimal,-0.555193493882,-0.145684220811,0.409509273071,True,0.409509273071,
50,exact_sources,-0.927938656099,-0.298442148815,optimal,-0.309275850001,-0.288317825299,0.0209580247015,True,0.0209580247015,0
50,noisy_sources,-0.927938656099,-0.298442148815,optimal,-0.447677757727,-0.0360900616529,0.411587696074,True,0.411587696074,
51,exact_sources,-0.471321095985,-0.216149584935,optimal,-0.36604160264,0.0681564284261,0.434198031066,True,0.434198031066,0
51,noisy_sources,-0.471321095985,-0.216149584935,optimal,-0.497765088654,0.327062613784,0.824827702439,True,0.824827702439,
52,exact_sources,-0.554913362363,-0.240569365499,optimal,-0.518879905397,-0.0443999944939,0.474479910903,True,0.474479910903,0
52,noisy_sources,-0.554913362363,-0.240569365499,optimal,-0.764267847094,0.100841735182,0.865109582275,True,0.865109582275,
53,exact_sources,0.317825103086,0.220998900697,optimal,0.161168347181,0.233630309437,0.0724619622567,True,0.0724619622567,0
53,noisy_sources,0.317825103086,0.220998900697,optimal,-0.0892429773438,0.373848656285,0.463091633629,True,0.463091633629,
54,exact_sources,-0.790603798704,-0.286845969265,optimal,-0.865463285206,0.71930884277,1.58477212798,True,1.58477212798,0
54,noisy_sources,-0.790603798704,-0.286845969265,optimal,-1.00004136565,0.975360433694,1.97540179935,True,1.97540179935,
55,exact_sources,-0.443722788149,-0.207166699073,optimal,-0.490787971843,0.0616701314123,0.552458103255,True,0.678426210183,0
55,noisy_sources,-0.443722788149,-0.207166699073,optimal,-0.64717707801,0.248656917108,0.895833995118,True,1.06905588156,
56,exact_sources,-0.99532182432,-0.299993434402,optimal,-0.605850824963,0.0525609162401,0.658411741203,True,0.658411741203,0
56,noisy_sources,-0.99532182432,-0.299993434402,optimal,-0.849617261053,0.182742756366,1.03236001742,True,1.04904141258,
57,exact_sources,-0.514924123208,-0.229410418126,optimal,-0.245110251135,-0.203417419609,0.041692831526,True,0.041692831526,0
57,noisy_sources,-0.514924123208,-0.229410418126,optimal,-0.256823634427,0.175498868472,0.432322502899,True,0.432322502899,
58,exact_sources,0.943333799634,0.832963877041,optimal,0.824600223158,0.833087869803,0.00848764664493,True,0.00848764664493,0
58,noisy_sources,0.943333799634,0.832963877041,optimal,0.582923731762,0.982041049779,0.399117318017,True,0.399117318017,
59,exact_sources,-0.0375846430483,-0.0221270042111,optimal,-0.341087649272,0.286225874021,0.627313523293,True,0.991389445865,0
59,noisy_sources,-0.0375846430483,-0.0221270042111,optimal,-0.457408834977,0.500651750085,0.958060585062,True,1.38201911724,
60,exact_sources,-0.270137978371,-0.140190428815,optimal,-0.196339999866,-0.014060320998,0.182279678868,True,0.182279678868,0
60,noisy_sources,-0.270137978371,-0.140190428815,optimal,-0.288144311631,0.28476503861,0.572909350241,True,0.572909350241,
61,exact_sources,-0.897878932675,-0.296871386283,optimal,-0.492354935881,-0.0598132442684,0.432541691613,True,0.432541691613,0
61,noisy_sources,-0.897878932675,-0.296871386283,optimal,-0.556510523568,0.145360164443,0.701870688011,True,0.823171362985,
62,exact_sources,0.0737409778736,0.0458759062695,optimal,0.00478635505325,0.0837099861823,0.078923631129,True,0.157784849847,0
62,noisy_sources,0.0737409778736,0.0458759062695,optimal,-0.202467290176,0.232400106511,0.434867396687,True,0.54841452122,
63,exact_sources,0.9309293766,0.818546477225,optimal,-0.945916942151,1.06355716518,2.00947410733,True,2.00947410733,0
63,noisy_sources,0.9309293766,0.818546477225,optimal,-1.13253046608,1.26757331262,2.4001037787,True,2.4001037787,
64,exact_sources,0.375077792838,0.267251680907,optimal,0.184063281937,0.369161720889,0.185098438952,True,0.55106765842,0
64,noisy_sources,0.375077792838,0.267251680907,optimal,-0.0130257280921,0.47319696827,0.486222696362,True,0.941697329793,
65,exact_sources,0.740694289631,0.609004982987,optimal,0.599718680887,0.764884757965,0.165166077078,True,0.165166077078,0
65,noisy_sources,0.740694289631,0.609004982987,optimal,0.438010592759,0.89975259987,0.46174200711,True,0.555795748451,
66,exact_sources,-0.497768609377,-0.224329089082,optimal,-0.699728841376,0.947149149883,1.64687799126,True,1.64687799126,0
66,noisy_sources,-0.497768609377,-0.224329089082,optimal,-0.916611332703,1.10162802753,2.01823936024,True,2.03750766263,
67,exact_sources,-0.443973852966,-0.207250477144,optimal,-0.311641032539,-0.00927462298037,0.302366409558,True,0.302366409558,0
67,noisy_sources,-0.443973852966,-0.207250477144,optimal,-0.504959089172,0.188036991759,0.692996080931,True,0.692996080931,
68,exact_sources,0.0148770181445,0.00899260858737,optimal,-0.273231554212,0.216563283258,0.48979483747,True,0.730094693018,0
68,noisy_sources,0.0148770181445,0.00899260858737,optimal,-0.416748283129,0.36148573519,0.778234018319,True,1.12072436439,
69,exact_sources,-0.925742820547,-0.29834576139,optimal,-0.330103355531,-0.26366142519,0.0664419303408,True,0.0664419303408,0
69,noisy_sources,-0.925742820547,-0.29834576139,optimal,-0.449634759638,0.0074368420749,0.457071601713,True,0.457071601713,
70,exact_sources,0.402876184267,0.290418476515,optimal,0.191854705118,0.633825928473,0.441971223356,True,1.03142185013,0
70,noisy_sources,0.402876184267,0.290418476515,optimal,0.0590716643895,0.858205514805,0.799133850415,True,1.4220515215,
71,exact_sources,-0.995615109769,-0.299994231821,optimal,-0.538929218858,-0.0333216657024,0.505607553156,True,0.505607553156,0
71,noisy_sources,-0.995615109769,-0.299994231821,optimal,-0.731487060606,0.163467731648,0.894954792254,True,0.896237224528,
72,exact_sources,-0.271764886417,-0.140902085803,optimal,-0.429522955526,0.172369185867,0.601892141393,True,0.863240150663,0
72,noisy_sources,-0.271764886417,-0.140902085803,optimal,-0.542822240214,0.36831198611,0.911134226325,True,1.25386982204,
73,exact_sources,-0.452954366948,-0.210222322608,optimal,-0.22773388408,-0.179186414644,0.0485474694357,True,0.0485474694357,0
73,noisy_sources,-0.452954366948,-0.210222322608,optimal,-0.413146887954,0.0260302528547,0.439177140808,True,0.439177140808,
74,exact_sources,0.486706279047,0.363088668048,optimal,0.31014197172,0.521111071214,0.210969099494,True,0.524082079724,0
74,noisy_sources,0.486706279047,0.363088668048,optimal,0.159926125795,0.742008718355,0.58208259256,True,0.914711751096,
75,exact_sources,0.359463434104,0.2544422486,optimal,0.208483800835,0.528869157691,0.320385356856,True,0.320385356856,0
75,noisy_sources,0.359463434104,0.2544422486,optimal,0.0179421409658,0.715203425432,0.697261284467,True,0.711015028228,
76,exact_sources,0.713522973291,0.580848293999,optimal,-0.108287965683,0.667801866008,0.776089831691,True,0.776089831691,0
76,noisy_sources,0.713522973291,0.580848293999,optimal,-0.33073550318,0.835983999883,1.16671950306,True,1.16671950306,
77,exact_sources,-0.59838116403,-0.251610693178,optimal,-0.355272433872,-0.0864354943775,0.268836939495,True,0.268836939495,0
77,noisy_sources,-0.59838116403,-0.251610693178,optimal,-0.647715727018,0.0117508838491,0.659466610867,True,0.659466610867,
78,exact_sources,-0.800383154768,-0.28804593453,optimal,-0.544853892406,0.069364564614,0.61421845702,True,0.61421845702,0
78,noisy_sources,-0.800383154768,-0.28804593453,optimal,-0.734528940882,0.27031918751,1.00484812839,True,1.00484812839,
79,exact_sources,-0.933617744947,-0.298678018864,optimal,-0.535896845088,-0.0160556055184,0.51984123957,True,0.51984123957,0
79,noisy_sources,-0.933617744947,-0.298678018864,optimal,-0.69621430843,0.214256602512,0.910470910943,True,0.910470910943,
80,exact_sources,0.573959741772,0.443204780616,optimal,0.401981236955,0.477501711742,0.0755204747867,True,0.282877048983,0
80,noisy_sources,0.573959741772,0.443204780616,optimal,0.16323094779,0.673201841883,0.509970894092,True,0.673506720355,
81,exact_sources,-0.412048396777,-0.19629387368,optimal,-0.462061724949,-0.0367206833915,0.425341041558,True,0.425341041558,0
81,noisy_sources,-0.412048396777,-0.19629387368,optimal,-0.659861170706,0.131598056689,0.791459227395,True,0.81597071293,
82,exact_sources,0.824607132459,0.698757356347,optimal,0.598390739388,0.703967239131,0.105576499743,True,0.105576499743,0
82,noisy_sources,0.824607132459,0.698757356347,optimal,0.439865663545,0.93607183466,0.496206171116,True,0.496206171116,
83,exact_sources,-0.293151711182,-0.150109648978,optimal,-0.153226119303,-0.143571179688,0.00965493961421,True,0.00965493961421,0
83,noisy_sources,-0.293151711182,-0.150109648978,optimal,-0.325242623279,0.0750419877076,0.400284610987,True,0.400284610987,
84,exact_sources,0.773021162745,0.643081213062,optimal,0.639919187408,0.698828084994,0.0589088975858,True,0.0589088975858,0
84,noisy_sources,0.773021162745,0.643081213062,optimal,0.4654672539,0.915005822859,0.449538568958,True,0.449538568958,
85,exact_sources,-0.291763426993,-0.149520286997,optimal,-0.232426189001,-0.108800492915,0.123625696087,True,0.123625696087,0
85,noisy_sources,-0.291763426993,-0.149520286997,optimal,-0.308191313428,0.0986458301041,0.406837143532,True,0.514255367459,
86,exact_sources,0.0432189902702,0.0264917584981,optimal,0.0132550835524,0.0692768273205,0.0560217437682,True,0.0560217437682,0
86,noisy_sources,0.0432189902702,0.0264917584981,optimal,-0.137933542272,0.308717872869,0.446651415141,True,0.446651415141,
87,exact_sources,0.258718370075,0.175311580549,optimal,0.14415736342,0.321062831391,0.17690546797,True,0.17690546797,0
87,noisy_sources,0.258718370075,0.175311580549,optimal,-0.0401012920061,0.501458210189,0.541559502195,True,0.567535139343,
88,exact_sources,-0.157898287161,-0.0872594115702,optimal,-0.217663874545,-0.0315935445798,0.186070329966,True,0.186070329966,0
88,noisy_sources,-0.157898287161,-0.0872594115702,optimal,-0.507349863289,0.069350138049,0.576700001338,True,0.576700001338,
89,exact_sources,0.154324929539,0.0997398128863,optimal,-0.0674765205592,0.147626484691,0.21510300525,True,0.21510300525,0
89,noisy_sources,0.154324929539,0.0997398128863,optimal,-0.280424705428,0.325307971195,0.605732676623,True,0.605732676623,
90,exact_sources,-0.0917422893734,-0.0525203793262,optimal,-0.185065432721,0.356538173188,0.541603605908,True,0.541603605908,0
90,noisy_sources,-0.0917422893734,-0.0525203793262,optimal,-0.37401373614,0.558219541141,0.932233277281,True,0.932233277281,
91,exact_sources,0.642691174256,0.509530288194,optimal,0.471231306195,0.523928092715,0.0526967865195,True,0.148348834697,0
91,noisy_sources,0.642691174256,0.509530288194,optimal,0.20263394296,0.732310434901,0.529676491941,True,0.53897850607,
92,exact_sources,-0.495666989941,-0.223694464489,optimal,-0.656367382044,0.207841869135,0.864209251179,True,1.01156552581,0
92,noisy_sources,-0.495666989941,-0.223694464489,optimal,-0.782686379806,0.407021955003,1.18970833481,True,1.40219519719,
93,exact_sources,0.423339389356,0.307768505188,optimal,0.282910646126,0.467669329592,0.184758683466,True,0.184758683466,0
93,noisy_sources,0.423339389356,0.307768505188,optimal,0.10666193359,0.682050288428,0.575388354838,True,0.575388354838,
94,exact_sources,-0.336989630379,-0.168125174933,optimal,-0.25367284507,0.0133812649925,0.267054110062,True,0.267054110062,0
94,noisy_sources,-0.336989630379,-0.168125174933,optimal,-0.386676782205,0.27100699923,0.657683781435,True,0.657683781435,
95,exact_sources,0.758946658907,0.628168004664,optimal,0.618273076123,0.698853700635,0.0805806245118,True,0.198117660788,0
95,noisy_sources,0.758946658907,0.628168004664,optimal,0.457652112145,0.916595309109,0.458943196964,True,0.588747332161,
96,exact_sources,0.0192112184271,0.0116374523303,optimal,-0.164636807238,0.207241166355,0.371877973593,True,0.695107403311,0
96,noisy_sources,0.0192112184271,0.0116374523303,optimal,-0.299947527474,0.432596180554,0.732543708028,True,1.08573707468,
97,exact_sources,0.886162510547,0.767282704858,optimal,0.558259166651,0.775946039474,0.217686872823,True,0.217686872823,0
97,noisy_sources,0.886162510547,0.767282704858,optimal,0.324722495895,0.93303904009,0.608316544195,True,0.608316544195,
98,exact_sources,0.799347604913,0.671295540992,optimal,0.382367120732,0.691804974792,0.309437854059,True,0.309437854059,0
98,noisy_sources,0.799347604913,0.671295540992,optimal,0.16842286364,0.868490389072,0.700067525432,True,0.700067525432,
99,exact_sources,-0.71587573924,-0.275782021334,optimal,-0.430161210757,-0.0929945615095,0.337166649247,True,0.377155131205,0
99,noisy_sources,-0.71587573924,-0.275782021334,optimal,-0.575366881061,0.0830578367042,0.658424717766,True,0.767784802577,
100,exact_sources,-0.692010791988,-0.271542794324,optimal,-0.436266986062,-0.0261399930369,0.410126993025,True,0.410126993025,0
100,noisy_sources,-0.692010791988,-0.271542794324,optimal,-0.588685081392,0.212071583005,0.800756664397,True,0.800756664397,
101,exact_sources,-0.0686546207825,-0.039778735383,optimal,-0.139641000246,-0.00202691935639,0.13761408089,True,0.13761408089,0
101,noisy_sources,-0.0686546207825,-0.039778735383,optimal,-0.403492213876,0.124751538387,0.528243752262,True,0.528243752262,
102,exact_sources,-0.709943429313,-0.27476015574,optimal,-0.428254468121,-0.153269682758,0.274984785364,True,0.274984785364,0
102,noisy_sources,-0.709943429313,-0.27476015574,optimal,-0.663627932005,0.00198652473127,0.665614456736,True,0.665614456736,
103,exact_sources,-0.548816414632,-0.238930011688,optimal,-0.347401481521,-0.0558255035628,0.291575977959,True,0.291575977959,0
103,noisy_sources,-0.548816414632,-0.238930011688,optimal,-0.427043720298,0.255161929033,0.682205649331,True,0.682205649331,
104,exact_sources,0.428507334889,0.312189961749,optimal,0.215511421782,0.872404425751,0.65689300397,True,1.21343593764,0
104,noisy_sources,0.428507334889,0.312189961749,optimal,0.115837832938,1.13957942572,1.02374159278,True,1.60406560901,
105,exact_sources,0.985440171079,0.882591801881,optimal,0.882588822698,0.882945949209,0.000357126511431,True,0.00082828296698,0
105,noisy_sources,0.985440171079,0.882591801881,optimal,0.680950613686,0.927443618922,0.246493005236,True,0.391457954339,
106,exact_sources,0.501657339569,0.376492429644,optimal,0.322704545781,0.664129723178,0.341425177398,True,0.565354346106,0
106,noisy_sources,0.501657339569,0.376492429644,optimal,0.193861103791,0.820462412941,0.626601309149,True,0.955984017479,
107,exact_sources,0.293287828668,0.201778022334,optimal,0.164894750774,0.388377857912,0.223483107138,True,0.223483107138,0
107,noisy_sources,0.293287828668,0.201778022334,optimal,0.0213554951073,0.635468273618,0.614112778511,True,0.614112778511,
108,exact_sources,0.724306959563,0.591970347239,optimal,0.576371822104,0.600766115383,0.0243942932791,True,0.117231475702,0
108,noisy_sources,0.724306959563,0.591970347239,optimal,0.424302065992,0.796086837332,0.37178477134,True,0.507861147074,
109,exact_sources,-0.0601776469748,-0.0350201834263,optimal,-0.271201448425,0.0665795465132,0.337780994938,True,0.358127743114,0
109,noisy_sources,-0.0601776469748,-0.0350201834263,optimal,-0.471557433466,0.27719998102,0.748757414486,True,0.748757414486,
110,exact_sources,0.928606490021,0.815856898005,optimal,0.593717303994,0.822673658506,0.228956354512,True,0.228956354512,0
110,noisy_sources,0.928606490021,0.815856898005,optimal,0.160543167363,0.780129193247,0.619586025884,False,0.619586025884,
111,exact_sources,-0.990457499666,-0.299972682206,optimal,-0.423126116117,-0.168872284349,0.254253831769,True,0.254253831769,0
111,noisy_sources,-0.990457499666,-0.299972682206,optimal,-0.586394592494,0.0584889106471,0.644883503141,True,0.644883503141,
112,exact_sources,-0.455219262185,-0.210964184312,optimal,-0.581056996885,0.26718806591,0.848245062795,True,1.13113710909,0
112,noisy_sources,-0.455219262185,-0.210964184312,optimal,-0.77524027888,0.578793675479,1.35403395436,True,1.52176678046,
113,exact_sources,0.583488864959,0.452231095635,optimal,0.42646570408,0.664260964275,0.237795260194,True,0.289304213057,0
113,noisy_sources,0.583488864959,0.452231095635,optimal,0.201999612399,0.860403081891,0.658403469492,True,0.679933884429,
114,exact_sources,-0.0760912143777,-0.043917766755,optimal,-0.150529349887,0.104874488395,0.255403838282,True,0.432507740303,0
114,noisy_sources,-0.0760912143777,-0.043917766755,optimal,-0.302249009587,0.114403692201,0.416652701789,True,0.823137411675,
115,exact_sources,0.846225494717,0.722564573203,optimal,0.594161279674,0.72867833616,0.134517056486,True,0.134517056486,0
115,noisy_sources,0.846225494717,0.722564573203,optimal,0.428189190764,0.953335918622,0.525146727858,True,0.525146727858,
116,exact_sources,-0.20791167919,-0.111778827611,optimal,-0.300795847597,0.0389363781841,0.339732225781,True,0.462241439895,0
116,noisy_sources,-0.20791167919,-0.111778827611,optimal,-0.461131085658,0.265209711974,0.726340797632,True,0.852871111268,
117,exact_sources,-0.294920843334,-0.150859014851,optimal,-0.402483144353,0.0909594993509,0.493442643704,True,0.673908979038,0
117,noisy_sources,-0.294920843334,-0.150859014851,optimal,-0.675385696145,0.242342359187,0.917728055332,True,1.06453865041,
118,exact_sources,0.271627527189,0.185110970371,optimal,0.155611830852,0.191761670455,0.0361498396026,True,0.0361498396026,0
118,noisy_sources,0.271627527189,0.185110970371,optimal,-0.0254776111508,0.401301899824,0.426779510975,True,0.426779510975,
119,exact_sources,-0.916772649141,-0.297921962421,optimal,-0.324615482867,-0.273095875734,0.0515196071325,True,0.0515196071325,0
119,noisy_sources,-0.916772649141,-0.297921962421,optimal,-0.637492133315,-0.19534285481,0.442149278505,True,0.442149278505,
120,exact_sources,-0.822108636495,-0.290506398837,optimal,-0.321127501252,-0.253381507897,0.0677459933545,True,0.0677459933545,0
120,noisy_sources,-0.822108636495,-0.290506398837,optimal,-0.415740519823,0.0426351449038,0.458375664727,True,0.458375664727,
121,exact_sources,0.370704592534,0.263649323998,optimal,0.263235533686,0.263726591695,0.000491058008708,True,0.000491058008708,0
121,noisy_sources,0.370704592534,0.263649323998,optimal,-0.0303389222694,0.360781807112,0.391120729381,True,0.391120729381,
122,exact_sources,-0.740819679066,-0.279847668372,optimal,-0.284060050194,-0.274369735655,0.00969031453854,True,0.00969031453854,0
122,noisy_sources,-0.740819679066,-0.279847668372,optimal,-0.455586878133,-0.0552668922217,0.400319985911,True,0.400319985911,
123,exact_sources,-0.731651497039,-0.278396724288,optimal,-0.288878163162,-0.264595796969,0.0242823661938,True,0.0242823661938,0
123,noisy_sources,-0.731651497039,-0.278396724288,optimal,-0.408379459363,0.00653257820345,0.414912037566,True,0.414912037566,
124,exact_sources,-0.268192371932,-0.13933727865,optimal,-0.316660478286,0.159224900099,0.475885378384,True,0.62306856982,0
124,noisy_sources,-0.268192371932,-0.13933727865,optimal,-0.451724728544,0.144424756577,0.596149485121,True,1.01369824119,
125,exact_sources,0.415438766979,0.30104007092,optimal,0.231068748008,0.371165882487,0.140097134479,True,0.417678140148,0
125,noisy_sources,0.415438766979,0.30104007092,optimal,0.0080655532989,0.575806679291,0.567741125992,True,0.808307811521,
126,exact_sources,0.19779176477,0.130411533525,optimal,-0.99625280938,0.573607680407,1.56986048979,True,1.56986048979,0
126,noisy_sources,0.19779176477,0.130411533525,optimal,-1.23120552685,0.729284634314,1.96049016116,True,1.96049016116,
127,exact_sources,0.65627155462,0.522970638793,optimal,0.511070792457,0.663663056911,0.152592264455,True,0.152592264455,0
127,noisy_sources,0.65627155462,0.522970638793,optimal,0.440653266762,0.98387520259,0.543221935827,True,0.543221935827,
128,exact_sources,0.559755398012,0.429851070489,optimal,0.39525914942,0.43421797525,0.0389588258295,True,0.0389588258295,0
128,noisy_sources,0.559755398012,0.429851070489,optimal,0.264478613732,0.62215147181,0.357672858078,True,0.429588497202,
129,exact_sources,0.130274364374,0.0832560416282,optimal,0.0563991551989,0.183806389801,0.127407234603,True,0.127407234603,0
129,noisy_sources,0.130274364374,0.0832560416282,optimal,-0.146580463784,0.371456442191,0.518036905975,True,0.518036905975,
130,exact_sources,0.916043816047,0.801367171504,optimal,0.759926378349,0.80235137549,0.0424249971412,True,0.0424249971412,0
130,noisy_sources,0.916043816047,0.801367171504,optimal,0.535094888685,0.968149557198,0.433054668514,True,0.433054668514,
131,exact_sources,0.411929694886,0.29806363899,optimal,0.25862085518,0.313663951136,0.0550430959564,True,0.102397330114,0
131,noisy_sources,0.411929694886,0.29806363899,optimal,0.0361884876383,0.529215489125,0.493027001487,True,0.493027001487,
132,exact_sources,-0.428886649664,-0.20214886232,optimal,-0.242959763105,-0.126745287728,0.116214475376,True,0.116214475376,0
132,noisy_sources,-0.428886649664,-0.20214886232,optimal,-0.374490668517,0.132353478232,0.506844146749,True,0.506844146749,
133,exact_sources,-0.919777521841,-0.298069306199,optimal,-0.304681389249,-0.290883961104,0.0137974281451,True,0.0137974281451,0
133,noisy_sources,-0.919777521841,-0.298069306199,optimal,-0.429589723055,-0.0251626235375,0.404427099518,True,0.404427099518,
134,exact_sources,0.477270052169,0.35469804211,optimal,0.273948638912,0.407224636231,0.133275997319,True,0.352436306144,0
134,noisy_sources,0.477270052169,0.35469804211,optimal,0.131375843319,0.561396724829,0.43002088151,True,0.743065977516,
135,exact_sources,-0.443923680559,-0.207233738087,optimal,-0.315484539573,-0.143677172835,0.171807366738,True,0.171807366738,0
135,noisy_sources,-0.443923680559,-0.207233738087,optimal,-0.53586011731,0.0265769208005,0.562437038111,True,0.562437038111,
136,exact_sources,-0.88101496159,-0.29575276819,optimal,-0.577763381511,0.0681420830969,0.645905464607,True,0.645905464607,0
136,noisy_sources,-0.88101496159,-0.29575276819,optimal,-0.77234310022,0.178378680062,0.950721780282,True,1.03653513598,
137,exact_sources,0.380992609329,0.272142176106,optimal,0.0588844415876,0.315235716673,0.256351275086,True,0.256351275086,0
137,noisy_sources,0.380992609329,0.272142176106,optimal,-0.223053759818,0.42392718664,0.646980946458,True,0.646980946458,
138,exact_sources,-0.158088589363,-0.0873555529917,optimal,-0.368168677655,0.108222680662,0.476391358317,True,0.608837164934,0
138,noisy_sources,-0.158088589363,-0.0873555529917,optimal,-0.553554337495,0.272573269884,0.826127607379,True,0.999466836307,
139,exact_sources,-0.983055111303,-0.299913861224,optimal,-0.561720540728,-0.000549226023216,0.561171314705,True,0.561171314705,0
139,noisy_sources,-0.983055111303,-0.299913861224,optimal,-0.765231141667,0.186569844411,0.951800986077,True,0.951800986077,
140,exact_sources,-0.377135943022,-0.183612109958,optimal,-0.200043485859,-0.151967605812,0.0480758800472,True,0.0480758800472,0
140,noisy_sources,-0.377135943022,-0.183612109958,optimal,-0.297521111751,0.141184439669,0.43870555142,True,0.43870555142,
141,exact_sources,-0.342734258587,-0.17040052355,optimal,-0.533220296257,0.840350948248,1.37357124451,True,1.37357124451,0
141,noisy_sources,-0.342734258587,-0.17040052355,optimal,-0.685846755943,1.07835415994,1.76420091588,True,1.76420091588,
142,exact_sources,-0.804046778979,-0.288480700551,optimal,-0.345401523851,-0.217299484884,0.128102038967,True,0.128102038967,0
142,noisy_sources,-0.804046778979,-0.288480700551,optimal,-0.546575885315,-0.0436155986088,0.502960286707,True,0.51873171034,
143,exact_sources,0.65401136317,0.520726076849,optimal,0.484916050894,0.549984322856,0.0650682719621,True,0.288232291889,0
143,noisy_sources,0.65401136317,0.520726076849,optimal,0.245075401655,0.735314610202,0.490239208546,True,0.678861963262,
144,exact_sources,-0.682904006953,-0.269835039358,optimal,-0.276715892984,-0.264824770359,0.0118911226246,True,0.0118911226246,0
144,noisy_sources,-0.682904006953,-0.269835039358,optimal,-0.522092434539,-0.119571640542,0.402520793997,True,0.402520793997,
145,exact_sources,-0.34245672232,-0.170291051393,optimal,-0.291476971525,-0.106388466326,0.185088505199,True,0.185088505199,0
145,noisy_sources,-0.34245672232,-0.170291051393,optimal,-0.338966268151,0.0775743563593,0.416540624511,True,0.575718176572,
146,exact_sources,0.646727332597,0.513513272377,optimal,0.47952892376,0.565742755308,0.0862138315484,True,0.464267223263,0
146,noisy_sources,0.646727332597,0.513513272377,optimal,0.265492486134,0.734958143118,0.469465656984,True,0.854896894636,
147,exact_sources,0.855389184246,0.732740707505,optimal,0.726861251141,0.986925962469,0.260064711328,True,0.260064711328,0
147,noisy_sources,0.855389184246,0.732740707505,optimal,0.567299640848,1.17943730731,0.612137666459,True,0.6506943827,
148,exact_sources,-0.85693980474,-0.29386013416,optimal,-0.517694838908,-0.00618216859241,0.511512670315,True,0.511512670315,0
148,noisy_sources,-0.85693980474,-0.29386013416,optimal,-0.733260962068,0.16888137962,0.902142341688,True,0.902142341688,
149,exact_sources,0.465477946607,0.344287683597,optimal,0.268988672639,0.515186858882,0.246198186243,True,0.835672176262,0
149,noisy_sources,0.465477946607,0.344287683597,optimal,0.0324052778715,0.651857330106,0.619452052235,True,1.22630184763,
150,exact_sources,0.774838881437,0.645015916518,optimal,0.642671966107,0.686053700016,0.0433817339088,True,0.0433817339088,0
150,noisy_sources,0.774838881437,0.645015916518,optimal,0.478124847881,0.912136253162,0.434011405281,True,0.434011405281,
151,exact_sources,-0.559081542946,-0.241677274269,optimal,-0.428611893117,-0.113819262542,0.314792630574,True,0.314792630574,0
151,noisy_sources,-0.559081542946,-0.241677274269,optimal,-0.636692531816,0.0257012480857,0.662393779902,True,0.705422301947,
152,exact_sources,-0.901873523842,-0.297111358403,optimal,-0.745890130733,0.323169947545,1.06906007828,True,1.06906007828,0
152,noisy_sources,-0.901873523842,-0.297111358403,optimal,-1.02634149094,0.433348258715,1.45968974965,True,1.45968974965,
153,exact_sources,0.666678734726,0.533345401437,optimal,0.503425573707,0.565065343651,0.0616397699431,True,0.317605157611,0
153,noisy_sources,0.666678734726,0.533345401437,optimal,0.291442654323,0.774017706087,0.482575051764,True,0.708234828984,
154,exact_sources,-0.168147240698,-0.0924062960526,optimal,-0.106994476184,-0.0565881129176,0.0504063632666,True,0.0504063632666,0
154,noisy_sources,-0.168147240698,-0.0924062960526,optimal,-0.276142754208,0.164893280432,0.441036034639,True,0.441036034639,
155,exact_sources,-0.225280854514,-0.119943073685,optimal,-0.191824298746,0.0530299598765,0.244854258623,True,0.244854258623,0
155,noisy_sources,-0.225280854514,-0.119943073685,optimal,-0.281456532679,0.354027397316,0.635483929995,True,0.635483929995,
156,exact_sources,0.416940185076,0.302315846425,optimal,0.237682197097,0.790151311151,0.552469114055,True,0.552469114055,0
156,noisy_sources,0.416940185076,0.302315846425,optimal,0.0766794805732,1.019778266,0.943098785427,True,0.943098785427,
157,exact_sources,0.944667383565,0.834519369811,optimal,0.237472037618,0.863599183237,0.626127145619,True,0.626127145619,0
157,noisy_sources,0.944667383565,0.834519369811,optimal,0.103618817663,0.974305384104,0.870686566441,True,1.01675681699,
158,exact_sources,0.736908065439,0.605054888336,optimal,0.584755094016,0.631616499445,0.0468614054296,True,0.321823796657,0
158,noisy_sources,0.736908065439,0.605054888336,optimal,0.31751729131,0.866725358179,0.549208066869,True,0.71245346803,
159,exact_sources,-0.994192538902,-0.299989882019,optimal,-0.577977550292,0.0165422099104,0.594519760203,True,0.594519760203,0
159,noisy_sources,-0.994192538902,-0.299989882019,optimal,-0.7677882655,0.217361166075,0.985149431575,True,0.985149431575,
160,exact_sources,-0.799146158529,-0.28789732031,optimal,-0.350326065939,-0.235617752665,0.114708313274,True,0.114708313274,0
160,noisy_sources,-0.799146158529,-0.28789732031,optimal,-0.57156203142,-0.129936624966,0.441625406454,True,0.505337984646,
161,exact_sources,-0.422587976752,-0.199978606623,optimal,-0.225655994408,-0.152676942071,0.0729790523373,True,0.0729790523373,0
161,noisy_sources,-0.422587976752,-0.199978606623,optimal,-0.377683859537,-0.0406753499456,0.337008509591,True,0.46360872371,
162,exact_sources,0.511692821866,0.385564556305,optimal,-0.0930212601303,0.470984390144,0.564005650275,True,0.564005650275,0
162,noisy_sources,0.511692821866,0.385564556305,optimal,-0.242712341904,0.635455001317,0.87816734322,True,0.954635321647,
163,exact_sources,-0.435870845309,-0.204527489048,optimal,-0.232783711388,-0.153148348503,0.079635362885,True,0.079635362885,0
163,noisy_sources,-0.435870845309,-0.204527489048,optimal,-0.418885861141,0.0513791731167,0.470265034257,True,0.470265034257,
164,exact_sources,0.785719302718,0.656638028429,optimal,0.638199368645,0.657702633021,0.0195032643756,True,0.0195032643756,0
164,noisy_sources,0.785719302718,0.656638028429,optimal,0.40490356507,0.815036500818,0.410132935748,True,0.410132935748,
165,exact_sources,-0.742803147383,-0.280154933701,optimal,-0.335894117733,-0.229460055691,0.106434062041,True,0.114777704734,0
165,noisy_sources,-0.742803147383,-0.280154933701,optimal,-0.522415134896,-0.0242221299786,0.498193004917,True,0.505407376107,
166,exact_sources,-0.335928784001,-0.167702826024,optimal,-0.555606375677,0.475302997458,1.03090937314,True,1.52332778611,0
166,noisy_sources,-0.335928784001,-0.167702826024,optimal,-0.718304777792,0.707960418629,1.42626519642,True,1.91395745748,
167,exact_sources,0.959573129367,0.851978054801,optimal,0.273053468777,0.877085699231,0.604032230454,True,0.604032230454,0
167,noisy_sources,0.959573129367,0.851978054801,optimal,0.119942421526,1.11460432335,0.994661901826,True,0.994661901826,
168,exact_sources,-0.91178734047,-0.29766555801,optimal,-0.3245632983,-0.272772707945,0.051790590355,True,0.051790590355,0
168,noisy_sources,-0.91178734047,-0.29766555801,optimal,-0.46222282028,-0.0707164356037,0.391506384677,True,0.442420261727,
169,exact_sources,0.985601572347,0.882784081232,optimal,0.649094581453,0.886576295194,0.237481713741,True,0.237481713741,0
169,noisy_sources,0.985601572347,0.882784081232,optimal,0.444066558139,1.04970877346,0.605642215316,True,0.628111385114,
170,exact_sources,0.563143305628,0.433025098179,optimal,0.431169774609,0.448297614581,0.0171278399726,True,0.0171278399726,0
170,noisy_sources,0.563143305628,0.433025098179,optimal,0.258647722296,0.666405233641,0.407757511345,True,0.407757511345,
171,exact_sources,0.145424131157,0.0935989320708,optimal,0.0538865628793,0.104558394076,0.0506718311965,True,0.0506718311965,0
171,noisy_sources,0.145424131157,0.0935989320708,optimal,-0.0972467968619,0.24025104217,0.337497839032,True,0.441301502569,
172,exact_sources,0.25521081187,0.172666254671,optimal,0.0778145122738,0.195250887253,0.117436374979,True,0.117436374979,0
172,noisy_sources,0.25521081187,0.172666254671,optimal,-0.0122399837097,0.495826062642,0.508066046352,True,0.508066046352,
173,exact_sources,0.717038783404,0.584466655115,optimal,0.562012465376,0.616480516436,0.0544680510599,True,0.358126104104,0
173,noisy_sources,0.717038783404,0.584466655115,optimal,0.33693429341,0.789849106395,0.452914812985,True,0.748755775477,
174,exact_sources,-0.990478179855,-0.299972800482,optimal,-0.905802733225,0.526318024702,1.43212075793,True,1.43212075793,0
174,noisy_sources,-0.990478179855,-0.299972800482,optimal,-1.28743574646,0.535314682843,1.8227504293,True,1.8227504293,
175,exact_sources,-0.894182075046,-0.296640770028,optimal,-0.355109762167,-0.229915187691,0.125194574476,True,0.125194574476,0
175,noisy_sources,-0.894182075046,-0.296640770028,optimal,-0.576666853852,-0.0608426080042,0.515824245848,True,0.515824245848,
176,exact_sources,-0.631247117754,-0.259206393551,optimal,-0.284176011085,-0.241853472084,0.0423225390017,True,0.0423225390017,0
176,noisy_sources,-0.631247117754,-0.259206393551,optimal,-0.468759456522,-0.035807246148,0.432952210374,True,0.432952210374,
177,exact_sources,0.686131383231,0.552911712455,optimal,0.523773195358,0.889383388426,0.365610193068,True,0.663963455229,0
177,noisy_sources,0.686131383231,0.552911712455,optimal,0.368072209419,1.04884598878,0.680773779364,True,1.0545931266,
178,exact_sources,-0.653783430129,-0.264040226024,optimal,-0.28881692371,-0.228430244871,0.0603866788383,True,0.0603866788383,0
178,noisy_sources,-0.653783430129,-0.264040226024,optimal,-0.618823583417,-0.167807233206,0.451016350211,True,0.451016350211,
179,exact_sources,-0.311956183088,-0.157978711803,optimal,-0.203734942413,-0.0609941219473,0.142740820466,True,0.142740820466,0
179,noisy_sources,-0.311956183088,-0.157978711803,optimal,-0.380451695725,0.152918796114,0.533370491839,True,0.533370491839,
180,exact_sources,0.201915248518,0.133380079386,optimal,0.0954911893955,0.248405997961,0.152914808565,True,0.200380514341,0
180,noisy_sources,0.201915248518,0.133380079386,optimal,-0.0740649706348,0.34372600335,0.417790973984,True,0.591010185713,
181,exact_sources,-0.883856678976,-0.295953218694,optimal,-0.854552963122,0.549550360558,1.40410332368,True,1.40410332368,0
181,noisy_sources,-0.883856678976,-0.295953218694,optimal,-1.03994358236,0.754789412695,1.79473299505,True,1.79473299505,
182,exact_sources,0.257729546126,0.174565083359,optimal,0.123866291283,0.186366561654,0.0625002703712,True,0.0625002703712,0
182,noisy_sources,0.257729546126,0.174565083359,optimal,-0.0919030383683,0.361226903375,0.453129941744,True,0.453129941744,
183,exact_sources,0.202190911954,0.133578896635,optimal,-0.00612163048892,0.220505071429,0.226626701918,True,0.39506743623,0
183,noisy_sources,0.202190911954,0.133578896635,optimal,-0.253479627518,0.305961948531,0.55944157605,True,0.785697107602,
184,exact_sources,0.753698958996,0.622638011635,optimal,0.604599113457,0.675745221025,0.0711461075674,True,0.535634093157,0
184,noisy_sources,0.753698958996,0.622638011635,optimal,0.473703451276,0.889061919155,0.415358467879,True,0.92626376453,
185,exact_sources,0.928374368678,0.815588311732,optimal,-0.12694280466,0.887331127393,1.01427393205,True,1.01427393205,0
185,noisy_sources,0.928374368678,0.815588311732,optimal,-0.350608937041,1.05429466638,1.40490360343,True,1.40490360343,
186,exact_sources,-0.63103530451,-0.259159516045,optimal,-0.616366627837,0.0226937144004,0.639060342237,True,0.639060342237,0
186,noisy_sources,-0.63103530451,-0.259159516045,optimal,-0.83382759669,0.19586241692,1.02969001361,True,1.02969001361,
187,exact_sources,0.240615511817,0.161738054448,optimal,0.00891444834537,0.199894540314,0.190980091968,True,0.190980091968,0
187,noisy_sources,0.240615511817,0.161738054448,optimal,-0.205361348832,0.376248414509,0.581609763341,True,0.581609763341,
188,exact_sources,0.632179649245,0.499203122223,optimal,0.480659334753,0.712859111311,0.232199776558,True,0.232199776558,0
188,noisy_sources,0.632179649245,0.499203122223,optimal,0.328438171771,0.951267619701,0.62282944793,True,0.62282944793,
189,exact_sources,0.527620017736,0.400086875576,optimal,-0.436139680324,0.572100135902,1.00823981623,True,1.00823981623,0
189,noisy_sources,0.527620017736,0.400086875576,optimal,-0.581864417339,0.817005070258,1.3988694876,True,1.3988694876,
190,exact_sources,0.956500636021,0.848368421625,optimal,0.559722809214,0.85616934236,0.296446533146,True,0.296446533146,0
190,noisy_sources,0.956500636021,0.848368421625,optimal,0.372242132011,1.05931833653,0.687076204518,True,0.687076204518,
191,exact_sources,-0.602583149485,-0.252617954078,optimal,-0.292420671103,-0.191756972394,0.100663698709,True,0.100663698709,0
191,noisy_sources,-0.602583149485,-0.252617954078,optimal,-0.458540222991,-0.0145755331069,0.443964689884,True,0.491293370081,
192,exact_sources,0.7212186183,0.588778059595,optimal,0.57474085055,0.605973011318,0.0312321607681,True,0.212857136926,0
192,noisy_sources,0.7212186183,0.588778059595,optimal,0.380715671949,0.820131623508,0.439415951559,True,0.603486808298,
193,exact_sources,0.534008820746,0.405954918638,optimal,0.394643799508,0.471036464495,0.0763926649865,True,0.101718749076,0
193,noisy_sources,0.534008820746,0.405954918638,optimal,0.291209385031,0.696114445339,0.404905060307,True,0.492348420449,
194,exact_sources,-0.221163587804,-0.118024152911,optimal,-0.314552079203,0.0360602641282,0.350612343331,True,0.467437242336,0
194,noisy_sources,-0.221163587804,-0.118024152911,optimal,-0.46182646531,0.330935877385,0.792762342695,True,0.858066913709,
195,exact_sources,0.427485929123,0.311314823353,optimal,0.242624339433,0.580597687778,0.337973348345,True,0.619638972861,0
195,noisy_sources,0.427485929123,0.311314823353,optimal,0.00934806139866,0.79798030908,0.788632247682,True,1.01026864423,
196,exact_sources,-0.535165311982,-0.235178613845,optimal,-0.268775560977,-0.213999933984,0.0547756269934,True,0.0547756269934,0
196,noisy_sources,-0.535165311982,-0.235178613845,optimal,-0.535528026551,-0.119293060331,0.41623496622,True,0.445405298366,
197,exact_sources,-0.21043551885,-0.112976379032,optimal,-0.244772624981,-0.0530425507975,0.191730074184,True,0.191730074184,0
197,noisy_sources,-0.21043551885,-0.112976379032,optimal,-0.504763593654,0.0775961519028,0.582359745556,True,0.582359745556,
198,exact_sources,0.953604294441,0.844970921777,optimal,0.271219509686,0.870637142491,0.599417632806,True,0.599417632806,0
198,noisy_sources,0.953604294441,0.844970921777,optimal,0.0167494686098,1.00679677279,0.990047304178,True,0.990047304178,
199,exact_sources,-0.132407754453,-0.0741851086402,optimal,-0.115794094128,0.0353859785443,0.151180072673,True,0.151180072673,0
199,noisy_sources,-0.132407754453,-0.0741851086402,optimal,-0.257622176036,0.17292374313,0.430545919166,True,0.541809744045,
