k,method,n,coverage,analytic,mc_lower,mc_upper,mean_width,temperature
1,pointwise_after_max,50000,0.95166,0.95,0.949745056323,0.953505547677,3.91992796908,
1,gaussian_bonferroni,50000,0.95166,0.95,0.949745056323,0.953505547677,3.91992796908,
1,theorem_Rinf_max,50000,0.99322,0.993396459204,0.992461855057,0.993902363393,5.43240606296,
1,continuous_Rinf,50000,0.99322,,0.992461855057,0.993902363393,5.43240606296,0.25
1,continuous_R2_invalid,50000,0.99322,,0.992461855057,0.993902363393,5.43240606296,0.25
1,continuous_Rinf,50000,0.99322,,0.992461855057,0.993902363393,5.43240606296,1
1,continuous_R2_invalid,50000,0.99322,,0.992461855057,0.993902363393,5.43240606296,1
1,continuous_mixture_Rinf,50000,0.99322,,0.992461855057,0.993902363393,5.43240606296,
2,pointwise_after_max,50000,0.90152,0.9025,0.898877363047,0.904100944791,3.91992796908,
2,gaussian_bonferroni,50000,0.95044,0.950625,0.948502801157,0.952307990292,4.48280545521,
2,theorem_Rinf_max,50000,0.99368,0.993864928553,0.992946449723,0.994337698049,5.9208287492,
2,continuous_Rinf,50000,0.99388,,0.993157426778,0.994526690265,5.9208287492,0.25
2,continuous_R2_invalid,50000,0.98566,,0.984579981906,0.986665398111,4.76387199005,0.25
2,continuous_Rinf,50000,0.99722,,0.996718731663,0.9976448722,5.9208287492,1
2,continuous_R2_invalid,50000,0.98346,,0.982304369082,0.984541348958,4.0814404533,1
2,continuous_mixture_Rinf,50000,0.99524,,0.994597482662,0.995806425421,5.9208287492,
4,pointwise_after_max,50000,0.8176,0.81450625,0.814190742198,0.820960459659,3.91992796908,
4,gaussian_bonferroni,50000,0.95202,0.950929711914,0.950111686019,0.953858862668,4.99541094882,
4,theorem_Rinf_max,50000,0.99484,0.994241515639,0.994172852204,0.995431117338,6.37192204298,
4,continuous_Rinf,50000,0.99504,,0.994385041704,0.995618897109,6.37192204298,0.25
4,continuous_R2_invalid,50000,0.9689,,0.967342071787,0.970385883347,4.35725053869,0.25
4,continuous_Rinf,50000,0.9993,,0.999026674112,0.999496610167,6.37192204298,1
4,continuous_R2_invalid,50000,0.96024,,0.958491663916,0.961917621797,3.06867068115,1
4,continuous_mixture_Rinf,50000,0.9961,,0.995514261446,0.996609514501,6.37192204298,
8,pointwise_after_max,50000,0.65996,0.663420431289,0.655795570101,0.664099852597,3.91992796908,
8,gaussian_bonferroni,50000,0.95012,0.951080184404,0.948177016981,0.951993823634,5.46873757307,
8,theorem_Rinf_max,50000,0.99444,0.994553997563,0.993749171459,0.995054859542,6.79312652365,
8,continuous_Rinf,50000,0.99482,,0.99415164652,0.995412326095,6.79312652365,0.25
8,continuous_R2_invalid,50000,0.9213,,0.91890729123,0.923627977479,4.06185250802,0.25
8,continuous_Rinf,50000,0.99978,,0.999606063544,0.999877146984,6.79312652365,1
8,continuous_R2_invalid,50000,0.914,,0.911510629664,0.916425760665,2.29815466916,1
8,continuous_mixture_Rinf,50000,0.9959,,0.995300534137,0.99642327254,6.79312652365,
16,pointwise_after_max,50000,0.43974,0.440126668652,0.435394126629,0.444095132112,3.91992796908,
16,gaussian_bonferroni,50000,0.9506,0.951154957431,0.948665701458,0.952465065407,5.910333695,
16,theorem_Rinf_max,50000,0.9953,0.994819338465,0.994661266314,0.99586263255,7.18969717101,
16,continuous_Rinf,50000,0.99568,,0.995065818768,0.996218021711,7.18969717101,0.25
16,continuous_R2_invalid,50000,0.82374,,0.82037525273,0.827055005736,3.78982875621,0.25
16,continuous_Rinf,50000,0.99998,,0.999886710299,0.9999964695,7.18969717101,1
16,continuous_R2_invalid,50000,0.87362,,0.870678783728,0.876503810849,1.69761571811,1
16,continuous_mixture_Rinf,50000,0.99658,,0.996028730859,0.997054971338,7.18969717101,
32,pointwise_after_max,50000,0.19528,0.193711484459,0.191828787758,0.198778031418,3.91992796908,
32,gaussian_bonferroni,50000,0.951,0.951192229078,0.94907297637,0.952857729037,6.32563593124,
32,theorem_Rinf_max,50000,0.9947,0.995048635312,0.994024461427,0.995299529625,7.56550876381,
32,continuous_Rinf,50000,0.99548,,0.994852766217,0.996031104992,7.56550876381,0.25
32,continuous_R2_invalid,50000,0.68074,,0.6766399885,0.684812241423,3.54384217198,0.25
32,continuous_Rinf,50000,1,,0.999923176726,1,7.56550876381,1
32,continuous_R2_invalid,50000,0.83792,,0.834663862106,0.841124217652,1.24154942047,1
32,continuous_mixture_Rinf,50000,0.9961,,0.995514261446,0.996609514501,7.56550876381,
64,pointwise_after_max,50000,0.03868,0.0375241392111,0.0370249248991,0.0404059553265,3.91992796908,
64,gaussian_bonferroni,50000,0.95094,0.951210836301,0.949011882922,0.952798831703,6.71870743587,
64,theorem_Rinf_max,50000,0.99506,0.995249543207,0.994406274234,0.995637661505,7.92351565278,
64,continuous_Rinf,50000,0.99568,,0.995065818768,0.996218021711,7.92351565278,0.25
64,continuous_R2_invalid,50000,0.55664,,0.552281411538,0.560989885922,3.30827462383,0.25
64,continuous_Rinf,50000,1,,0.999923176726,1,7.92351565278,1
64,continuous_R2_invalid,50000,0.81388,,0.810444476336,0.817267297085,0.898057925517,1
64,continuous_mixture_Rinf,50000,0.99628,,0.9957069227,0.996776825591,7.92351565278,
128,pointwise_after_max,50000,0.00158,0.00140806102354,0.00126806870463,0.00196851180797,3.91992796908,
128,gaussian_bonferroni,50000,0.9526,0.951220132776,0.950702428481,0.954428031091,7.09267577473,
128,theorem_Rinf_max,50000,0.99586,0.995427566581,0.995257829505,0.996385983318,8.2660315596,
128,continuous_Rinf,50000,0.99652,,0.995964294484,0.996999416932,8.2660315596,0.25
128,continuous_R2_invalid,50000,0.49174,,0.487358788206,0.496122480914,3.0706421004,0.25
128,continuous_Rinf,50000,1,,0.999923176726,1,8.2660315596,1
128,continuous_R2_invalid,50000,0.79786,,0.794317097996,0.801357136843,0.643681775954,1
128,continuous_mixture_Rinf,50000,0.99692,,0.996394645094,0.997369004864,8.2660315596,
