source,events_cheap,n_cheap,events_expensive,n_expensive,p_cheap,p_expensive,effect_rd,variance_rd,se_rd,ci_low,ci_high,n_total,Country,Language,Weird,Setting,context
armstrong,15,41,10,43,0.36585365853658536,0.23255813953488372,0.13329551900170164,0.010049520197536601,0.10024729521307096,-0.06318556916347201,0.3297766071668753,84,USA,English,1,In a lab,WEIRD
aus2,56,85,57,94,0.6588235294117647,0.6063829787234043,0.0524405506883604,0.005242374121783064,0.07240424104831887,-0.0894691540943012,0.194350255471022,179,United Arab Emirates,English,0,In a lab,non-WEIRD
badaniaon,9,16,13,27,0.5625,0.48148148148148145,0.08101851851851855,0.026008444787379972,0.1612713390140355,-0.23506749768754037,0.39710453472457746,43,Poland,Polish,1,Online (at home),WEIRD
bogota,27,47,19,55,0.574468085106383,0.34545454545454546,0.22901353965183757,0.00950155617805208,0.09747592614616227,0.03796423504567334,0.4200628442580018,102,Colombia,Spanish,0,In a lab,non-WEIRD
brookcuny,42,82,31,99,0.5121951219512195,0.31313131313131315,0.19906380881990637,0.005279278526752845,0.07265864385434706,0.05665548369986359,0.34147213393994913,181,USA,English,1,Online (at home),WEIRD
carleton,29,58,14,63,0.5,0.2222222222222222,0.2777777777777778,0.007173698882810371,0.08469769113033938,0.11177335358861501,0.44378220196694057,121,Canada,English,1,Online (at home),WEIRD
cas,18,23,13,25,0.782608695652174,0.52,0.26260869565217393,0.018133287506444405,0.13465989568703968,-0.001319850056344385,0.5265372413606922,48,China,Chinese (simplified),0,In a lab,non-WEIRD
csunorthonline,24,45,11,43,0.5333333333333333,0.2558139534883721,0.2775193798449612,0.01018926029201854,0.10094186590319469,0.07967695814242792,0.4753618015474945,88,USA,English,1,Online (at home),WEIRD
fmkbelgrade,35,53,29,51,0.660377358490566,0.5686274509803921,0.09174990751017387,0.009218865130276917,0.09601492139390064,-0.0964358804003157,0.27993569542066343,104,Serbia,Serbian,0,In a lab,non-WEIRD
georgefox,33,78,14,62,0.4230769230769231,0.22580645161290322,0.19727047146401985,0.0060357741967640224,0.07769024518409003,0.04500038895311703,0.3495405539749227,140,USA,English,1,Online (at home),WEIRD
grazvienna,23,48,17,54,0.4791666666666667,0.3148148148148148,0.16435185185185186,0.009379847268410447,0.09684961160691584,-0.02546989881439557,0.35417360251809926,102,Austria,German,1,Online (at home),WEIRD
hawaiion,33,65,22,56,0.5076923076923077,0.39285714285714285,0.11483516483516482,0.008242060137664535,0.09078579259809617,-0.0631017189650267,0.29277204863535633,121,USA,English,1,Online (at home),WEIRD
help,36,41,28,49,0.8780487804878049,0.5714285714285714,0.3066202090592335,0.007779018805618618,0.08819874605468389,0.13375384331045886,0.4794865748080081,90,Malaysia,English,0,In a lab,non-WEIRD
jmu,16,34,12,50,0.47058823529411764,0.24,0.23058823529411765,0.011271992861315649,0.10616964190066598,0.022499560917297684,0.43867690967093764,84,USA,English,1,Online (at home),WEIRD
jos,48,57,28,35,0.8421052631578947,0.8,0.042105263157894646,0.007080239297935241,0.08414415783603305,-0.1228142557101839,0.2070247820259732,92,Nigeria,English,0,In a lab,non-WEIRD
kenyon,15,50,12,56,0.3,0.21428571428571427,0.08571428571428572,0.007346938775510204,0.08571428571428572,-0.08228262724629035,0.2537111986748618,106,USA,English,1,In a lab,WEIRD
krakowon,44,50,31,49,0.88,0.6326530612244898,0.24734693877551017,0.006996834652228237,0.08364708394336431,0.08340166683471747,0.41129221071630284,99,Poland,Polish,1,Online (at home),WEIRD
kwazulu,35,43,21,34,0.813953488372093,0.6176470588235294,0.1963064295485636,0.010761891022145793,0.10373953451864816,-0.007019321880936541,0.39963218097806374,77,South Africa,English,0,In a lab,non-WEIRD
louvain,29,54,20,46,0.5370370370370371,0.43478260869565216,0.10225442834138493,0.01015213680256831,0.100757812613059,-0.09522725554124628,0.29973611222401614,100,Belgium,French,1,In a lab,WEIRD
loyola,73,149,52,144,0.4899328859060403,0.3611111111111111,0.12882177479492918,0.003301860193629333,0.05746181509167051,0.01619868672895483,0.24144486286090353,293,USA,English,1,In a lab,WEIRD
lse,28,57,20,55,0.49122807017543857,0.36363636363636365,0.12759170653907492,0.00874818867767747,0.09353175224316858,-0.05572715926845889,0.31091057234660874,112,UK,English,1,In a lab,WEIRD
mcdanielonline,37,86,20,73,0.43023255813953487,0.273972602739726,0.15625995539980886,0.005646573141422907,0.07514368331019519,0.008981042446142729,0.303538868353475,159,USA,English,1,Online (at home),WEIRD
metu,20,56,17,69,0.35714285714285715,0.2463768115942029,0.11076604554865424,0.006904915830111618,0.08309582318090132,-0.052098775151620896,0.2736308662489294,125,Turkey,Turkish,0,Online (at home),non-WEIRD
moralsense,134,416,70,418,0.32211538461538464,0.1674641148325359,0.15465126978284874,0.0008605018510395121,0.029334311838519617,0.09715707506808335,0.21214546449761412,834,USA,English,1,Online (at home),WEIRD
mturk,58,168,20,170,0.34523809523809523,0.11764705882352941,0.22759103641456582,0.00196782338402839,0.04436015536524179,0.14064672955009067,0.314535343279041,338,USA,English,1,Online (at home),WEIRD
munich,28,47,12,37,0.5957446808510638,0.32432432432432434,0.27142035652673946,0.01132266729473754,0.10640802269912518,0.06286446437033355,0.47997624868314537,84,Germany,German,1,In a classroom,WEIRD
munichon,32,111,20,103,0.2882882882882883,0.1941747572815534,0.09411353100673489,0.0033992845557433383,0.05830338374179785,-0.020159001304007038,0.20838606331747683,214,Germany,German,1,Online (at home),WEIRD
northumbria,25,48,6,31,0.5208333333333334,0.1935483870967742,0.3272849462365592,0.010512827934234187,0.10253208246316949,0.12632575734885612,0.5282441351242623,79,UK,English,1,In a lab,WEIRD
osnabruck,23,41,19,44,0.5609756097560976,0.4318181818181818,0.1291574279379158,0.011862892158381603,0.10891690483291197,-0.08431578284216823,0.3426306387179998,85,Germany,German,1,In a classroom,WEIRD
ouhk,20,31,20,37,0.6451612903225806,0.5405405405405406,0.10462074978204006,0.014529730675637249,0.12053933248378824,-0.13163200060668392,0.340873500170764,68,"Hong Kong, China",Chinese (traditional),0,In a lab,non-WEIRD
padua,19,44,13,35,0.4318181818181818,0.37142857142857144,0.06038961038961038,0.012572589481689274,0.11212755897498738,-0.1593763668757558,0.28015558765497656,79,Italy,Italian,1,In a lab,WEIRD
pascal,41,95,27,83,0.43157894736842106,0.3253012048192771,0.10627774254914396,0.005286361312159116,0.07270736766077504,-0.03622607947668735,0.24878156457497527,178,France,French,1,Online (at home),WEIRD
psualtoona,45,88,23,89,0.5113636363636364,0.25842696629213485,0.2529366700715015,0.005049834273791394,0.07106218596265804,0.11365734492200397,0.39221599522099904,177,USA,English,1,In a lab,WEIRD
puc,25,41,29,40,0.6097560975609756,0.725,-0.11524390243902438,0.011061019463384128,0.10517138138954023,-0.32137602216684935,0.09088821728880056,81,Chile,Spanish,1,Online (at home),WEIRD
queensland2,43,86,20,51,0.5,0.39215686274509803,0.10784313725490197,0.0077085736255286435,0.08779848304799259,-0.06423872741641398,0.27992500192621794,137,Australia,English,1,In a lab,WEIRD
radboud,14,20,3,10,0.7,0.3,0.39999999999999997,0.0343859649122807,0.18543452998910612,0.03655499973123938,0.7634450002687605,30,The Netherlands,Dutch,1,,WEIRD
ritonline,26,43,12,43,0.6046511627906976,0.27906976744186046,0.3255813953488372,0.010481856344484793,0.10238093740772641,0.12491844532624385,0.5262443453714305,86,USA,English,1,Online (at home),WEIRD
rotterdam,19,36,10,41,0.5277777777777778,0.24390243902439024,0.28387533875338755,0.01173116226903655,0.10831049011539257,0.0715906789793366,0.49615999852743853,77,The Netherlands,English,1,In a lab,WEIRD
salford,20,50,14,53,0.4,0.2641509433962264,0.1358490566037736,0.008635944231733278,0.09292978118845044,-0.04628996761677706,0.3179880808243243,103,UK,English,1,In a classroom,WEIRD
seznam,26,42,17,43,0.6190476190476191,0.3953488372093023,0.22369878183831676,0.011443516494744864,0.10697437307479238,0.014032863342972407,0.43336470033366115,85,Czech Republic,Czech,1,In a lab,WEIRD
seznamon,21,45,21,73,0.4666666666666667,0.2876712328767123,0.17899543378995436,0.008502628082286554,0.09220969624874899,-0.0017322498829717703,0.3597231174628805,118,Czech Republic,Czech,1,Online (at home),WEIRD
simmons,13,42,9,54,0.30952380952380953,0.16666666666666666,0.14285714285714288,0.007833199240733262,0.08850536277951332,-0.030610180629355055,0.3163244663436408,96,USA,English,1,In a lab,WEIRD
swps,31,39,25,50,0.7948717948717948,0.5,0.2948717948717948,0.009392846726565639,0.09691669993641776,0.10491855349594068,0.48482503624764894,89,Poland,Polish,1,In a lab,WEIRD
tamu,22,44,10,41,0.5,0.24390243902439024,0.25609756097560976,0.010424304469930689,0.10209948320109505,0.05598625106131119,0.45620887088990836,85,USA,English,1,In a lab,WEIRD
tamucc,19,47,12,42,0.40425531914893614,0.2857142857142857,0.11854103343465044,0.010213099841823257,0.10105988245502394,-0.07953269645904779,0.3166147633283487,89,USA,English,1,In a lab,WEIRD
tanzania,23,30,19,30,0.7666666666666667,0.6333333333333333,0.13333333333333341,0.014176245210727969,0.11906403827658446,-0.10002789354267058,0.36669456020933744,60,Tanzania,English,0,In a lab,non-WEIRD
tanzaniaon,7,8,5,7,0.875,0.7142857142857143,0.1607142857142857,0.049638605442176874,0.22279722943110597,-0.2759602598259894,0.5973888312545608,15,Tanzania,English,0,Online (at home),non-WEIRD
tilburg,27,41,20,54,0.6585365853658537,0.37037037037037035,0.28816621499548334,0.010021581308118765,0.10010784838422393,0.09195843759260819,0.4843739923983585,95,The Netherlands,Dutch,1,In a lab,WEIRD
tilburgcaf,25,39,14,42,0.6410256410256411,0.3333333333333333,0.30769230769230776,0.011475627057734295,0.10712435324301517,0.09773243346885149,0.517652181915764,81,The Netherlands,Dutch,1,Other (please indicate),WEIRD
ulatina,77,97,73,110,0.7938144329896907,0.6636363636363637,0.130178069353327,0.003752846626051269,0.06126048176476634,0.010109731418812232,0.25024640728784175,207,Costa Rica,Spanish,0,In a lab,non-WEIRD
umich,17,45,10,41,0.37777777777777777,0.24390243902439024,0.13387533875338753,0.009952662990537271,0.09976303418870774,-0.06165661524491775,0.3294072927516928,86,USA,English,1,In a lab,WEIRD
uned,19,37,20,49,0.5135135135135135,0.40816326530612246,0.10535024820739103,0.011971997099252635,0.10941662167720513,-0.10910238958997559,0.31980288600475765,86,Spain,Spanish,1,Online (at home),WEIRD
unswonline,18,46,13,51,0.391304347826087,0.2549019607843137,0.13640238704177327,0.009091544694530024,0.09534959199980891,-0.05047937921844067,0.32328415330198723,97,Australia,English,1,Online (at home),WEIRD
vcu,23,48,9,48,0.4791666666666667,0.1875,0.2916666666666667,0.008551270685579196,0.09247308086994396,0.11042275862211667,0.47291057471121667,96,USA,English,1,In a lab,WEIRD
vuw,15,55,11,45,0.2727272727272727,0.24444444444444444,0.02828282828282827,0.007870625446383022,0.08871654550523832,-0.14559840574024766,0.2021640623059042,100,New Zealand,English,1,Online (at home),WEIRD
westernkentucky,51,84,22,77,0.6071428571428571,0.2857142857142857,0.3214285714285714,0.005559024497560597,0.07455886598896604,0.1752958793620496,0.4675612634950932,161,USA,English,1,In a lab,WEIRD
yale,51,137,23,145,0.3722627737226277,0.15862068965517243,0.2136420840674553,0.002645065542637937,0.05143020068634709,0.11284074300454783,0.3144434251303628,282,USA,English,1,Online (at home),WEIRD
