instance,dimension,candidate_count,budget,exhaustive_subset_count,optimal_information_gain,greedy_information_gain,greedy_to_optimal_ratio,random_mean_information_gain,random_mean_to_optimal_ratio,random_q10_to_optimal_ratio,random_q90_to_optimal_ratio,greedy_subset,optimal_subset,random_subsets_per_instance,seed
0,6,12,4,495,5.3696593776558075,5.3696593776558075,1.0,3.8692203146025204,0.7205709044977965,0.5826932427770972,0.8678991510100079,0 2 8 10,0 2 8 10,250,2026091604
1,6,12,4,495,4.743167717910255,4.743167717910256,1.0000000000000002,3.2137632745320834,0.6775563222014851,0.5270998040750735,0.8290447262476255,0 1 3 10,0 1 3 10,250,2026091604
2,6,12,4,495,5.359947688381651,5.359947688381651,1.0,3.4842374004079955,0.6500506353747649,0.49818366857073043,0.8174284711583731,3 7 9 11,3 7 9 11,250,2026091604
3,6,12,4,495,4.216028415435597,4.216028415435597,1.0,2.598274389946102,0.616284838222005,0.4688432407503537,0.8060663803116873,4 7 10 11,4 7 10 11,250,2026091604
4,6,12,4,495,4.355162606250863,4.355162606250862,0.9999999999999998,2.665039055770354,0.6119264185326366,0.44641530724751294,0.8162367863739369,7 9 10 11,7 9 10 11,250,2026091604
5,6,12,4,495,4.282683237148268,4.282683237148268,1.0,3.160495539341897,0.7379708851515229,0.6074263535361764,0.8713536744614153,4 8 9 11,4 8 9 11,250,2026091604
6,6,12,4,495,4.537234753696375,4.537234753696376,1.0000000000000002,3.103515129445749,0.6840102612978952,0.5295190415536203,0.8179623792219868,2 3 7 11,2 3 7 11,250,2026091604
7,6,12,4,495,3.6677065088431386,3.6677065088431386,1.0,2.8663016947926243,0.781497016700147,0.6637671161238891,0.8868383964903387,1 2 7 8,1 2 7 8,250,2026091604
8,6,12,4,495,4.221736622881865,4.221736622881865,1.0,3.5227330733093076,0.8344274851766097,0.7235458911037731,0.9345182294647338,0 2 3 10,0 2 3 10,250,2026091604
9,6,12,4,495,3.3649226964876693,3.3649226964876693,1.0,2.373255829749181,0.7052928235844474,0.5272314432580282,0.8644691676103491,0 5 7 8,0 5 7 8,250,2026091604
10,6,12,4,495,4.8119998653182074,4.8119998653182074,1.0,3.351433012141739,0.6964740452917938,0.5398025342716652,0.8591747426831178,1 4 10 11,1 4 10 11,250,2026091604
11,6,12,4,495,5.240709793327499,5.21224011652821,0.9945675914290204,3.6364377829450167,0.6938826850467755,0.5323050921491975,0.8481006220164959,0 3 8 10,3 4 8 10,250,2026091604
12,6,12,4,495,3.796154465674594,3.796154465674594,1.0,2.755258548093235,0.7258025385970729,0.6113559589110569,0.8515612328620383,1 7 8 9,1 7 8 9,250,2026091604
13,6,12,4,495,3.9786365872097607,3.9786365872097598,0.9999999999999998,2.623326558897604,0.6593531480937185,0.49151099047866814,0.8409724960349767,2 5 8 9,2 5 8 9,250,2026091604
14,6,12,4,495,5.2929569490946475,5.2929569490946475,1.0,3.8776264843499426,0.7326011757970571,0.6057587287930446,0.8733967225009672,0 1 2 9,0 1 2 9,250,2026091604
15,6,12,4,495,4.192882379416945,4.192882379416945,1.0,3.0683229011222304,0.7317932208603729,0.5896388877087237,0.8820900752277014,5 6 8 10,5 6 8 10,250,2026091604
16,6,12,4,495,3.8672437766106396,3.867243776610639,0.9999999999999999,2.9818124831318773,0.7710433206114617,0.6577147311473487,0.8990046856016155,1 5 9 10,1 5 9 10,250,2026091604
17,6,12,4,495,4.65167469057557,4.65167469057557,1.0,3.349337693451091,0.7200283588697526,0.5924007107932435,0.8490289697068606,5 6 8 11,5 6 8 11,250,2026091604
18,6,12,4,495,3.876557441572243,3.672712820713289,0.9474160711065643,2.8177914343383517,0.7268798352167639,0.5818639756740513,0.8687053299437514,2 6 8 10,0 1 6 10,250,2026091604
19,6,12,4,495,4.342365450477507,4.337914385337906,0.9989749676321896,2.9739344827722745,0.6848650848687198,0.5085578020615412,0.8427389579572635,3 5 6 9,2 3 6 9,250,2026091604
20,6,12,4,495,3.8953199170607977,3.7728131860434697,0.9685502773518625,2.8187643550511083,0.7236284605804597,0.5957928315743904,0.849878323085966,0 4 5 11,0 2 5 11,250,2026091604
21,6,12,4,495,5.357020802566553,5.357020802566553,1.0,3.445139948689475,0.6431074426739031,0.49922734804341773,0.8045165139131977,0 1 4 6,0 1 4 6,250,2026091604
22,6,12,4,495,4.06646139113731,4.06646139113731,1.0,2.988838424725231,0.7349973692703156,0.6196082579867658,0.8556081402887523,1 2 4 5,1 2 4 5,250,2026091604
23,6,12,4,495,4.145432761137649,4.14543276113765,1.0000000000000002,3.3268597164371014,0.802536166459035,0.709443809124907,0.9147057364970911,0 2 6 8,0 2 6 8,250,2026091604
24,6,12,4,495,3.061603798319105,3.061603798319105,1.0,2.008124643681691,0.6559061119483195,0.5079610094662201,0.801162716516431,0 4 9 11,0 4 9 11,250,2026091604
25,6,12,4,495,4.055486917760578,4.055486917760578,1.0,3.1654029868329747,0.7805235354034619,0.6768719830278406,0.8925686409713351,4 5 9 11,4 5 9 11,250,2026091604
26,6,12,4,495,4.834551365217037,4.834551365217037,1.0,3.649746507485735,0.7549297197966346,0.6217333276337551,0.8709927670086073,1 5 8 9,1 5 8 9,250,2026091604
27,6,12,4,495,4.1751875348454295,4.17518753484543,1.0000000000000002,2.762125765992857,0.6615572936402518,0.49131679580664084,0.8214570386593576,1 2 3 10,1 2 3 10,250,2026091604
28,6,12,4,495,3.0481182341177204,3.0481182341177204,1.0,1.8641554254184804,0.6115758255545691,0.47562292735831213,0.7646355168888388,4 6 10 11,4 6 10 11,250,2026091604
29,6,12,4,495,3.2757003994920835,3.2757003994920835,1.0,2.223220022996038,0.6787006599690135,0.5249938910038827,0.8316365653906157,1 2 8 10,1 2 8 10,250,2026091604
30,6,12,4,495,4.258837209224564,4.2588372092245645,1.0000000000000002,3.1912975156904477,0.7493354075093914,0.6239290937858628,0.8779152372157359,2 5 6 11,2 5 6 11,250,2026091604
31,6,12,4,495,4.846942875015742,4.846942875015742,1.0,3.351825435681523,0.6915339260462476,0.5309782023054344,0.8625298002495938,0 6 7 8,0 6 7 8,250,2026091604
32,6,12,4,495,4.609309190614929,4.609309190614929,1.0,3.342438010279795,0.725149446924796,0.6158305479477626,0.8557827786126858,0 2 8 11,0 2 8 11,250,2026091604
33,6,12,4,495,3.7576309172046987,3.7576309172046987,1.0,2.696538468185992,0.7176166386750794,0.5583100984973081,0.8712626259408799,6 8 9 10,6 8 9 10,250,2026091604
34,6,12,4,495,4.479276529075777,4.479276529075777,1.0,3.030315938053024,0.6765190580181213,0.5275177737522849,0.8372807741475987,0 1 5 6,0 1 5 6,250,2026091604
35,6,12,4,495,4.323357919176912,4.323357919176913,1.0000000000000002,3.1334802113288,0.7247792734045384,0.6113288675423065,0.8646323110704295,3 5 7 10,3 5 7 10,250,2026091604
36,6,12,4,495,3.9504281277663233,3.882241809922678,0.9827395118609081,3.1151995156449312,0.7885726343808583,0.6361693546055028,0.9183895800025516,1 2 9 10,0 6 9 10,250,2026091604
37,6,12,4,495,3.1506182009513912,3.1506182009513912,1.0,2.3357312126457703,0.7413564778939099,0.595581876310932,0.8917163157608495,2 3 4 8,2 3 4 8,250,2026091604
38,6,12,4,495,4.454613310961705,4.454613310961704,0.9999999999999996,2.98651249437846,0.6704313676406858,0.5227874274181296,0.8485348518755121,0 3 4 6,0 3 4 6,250,2026091604
39,6,12,4,495,4.536334811031691,4.536334811031692,1.0000000000000002,3.3173640657258017,0.7312873065847049,0.6061966810524663,0.8752479540923406,2 3 8 10,2 3 8 10,250,2026091604
40,6,12,4,495,5.019976358353528,5.01165421729168,0.99834219516831,3.493016004926737,0.6958231982734655,0.555410888844807,0.8419508457425934,4 5 9 11,3 4 9 11,250,2026091604
41,6,12,4,495,5.595014577208254,5.595014577208254,1.0,4.119021279170329,0.7361949146566119,0.6249963741725005,0.8457839175389011,2 3 9 10,2 3 9 10,250,2026091604
42,6,12,4,495,4.481793521436418,4.481793521436417,0.9999999999999998,3.1241191217716597,0.6970689539419873,0.5584906673842721,0.8433696015349157,1 2 3 9,1 2 3 9,250,2026091604
43,6,12,4,495,5.038374479488945,5.038374479488944,0.9999999999999998,3.115252529949677,0.6183050788764842,0.45701620125737447,0.7880924986061941,0 1 7 9,0 1 7 9,250,2026091604
44,6,12,4,495,4.632140700532236,4.632140700532236,1.0,3.341624109357157,0.7213995267832002,0.5866855355473581,0.8558848460477619,4 8 9 10,4 8 9 10,250,2026091604
45,6,12,4,495,5.044465435917907,5.044465435917908,1.0000000000000002,3.757981423304528,0.7449711909108787,0.6152998899760128,0.8716622126054288,0 4 9 10,0 4 9 10,250,2026091604
46,6,12,4,495,4.6522200548931405,4.6522200548931405,1.0,3.1037939050265595,0.6671640353215951,0.5121739646150462,0.8296978236824069,5 6 10 11,5 6 10 11,250,2026091604
47,6,12,4,495,4.211660890811099,4.211660890811099,1.0,3.09098370849959,0.7339108699951187,0.6221236633408559,0.8610640896440016,1 7 8 9,1 7 8 9,250,2026091604
48,6,12,4,495,5.651215869048564,5.651215869048564,1.0,3.523622274539121,0.6235157807079765,0.42881009790952274,0.7946271529429935,3 7 10 11,3 7 10 11,250,2026091604
49,6,12,4,495,4.643226906343418,4.6432269063434175,0.9999999999999998,3.1879480900739265,0.6865802930540957,0.5343591798813655,0.8375052429832297,1 3 7 8,1 3 7 8,250,2026091604
50,6,12,4,495,4.532688628873853,4.532688628873853,1.0,3.331824033732133,0.7350657207088864,0.613909342008932,0.8701549755947209,0 4 9 11,0 4 9 11,250,2026091604
51,6,12,4,495,4.6497205170629385,4.6497205170629385,1.0,3.544731453630463,0.7623536598861091,0.6370815974016674,0.8899353556210102,3 5 6 11,3 5 6 11,250,2026091604
52,6,12,4,495,4.421689135404987,4.421689135404987,1.0,3.61765284345252,0.8181608278351243,0.7313702966639365,0.9017504146399657,3 7 8 11,3 7 8 11,250,2026091604
53,6,12,4,495,4.169817226308471,4.169817226308471,1.0,2.9941542403120884,0.7180540723514652,0.5699181652252853,0.8817837048516243,4 6 9 10,4 6 9 10,250,2026091604
54,6,12,4,495,4.008026914972647,4.008026914972646,0.9999999999999998,2.9396670796906195,0.7334449448702571,0.612326148416816,0.8645919598096669,1 7 8 11,1 7 8 11,250,2026091604
55,6,12,4,495,4.309787718430765,4.309787718430764,0.9999999999999998,2.766458678558217,0.6419013787448239,0.4881587425151631,0.8014126050308484,1 3 5 10,1 3 5 10,250,2026091604
56,6,12,4,495,5.402259222168897,5.402259222168897,1.0,3.3816386891928345,0.6259674980637406,0.46260048111125335,0.7995629445668853,1 5 7 11,1 5 7 11,250,2026091604
57,6,12,4,495,4.970764916628436,4.970764916628437,1.0000000000000002,3.235574155009568,0.6509207756306828,0.47694716934005515,0.8350810760806976,2 5 6 10,2 5 6 10,250,2026091604
58,6,12,4,495,4.388986274965622,4.388986274965622,1.0,3.0794569091480533,0.7016328409849434,0.5744036670602171,0.8393406126961198,1 4 6 10,1 4 6 10,250,2026091604
59,6,12,4,495,4.775099752099387,4.775099752099387,1.0,3.0246535672112578,0.6334220695350834,0.49173046050398395,0.7783182256129589,1 4 9 10,1 4 9 10,250,2026091604
60,6,12,4,495,4.821666862103413,4.821666862103413,1.0,3.492860418998977,0.7244093212767598,0.5852505629126801,0.8543543063634371,4 5 6 11,4 5 6 11,250,2026091604
61,6,12,4,495,5.4631005778971184,5.463100577897119,1.0000000000000002,3.7786953832938224,0.6916759685117009,0.5609505524209215,0.8293486233606377,1 3 6 10,1 3 6 10,250,2026091604
62,6,12,4,495,4.085901226333946,4.085901226333946,1.0,2.977712188469452,0.7287773305134909,0.5930108048729587,0.8803918508516745,5 7 8 9,5 7 8 9,250,2026091604
63,6,12,4,495,4.1945110589445465,4.141648876690137,0.9873972957726065,3.19298062306338,0.7612283239197898,0.6265813657657969,0.8739751824636481,5 7 8 11,4 7 8 11,250,2026091604
64,6,12,4,495,4.450747277578842,4.4507472775788415,0.9999999999999998,2.9763150157316325,0.6687225380612299,0.5324922712132416,0.8138821735710989,0 5 9 10,0 5 9 10,250,2026091604
65,6,12,4,495,6.025625246247875,6.025625246247875,1.0,4.171147703286488,0.6922348358593722,0.5684586023291324,0.8300305027013869,0 6 8 9,0 6 8 9,250,2026091604
66,6,12,4,495,4.3926880965387305,4.392688096538731,1.0000000000000002,3.0589053490137363,0.6963629745130404,0.5773248664296834,0.8735940889447598,5 6 9 10,5 6 9 10,250,2026091604
67,6,12,4,495,3.6041771015456607,3.6041771015456607,1.0,2.5050206609066925,0.6950326219631128,0.5443903141752996,0.8454543336932117,2 6 8 10,2 6 8 10,250,2026091604
68,6,12,4,495,4.575242622211004,4.575242622211004,1.0,3.1835529888615293,0.6958216758618726,0.5695168930794484,0.8106194444274073,1 4 5 8,1 4 5 8,250,2026091604
69,6,12,4,495,4.592426919486063,4.592426919486062,0.9999999999999998,3.2958325537459885,0.7176668483849983,0.5742472548460602,0.8728274161405009,0 5 6 10,0 5 6 10,250,2026091604
70,6,12,4,495,5.038816858512365,5.038816858512365,1.0,2.9581784724570332,0.587077989837954,0.41703950313712373,0.7677983551800397,0 4 8 9,0 4 8 9,250,2026091604
71,6,12,4,495,5.561410614139333,5.561410614139333,1.0,3.735600001681001,0.671700088496183,0.5238115380141074,0.8380349199189839,3 5 8 10,3 5 8 10,250,2026091604
72,6,12,4,495,5.258388818466848,5.258388818466848,1.0,3.3753626970087733,0.6419005542448466,0.45893546598826684,0.8351661463493522,0 4 10 11,0 4 10 11,250,2026091604
73,6,12,4,495,4.568235894692962,4.568235894692963,1.0000000000000002,3.150989147246385,0.68976060341082,0.5511993786164977,0.817182184889456,0 1 4 11,0 1 4 11,250,2026091604
74,6,12,4,495,4.365353909706915,4.365353909706915,1.0,3.1665678474177623,0.7253862832006585,0.5793968393711885,0.8583538899412193,0 1 3 5,0 1 3 5,250,2026091604
75,6,12,4,495,3.620655778755247,3.620655778755247,1.0,2.3054839305571173,0.6367586623630166,0.44706898622768176,0.855137195499115,3 6 7 8,3 6 7 8,250,2026091604
76,6,12,4,495,4.928773184583351,4.928773184583352,1.0000000000000002,4.021423547258875,0.8159076095928772,0.7261972445651989,0.9125984744729148,5 7 8 10,5 7 8 10,250,2026091604
77,6,12,4,495,4.426510832953721,4.426510832953721,1.0,3.3504517073142392,0.7569057964054616,0.6325879696028377,0.8681248752166497,1 3 5 8,1 3 5 8,250,2026091604
78,6,12,4,495,3.7827506733790877,3.7827506733790868,0.9999999999999998,2.674481464337933,0.7070202863644856,0.5874944402126094,0.827972910757739,1 2 5 6,1 2 5 6,250,2026091604
79,6,12,4,495,4.21460162947647,4.19738285588984,0.9959144955797948,3.2109164218041806,0.7618552603755897,0.6267287727999965,0.9158440395466103,1 6 7 9,3 6 10 11,250,2026091604
80,6,12,4,495,3.1608086483030022,3.160808648303003,1.0000000000000002,2.3057365769566114,0.7294767996140898,0.6002217322357294,0.8625933506903727,5 6 8 11,5 6 8 11,250,2026091604
81,6,12,4,495,3.90212781320081,3.90212781320081,1.0,2.654381125028382,0.6802394109307929,0.5507950998536411,0.8451432540041142,0 6 7 10,0 6 7 10,250,2026091604
82,6,12,4,495,4.9175499474028115,4.917549947402813,1.0000000000000004,3.1476766642352376,0.6400904307840684,0.453221282433607,0.808808737145921,4 6 10 11,4 6 10 11,250,2026091604
83,6,12,4,495,4.770166965296031,4.770166965296031,1.0,3.7247209762342974,0.7808366045323835,0.6551337667571481,0.9007676934984318,1 2 4 5,1 2 4 5,250,2026091604
84,6,12,4,495,2.837103083959835,2.8371030839598346,0.9999999999999999,2.140387281372846,0.7544270398470821,0.6396059407931,0.865957561434754,2 8 9 10,2 8 9 10,250,2026091604
85,6,12,4,495,4.361599045909687,4.361599045909687,1.0,3.3516713204391198,0.7684501223427039,0.6593550995373237,0.8741150034211749,0 2 4 6,0 2 4 6,250,2026091604
86,6,12,4,495,5.229318124170621,5.229318124170621,1.0,3.443917544469905,0.6585787023649696,0.5297599940556335,0.7829765771701286,0 6 7 8,0 6 7 8,250,2026091604
87,6,12,4,495,4.514310121645076,4.514310121645076,1.0,3.3669079746317783,0.7458300125390658,0.6163137516164786,0.8895215059089314,0 1 2 11,0 1 2 11,250,2026091604
88,6,12,4,495,4.140078271638773,4.140078271638773,1.0,3.199623405597116,0.7728412835853475,0.6694854749995942,0.8880468099835113,2 6 10 11,2 6 10 11,250,2026091604
89,6,12,4,495,3.495782424033281,3.495782424033281,1.0,2.4642654880472,0.704925304019361,0.5829618404927593,0.8340365567617578,1 5 6 8,1 5 6 8,250,2026091604
90,6,12,4,495,5.392923747742526,5.392923747742526,1.0,3.4807228159026264,0.6454240739746514,0.5104748483924134,0.7825143387671681,1 2 5 7,1 2 5 7,250,2026091604
91,6,12,4,495,3.2920458862982986,3.2920458862982986,1.0,2.5335344518492984,0.7695926907926853,0.6414317723758731,0.9022430065373587,0 6 8 11,0 6 8 11,250,2026091604
92,6,12,4,495,4.334720159934924,4.334720159934924,1.0,3.2714220506217453,0.754702017643247,0.6447282233042809,0.8695025148214496,1 7 10 11,1 7 10 11,250,2026091604
93,6,12,4,495,4.131368891273079,4.131368891273079,1.0,3.133134164127886,0.758376762420364,0.6368944691462324,0.8701576931235504,0 2 4 9,0 2 4 9,250,2026091604
94,6,12,4,495,4.492729957186572,4.492729957186572,1.0,2.9042674254882788,0.6464371224543803,0.5012976664476914,0.8137219859545229,0 4 5 10,0 4 5 10,250,2026091604
95,6,12,4,495,5.514711555084562,5.5147115550845625,1.0000000000000002,3.743331105631486,0.6787900089135462,0.5277553044291419,0.8445791588419906,2 5 6 8,2 5 6 8,250,2026091604
96,6,12,4,495,5.176569293912624,5.176569293912624,1.0,2.9833175483832255,0.5763117190165796,0.39966482666605596,0.7801736389225159,3 5 8 9,3 5 8 9,250,2026091604
97,6,12,4,495,4.013581285319565,4.013581285319565,1.0,2.8582220551476727,0.7121375778789287,0.5889630980438009,0.8624558444635427,1 2 4 5,1 2 4 5,250,2026091604
98,6,12,4,495,3.3267024144066157,3.257888591285027,0.9793147043079106,2.2598451992622097,0.6793048844632827,0.5181997322053079,0.8115392853697623,0 4 6 11,0 1 4 11,250,2026091604
99,6,12,4,495,4.77226325727173,4.77226325727173,1.0,3.5102467255282446,0.7355517783264599,0.5981434488419971,0.8554573734829515,4 7 8 9,4 7 8 9,250,2026091604
100,6,12,4,495,3.9718243479562734,3.9718243479562734,1.0,2.722506162109014,0.6854548246852599,0.5453889812730973,0.834647536194905,0 3 6 11,0 3 6 11,250,2026091604
101,6,12,4,495,4.981812352076414,4.981812352076414,1.0,3.4766795367469836,0.6978744462942102,0.5533680616559086,0.8638402211987989,1 6 8 10,1 6 8 10,250,2026091604
102,6,12,4,495,4.755964055700248,4.7559640557002485,1.0000000000000002,3.2603032763793562,0.6855189059874683,0.5661120684638534,0.8089206581174906,1 2 3 5,1 2 3 5,250,2026091604
103,6,12,4,495,3.2824265900345964,3.2824265900345964,1.0,2.291224656905778,0.6980276920318356,0.5788090576343929,0.8360531917007179,1 7 10 11,1 7 10 11,250,2026091604
104,6,12,4,495,4.506112029628758,4.506112029628757,0.9999999999999998,3.3552265752218546,0.7445945758029187,0.6098153393280183,0.8641037839963528,1 5 8 11,1 5 8 11,250,2026091604
105,6,12,4,495,5.336082402561444,5.336082402561444,1.0,3.3492781035767187,0.6276661136209191,0.47113080202826785,0.7770925826269606,0 5 7 10,0 5 7 10,250,2026091604
106,6,12,4,495,4.331004667270115,4.331004667270115,1.0,2.978223445925386,0.6876518671134557,0.5389274540518207,0.8627296519024845,2 3 6 10,2 3 6 10,250,2026091604
107,6,12,4,495,3.280211149890367,3.280211149890367,1.0,2.394887593030463,0.7301016561420158,0.6022308596327429,0.8616784564485724,0 4 5 7,0 4 5 7,250,2026091604
108,6,12,4,495,4.624683382481251,4.62468338248125,0.9999999999999998,3.2454610454904556,0.7017693487481923,0.5666842580308666,0.8301519922918257,6 7 8 10,6 7 8 10,250,2026091604
109,6,12,4,495,4.0181907989999806,4.01819079899998,0.9999999999999998,2.9384299673104453,0.7312818415794843,0.5841400816033103,0.8632240001972891,2 5 9 11,2 5 9 11,250,2026091604
110,6,12,4,495,4.256605542158273,4.256605542158273,1.0,2.837495377662048,0.6666098959743687,0.5003627776091094,0.8114086204412067,0 2 4 10,0 2 4 10,250,2026091604
111,6,12,4,495,5.869588253340684,5.869588253340684,1.0,4.484021215344495,0.7639413570095669,0.648041417174031,0.8815277887107906,3 5 8 10,3 5 8 10,250,2026091604
112,6,12,4,495,4.7778964881724635,4.777896488172464,1.0000000000000002,3.186220861592421,0.6668668669318836,0.5057548763225138,0.8327391087325512,1 3 4 6,1 3 4 6,250,2026091604
113,6,12,4,495,4.029104564180395,4.029104564180397,1.0000000000000004,2.518251372645946,0.6250151448125079,0.43933479785516943,0.8242864901390645,2 7 10 11,2 7 10 11,250,2026091604
114,6,12,4,495,5.303007143476116,5.303007143476115,0.9999999999999997,3.300863491611837,0.6224512625204808,0.46575449747115877,0.801650255389396,0 4 8 10,0 4 8 10,250,2026091604
115,6,12,4,495,5.635419760430231,5.635419760430234,1.0000000000000004,4.263975690459953,0.7566385241433059,0.6539834432176542,0.8576386956902182,3 5 7 11,3 5 7 11,250,2026091604
116,6,12,4,495,3.600253882056568,3.5840336612868033,0.9954947008457916,2.6845375319936267,0.7456522845161526,0.5891046542742742,0.887461946492712,1 4 9 10,2 4 9 10,250,2026091604
117,6,12,4,495,2.880956187477771,2.880956187477771,1.0,2.2526281038410922,0.7819029368208582,0.6703836745604912,0.882197552993101,0 2 7 11,0 2 7 11,250,2026091604
118,6,12,4,495,3.5383845909574574,3.538384590957458,1.0000000000000002,2.6657183785749874,0.7533715767888495,0.627446264193745,0.8690320930209893,5 6 10 11,5 6 10 11,250,2026091604
119,6,12,4,495,4.96704906052343,4.967049060523431,1.0000000000000002,3.311073622255419,0.6666077950730964,0.5077910354148778,0.8195276013797258,0 2 5 10,0 2 5 10,250,2026091604
120,6,12,4,495,4.545947256240144,4.545947256240144,1.0,3.1384235406812904,0.6903783444414651,0.5643615846864972,0.8366774012474821,0 2 3 10,0 2 3 10,250,2026091604
121,6,12,4,495,3.9702710659303406,3.9702710659303406,1.0,2.473240216918681,0.6229398889516715,0.4561363294130284,0.8253506517182603,0 1 9 11,0 1 9 11,250,2026091604
122,6,12,4,495,4.260690210985104,4.260690210985105,1.0000000000000002,2.903766920955521,0.6815250058473854,0.5414977087388122,0.8275186971581343,3 6 7 11,3 6 7 11,250,2026091604
123,6,12,4,495,5.208336912489337,5.208336912489337,1.0,4.107362106790737,0.7886129825705943,0.6753737377587813,0.9001603076575473,2 5 7 10,2 5 7 10,250,2026091604
124,6,12,4,495,5.770083364899445,5.770083364899445,1.0,4.094927370518358,0.7096825316993873,0.5838102768402261,0.8460219824054497,1 2 6 10,1 2 6 10,250,2026091604
125,6,12,4,495,3.5966800025147725,3.596680002514773,1.0000000000000002,2.6581680981233475,0.7390616057766541,0.6004362008727769,0.8846752091873005,0 1 2 3,0 1 2 3,250,2026091604
126,6,12,4,495,5.380930820591136,5.380930820591136,1.0,3.657426082783314,0.6797013759752292,0.5282492512595489,0.8387589708947307,4 5 8 10,4 5 8 10,250,2026091604
127,6,12,4,495,4.472779887963458,4.472779887963458,1.0,2.8742979285609835,0.6426200261488177,0.4952469148880432,0.7828386518016648,1 2 8 11,1 2 8 11,250,2026091604
128,6,12,4,495,4.938735420717299,4.938735420717298,0.9999999999999998,3.459717705009022,0.7005270398766442,0.5478144706040226,0.8494847320099232,1 7 8 9,1 7 8 9,250,2026091604
129,6,12,4,495,3.7419581976180782,3.7419581976180782,1.0,2.7626526238608804,0.7382906162926755,0.6272895704377859,0.8406215715237284,2 4 8 9,2 4 8 9,250,2026091604
130,6,12,4,495,3.3254244318941293,3.3254244318941293,1.0,2.4001338793279454,0.7217526449581212,0.6281183602555562,0.8448876056213682,3 8 9 11,3 8 9 11,250,2026091604
131,6,12,4,495,4.226653275365303,4.224935841369987,0.9995936657484243,2.9052007722103936,0.6873525181597259,0.5249264825483335,0.8556074419867495,1 3 9 11,0 1 3 9,250,2026091604
132,6,12,4,495,3.115023124897622,3.115023124897622,1.0,2.3668320156019873,0.7598120208753748,0.6564448142183779,0.8927448627426473,2 3 5 10,2 3 5 10,250,2026091604
133,6,12,4,495,5.434986595265358,5.434986595265358,1.0,4.006005950222666,0.737077429724015,0.6050368915679005,0.8598419544338857,0 5 7 8,0 5 7 8,250,2026091604
134,6,12,4,495,5.116778115999975,5.116778115999976,1.0000000000000002,3.5068996354888426,0.6853726223779174,0.5238284629698906,0.8619288117452255,2 4 8 9,2 4 8 9,250,2026091604
135,6,12,4,495,4.820115291937267,4.645172844475461,0.9637057545585193,3.858038997198485,0.8004038832124883,0.6994754152920659,0.8880056533373446,2 3 7 11,2 3 4 11,250,2026091604
136,6,12,4,495,2.6307532261786406,2.6307532261786415,1.0000000000000004,1.799618285005988,0.6840695915899585,0.5403112042966406,0.8257949128475951,1 4 5 7,1 4 5 7,250,2026091604
137,6,12,4,495,4.254669010063605,4.254669010063605,1.0,3.169200903554818,0.7448760164559642,0.6138633057586692,0.8776494680556498,1 4 7 11,1 4 7 11,250,2026091604
138,6,12,4,495,4.20830929695672,4.20830929695672,1.0,3.272106096275221,0.7775346024688529,0.6522099613544815,0.9045755723962272,3 5 7 9,3 5 7 9,250,2026091604
139,6,12,4,495,3.692186948502833,3.692186948502833,1.0,2.621529536253614,0.710020801443067,0.586614065191192,0.8341579603073686,3 6 8 10,3 6 8 10,250,2026091604
140,6,12,4,495,5.161515514279742,5.161515514279743,1.0000000000000002,3.5237743835154642,0.6827014999309142,0.5063834824036969,0.8548334701662531,0 4 6 10,0 4 6 10,250,2026091604
141,6,12,4,495,4.119923917881795,4.1199239178817955,1.0000000000000002,3.1292308568284892,0.7595360786267485,0.6319517033655736,0.8806765195227001,1 2 9 11,1 2 9 11,250,2026091604
142,6,12,4,495,4.90556992673931,4.694945842147751,0.9570642987997199,3.659319010732418,0.7459518599023898,0.6244864771242086,0.8616334977178681,1 3 6 9,1 6 7 9,250,2026091604
143,6,12,4,495,4.3284914216053885,4.328491421605388,0.9999999999999998,3.1560067929412154,0.7291239569491136,0.6117922387110045,0.8544617722573417,2 3 9 10,2 3 9 10,250,2026091604
144,6,12,4,495,4.177930532780497,4.177930532780497,1.0,2.6445845847241913,0.6329891231973566,0.46415582273148115,0.7957917334637397,0 2 10 11,0 2 10 11,250,2026091604
145,6,12,4,495,3.7936697090169162,3.7936697090169162,1.0,2.6290060422151154,0.6929981373882943,0.5606422447273254,0.8229595750211643,3 8 9 10,3 8 9 10,250,2026091604
146,6,12,4,495,4.184330531486741,4.184330531486741,1.0,2.662170739894459,0.636223816417428,0.4564522464379654,0.8043883920365038,0 1 7 9,0 1 7 9,250,2026091604
147,6,12,4,495,3.175460201402783,3.175460201402783,1.0,2.4133360804558057,0.7599956942901366,0.6500782724370631,0.8760999197770203,1 6 7 8,1 6 7 8,250,2026091604
148,6,12,4,495,4.7642378108042465,4.764237810804245,0.9999999999999997,3.1098446314601027,0.6527475652889655,0.4811892513531725,0.8158650378531717,2 6 8 10,2 6 8 10,250,2026091604
149,6,12,4,495,3.926370210453424,3.926370210453424,1.0,2.6349459335703678,0.6710895285816871,0.5288828033120758,0.8092736254988738,1 3 7 10,1 3 7 10,250,2026091604
150,6,12,4,495,3.3368867375063873,3.336886737506388,1.0000000000000002,2.594982409320018,0.7776657146173367,0.6652552126612686,0.8871492346753563,3 4 5 10,3 4 5 10,250,2026091604
151,6,12,4,495,4.209777103962425,4.209777103962425,1.0,2.7439820059167492,0.6518117083524433,0.4629825359289103,0.8392963083942182,0 4 6 8,0 4 6 8,250,2026091604
152,6,12,4,495,5.348688917692574,5.348688917692573,0.9999999999999999,3.8217428906589404,0.7145195672190338,0.5643394558812679,0.8760255988939288,0 6 8 10,0 6 8 10,250,2026091604
153,6,12,4,495,3.919969361847707,3.919969361847707,1.0,2.7926771243651554,0.7124232019631923,0.599157507136503,0.844438948579886,3 7 9 10,3 7 9 10,250,2026091604
154,6,12,4,495,3.7907061973034977,3.790706197303498,1.0000000000000002,2.876080611500761,0.7587189462339888,0.6237208625298302,0.8949109912010813,1 3 4 7,1 3 4 7,250,2026091604
155,6,12,4,495,4.685723158338245,4.685723158338245,1.0,3.226246213039627,0.6885268514633694,0.5622136074216747,0.8322165034453438,0 5 6 8,0 5 6 8,250,2026091604
156,6,12,4,495,4.909332947871977,4.909332947871978,1.0000000000000002,3.249102218807291,0.661821525104681,0.4840391269083768,0.8397145758452328,1 2 3 9,1 2 3 9,250,2026091604
157,6,12,4,495,3.969006294538649,3.930930813536228,0.9904067975264206,3.0528839578619786,0.7691809312730861,0.6250097926172472,0.9023604135283492,2 9 10 11,1 2 9 11,250,2026091604
158,6,12,4,495,4.9114155160426485,4.9114155160426485,1.0,3.3302177429806274,0.6780566075305181,0.5273133224876086,0.8424758596459929,4 5 7 11,4 5 7 11,250,2026091604
159,6,12,4,495,4.017684722900315,4.017684722900315,1.0,2.7303837641508615,0.6795913448827894,0.5465637053267349,0.8302581641755944,0 1 2 3,0 1 2 3,250,2026091604
160,6,12,4,495,3.7909024091455494,3.784118986411646,0.9982106047579757,3.0997302973020413,0.817676099976603,0.7025902549447665,0.9260760411821853,2 3 8 10,2 6 8 10,250,2026091604
161,6,12,4,495,4.641976721851749,4.641976721851749,1.0,2.8653465036264625,0.6172686067420511,0.4624479622213406,0.7708160469837841,0 2 3 9,0 2 3 9,250,2026091604
162,6,12,4,495,4.072438536930376,4.072438536930376,1.0,3.0413384534637933,0.7468101546245115,0.6165233049663184,0.8737155995329079,1 8 10 11,1 8 10 11,250,2026091604
163,6,12,4,495,4.479533325001547,4.479533325001547,1.0,3.238205794080937,0.7228890956135073,0.5782193799368188,0.8444070012419364,1 2 8 11,1 2 8 11,250,2026091604
164,6,12,4,495,5.567422452173495,5.567422452173495,1.0,3.6635325646388464,0.6580302817165635,0.5173927064608147,0.8212422566976539,0 2 7 9,0 2 7 9,250,2026091604
165,6,12,4,495,4.480830140027101,4.480830140027103,1.0000000000000004,3.398923288406781,0.7585476758077295,0.6225466010470647,0.8938707157904603,0 1 4 9,0 1 4 9,250,2026091604
166,6,12,4,495,4.507838358913864,4.507838358913865,1.0000000000000002,3.3733945617089804,0.7483397347285936,0.6401966945381401,0.8666362654458154,4 6 10 11,4 6 10 11,250,2026091604
167,6,12,4,495,4.0808185973914455,4.0808185973914455,1.0,2.4790984645787693,0.607500285889568,0.4484049236572666,0.8094461499804191,0 3 5 6,0 3 5 6,250,2026091604
168,6,12,4,495,4.066081759345128,4.066081759345128,1.0,2.8797254497076836,0.7082310735855654,0.5893970403752744,0.8343537270149106,2 3 5 7,2 3 5 7,250,2026091604
169,6,12,4,495,6.069818563843119,6.069818563843119,1.0,3.9647828144507535,0.6531962648880962,0.509533207141098,0.7944817325819132,3 4 5 7,3 4 5 7,250,2026091604
170,6,12,4,495,4.336318384835526,4.336318384835526,1.0,2.9479016748123903,0.6798167046777407,0.5611532463683707,0.809636113395155,1 9 10 11,1 9 10 11,250,2026091604
171,6,12,4,495,4.691535744468166,4.691535744468166,1.0,3.4644851238671843,0.7384543809459815,0.6112551835720267,0.8493580499510995,0 4 7 10,0 4 7 10,250,2026091604
172,6,12,4,495,4.9359154954772615,4.935915495477262,1.0000000000000002,3.057164245958008,0.619371269374296,0.4492523751432623,0.7942349365248275,4 7 8 9,4 7 8 9,250,2026091604
173,6,12,4,495,3.927777545445685,3.927777545445685,1.0,2.9041776790756586,0.7393946437835041,0.6354834229909225,0.8685766332466126,0 1 2 8,0 1 2 8,250,2026091604
174,6,12,4,495,4.59171227007325,4.591712270073251,1.0000000000000002,3.410617255970179,0.742776780287187,0.6337080499572005,0.8490477064571479,5 7 9 11,5 7 9 11,250,2026091604
175,6,12,4,495,5.517996569179481,5.5179965691794814,1.0000000000000002,3.839788706491726,0.6958664541291474,0.5489209126240803,0.8338579159588674,3 4 10 11,3 4 10 11,250,2026091604
176,6,12,4,495,3.037881779964305,3.037881779964305,1.0,2.0184139784831743,0.6644149195650696,0.49941087471773205,0.8087685464848459,2 4 7 10,2 4 7 10,250,2026091604
177,6,12,4,495,5.413192928199164,5.413192928199162,0.9999999999999997,3.5381344569355058,0.6536132193818844,0.4948432957401199,0.8287541454740117,3 4 6 9,3 4 6 9,250,2026091604
178,6,12,4,495,5.01203523302185,5.01203523302185,1.0,2.971310112049909,0.5928350408379812,0.4244547013710115,0.7577607008524789,2 4 6 10,2 4 6 10,250,2026091604
179,6,12,4,495,5.445736903678761,5.445736903678761,1.0,3.930050310234537,0.7216746566621073,0.6024185126149026,0.8583506677381565,0 1 2 8,0 1 2 8,250,2026091604
180,6,12,4,495,4.972105322548963,4.972105322548963,1.0,3.2429341036705717,0.6522255449745931,0.48534692380925437,0.8283671543482838,1 7 9 11,1 7 9 11,250,2026091604
181,6,12,4,495,3.943378455995864,3.943378455995864,1.0,2.9120390749630363,0.7384629975181085,0.6010509809813283,0.883012274970232,0 1 3 8,0 1 3 8,250,2026091604
182,6,12,4,495,3.4675888747982504,3.4675888747982504,1.0,2.4232181575257474,0.6988193367262243,0.542683874330008,0.8412589611350388,4 6 7 10,4 6 7 10,250,2026091604
183,6,12,4,495,4.969523984430123,4.969523984430123,1.0,3.1436677436510454,0.6325893090566388,0.46692420809735224,0.8089094602038069,2 7 9 11,2 7 9 11,250,2026091604
184,6,12,4,495,3.974911075033471,3.9749110750334706,0.9999999999999999,2.6069620534161824,0.6558541824471456,0.5154510093853766,0.8178981151412217,0 2 7 11,0 2 7 11,250,2026091604
185,6,12,4,495,4.051788753288713,4.051788753288713,1.0,2.824982196113752,0.6972185294262441,0.5914798977738402,0.8142067126798587,1 2 5 10,1 2 5 10,250,2026091604
186,6,12,4,495,4.7909890723259725,4.7909890723259725,1.0,2.93805138605094,0.6132452697548209,0.47674995860560243,0.7650833332606763,3 6 7 10,3 6 7 10,250,2026091604
187,6,12,4,495,3.938408900948603,3.938408900948603,1.0,2.699480133704124,0.6854240383861434,0.5237700300786257,0.8660083639327816,3 4 6 8,3 4 6 8,250,2026091604
188,6,12,4,495,4.876392371126091,4.876392371126091,1.0,2.8591700323680262,0.5863289527925675,0.4119032372339914,0.7700346924858001,4 6 7 8,4 6 7 8,250,2026091604
189,6,12,4,495,4.083441194445181,4.083441194445182,1.0000000000000002,2.639783453762863,0.6464605042810053,0.4714012151781621,0.8075675958468084,0 1 2 8,0 1 2 8,250,2026091604
190,6,12,4,495,3.2526247470400818,3.2526247470400818,1.0,2.1084622534043254,0.6482340931959782,0.4772521386543797,0.857955788414604,1 5 6 7,1 5 6 7,250,2026091604
191,6,12,4,495,3.5852518098151642,3.5852518098151642,1.0,2.327417809712945,0.6491643915613654,0.47611304487613204,0.7994626078127747,2 3 7 10,2 3 7 10,250,2026091604
192,6,12,4,495,5.009458879053037,5.009458879053037,1.0,3.82243970669078,0.7630444323386392,0.6823331378278322,0.8694506196230853,1 3 4 6,1 3 4 6,250,2026091604
193,6,12,4,495,3.109272180406605,3.106934209204759,0.9992480647990295,2.5183745769393147,0.8099562954987046,0.672955233776031,0.9366645267064257,0 1 3 10,0 5 8 10,250,2026091604
194,6,12,4,495,4.1051737045803804,4.014562282905576,0.9779275060702781,3.0665284205610495,0.7469911485449557,0.6077812983549687,0.8852523562213593,2 6 7 9,2 3 10 11,250,2026091604
195,6,12,4,495,3.0846198752483867,3.0846198752483867,1.0,2.2821727586710714,0.7398554282113289,0.6372766696872254,0.838023555460176,2 4 10 11,2 4 10 11,250,2026091604
196,6,12,4,495,3.2676023337282505,3.2676023337282505,1.0,2.344438760247294,0.71747982796069,0.581062227789481,0.8517035381007528,3 6 8 9,3 6 8 9,250,2026091604
197,6,12,4,495,4.603882622342948,4.603882622342948,1.0,3.7003015295806247,0.8037349848197294,0.6997101585905459,0.905015748604362,1 2 5 8,1 2 5 8,250,2026091604
198,6,12,4,495,4.519838171026054,4.519838171026054,1.0,3.4770581563810135,0.7692881967921613,0.6486651085056198,0.8893642164501584,0 4 9 10,0 4 9 10,250,2026091604
199,6,12,4,495,4.42155455660736,4.420534175083478,0.9997692256171856,3.1848262925691073,0.7202956000644288,0.5873794395565872,0.8496277961493728,2 5 7 11,1 5 7 11,250,2026091604
